suite,comparison,arm,layer,alpha,sample_id,correct,text_tokens,n_generated_tokens,n_content_tokens,stop_reason,truncated,text_tokens_whitespace,distinct_2gram_ratio,distinct_4gram_ratio,repeated_4gram_fraction,answer_marker_position,answer_marker_relative_position
label_efficiency,k000_source_transfer,baseline,0,0,200,True,235,236,235,eos,False,148,0.7074829932,0.8620689655,0.1379310345,146,0.9864864865
label_efficiency,k000_source_transfer,baseline,0,0,201,True,371,372,371,eos,False,207,0.8300970874,0.9607843137,0.03921568627,203,0.9806763285
label_efficiency,k000_source_transfer,baseline,0,0,202,True,159,160,159,eos,False,120,0.8655462185,0.9914529915,0.008547008547,112,0.9333333333
label_efficiency,k000_source_transfer,baseline,0,0,203,True,302,303,302,eos,False,192,0.8534031414,0.9841269841,0.01587301587,191,0.9947916667
label_efficiency,k000_source_transfer,baseline,0,0,204,True,355,356,355,eos,False,207,0.7912621359,0.9166666667,0.08333333333,106,0.5120772947
label_efficiency,k000_source_transfer,baseline,0,0,205,False,384,385,384,eos,False,223,0.8513513514,0.9954545455,0.004545454545,212,0.9506726457
label_efficiency,k000_source_transfer,baseline,0,0,206,False,213,214,213,eos,False,128,0.7637795276,0.92,0.08,65,0.5078125
label_efficiency,k000_source_transfer,baseline,0,0,207,True,225,226,225,eos,False,124,0.8455284553,0.9669421488,0.03305785124,119,0.9596774194
label_efficiency,k000_source_transfer,baseline,0,0,208,True,190,191,190,eos,False,134,0.6992481203,0.8778625954,0.1221374046,133,0.9925373134
label_efficiency,k000_source_transfer,baseline,0,0,209,False,512,512,512,max_new_tokens,True,336,0.8029850746,0.9129129129,0.08708708709,231,0.6875
label_efficiency,k000_source_transfer,baseline,0,0,210,True,356,357,356,eos,False,239,0.8067226891,0.9661016949,0.03389830508,238,0.9958158996
label_efficiency,k000_source_transfer,baseline,0,0,211,True,389,390,389,eos,False,257,0.73046875,0.9212598425,0.07874015748,195,0.7587548638
label_efficiency,k000_source_transfer,baseline,0,0,212,True,328,329,328,eos,False,255,0.905511811,0.9603174603,0.03968253968,156,0.6117647059
label_efficiency,k000_source_transfer,baseline,0,0,213,False,512,512,512,max_new_tokens,True,344,0.6909620991,0.8387096774,0.1612903226,,
label_efficiency,k000_source_transfer,baseline,0,0,214,False,500,501,500,eos,False,338,0.7210682493,0.8985074627,0.1014925373,175,0.5177514793
label_efficiency,k000_source_transfer,baseline,0,0,215,True,146,147,146,eos,False,80,0.9240506329,0.987012987,0.01298701299,70,0.875
label_efficiency,k000_source_transfer,baseline,0,0,216,False,441,442,441,eos,False,227,0.7743362832,0.9508928571,0.04910714286,226,0.9955947137
label_efficiency,k000_source_transfer,baseline,0,0,217,True,214,215,214,eos,False,156,0.7870967742,0.9477124183,0.0522875817,155,0.9935897436
label_efficiency,k000_source_transfer,baseline,0,0,218,True,426,427,426,eos,False,266,0.6679245283,0.9125475285,0.08745247148,265,0.9962406015
label_efficiency,k000_source_transfer,baseline,0,0,219,True,365,366,365,eos,False,222,0.8054298643,0.9817351598,0.01826484018,220,0.990990991
label_efficiency,k000_source_transfer,baseline,0,0,220,False,159,160,159,eos,False,94,0.8602150538,0.956043956,0.04395604396,55,0.585106383
label_efficiency,k000_source_transfer,baseline,0,0,221,True,253,254,253,eos,False,150,0.7382550336,0.9523809524,0.04761904762,148,0.9866666667
label_efficiency,k000_source_transfer,baseline,0,0,222,True,278,279,278,eos,False,140,0.726618705,0.9270072993,0.07299270073,139,0.9928571429
label_efficiency,k000_source_transfer,baseline,0,0,223,True,218,219,218,eos,False,113,0.8214285714,0.9454545455,0.05454545455,112,0.9911504425
label_efficiency,k000_source_transfer,baseline,0,0,224,True,216,217,216,eos,False,147,0.7602739726,0.9097222222,0.09027777778,146,0.9931972789
label_efficiency,k000_source_transfer,baseline,0,0,225,False,360,361,360,eos,False,229,0.8245614035,0.9734513274,0.02654867257,228,0.9956331878
label_efficiency,k000_source_transfer,baseline,0,0,226,True,444,445,444,eos,False,196,0.9435897436,0.9896373057,0.0103626943,195,0.9948979592
label_efficiency,k000_source_transfer,baseline,0,0,227,False,217,218,217,eos,False,115,0.9385964912,1,0,114,0.9913043478
label_efficiency,k000_source_transfer,baseline,0,0,228,False,283,284,283,eos,False,199,0.7424242424,0.9387755102,0.0612244898,169,0.8492462312
label_efficiency,k000_source_transfer,baseline,0,0,229,True,374,375,374,eos,False,188,0.7647058824,0.8810810811,0.1189189189,187,0.9946808511
label_efficiency,k000_source_transfer,baseline,0,0,230,True,206,207,206,eos,False,101,0.75,0.8979591837,0.1020408163,96,0.9504950495
label_efficiency,k000_source_transfer,baseline,0,0,231,True,158,159,158,eos,False,111,0.8090909091,0.9444444444,0.05555555556,110,0.990990991
label_efficiency,k000_source_transfer,baseline,0,0,232,True,115,116,115,eos,False,85,0.8214285714,0.9390243902,0.06097560976,84,0.9882352941
label_efficiency,k000_source_transfer,baseline,0,0,233,False,259,260,259,eos,False,152,0.8013245033,0.9731543624,0.02684563758,151,0.9934210526
label_efficiency,k000_source_transfer,baseline,0,0,234,False,242,243,242,eos,False,167,0.8192771084,0.9573170732,0.04268292683,150,0.8982035928
label_efficiency,k000_source_transfer,baseline,0,0,235,True,189,190,189,eos,False,108,0.9158878505,1,0,106,0.9814814815
label_efficiency,k000_source_transfer,baseline,0,0,236,False,512,512,512,max_new_tokens,True,316,0.8063492063,0.9616613419,0.03833865815,,
label_efficiency,k000_source_transfer,baseline,0,0,237,True,114,115,114,eos,False,75,0.9324324324,0.9722222222,0.02777777778,74,0.9866666667
label_efficiency,k000_source_transfer,baseline,0,0,238,True,262,263,262,eos,False,171,0.8529411765,0.9464285714,0.05357142857,157,0.918128655
label_efficiency,k000_source_transfer,baseline,0,0,239,True,375,376,375,eos,False,209,0.7019230769,0.927184466,0.07281553398,208,0.995215311
label_efficiency,k000_source_transfer,baseline,0,0,240,True,311,312,311,eos,False,205,0.7794117647,0.9752475248,0.02475247525,204,0.9951219512
label_efficiency,k000_source_transfer,baseline,0,0,241,False,188,189,188,eos,False,112,0.7747747748,0.9266055046,0.07339449541,111,0.9910714286
label_efficiency,k000_source_transfer,baseline,0,0,242,False,382,383,382,eos,False,215,0.9158878505,0.9905660377,0.009433962264,214,0.9953488372
label_efficiency,k000_source_transfer,baseline,0,0,243,True,331,332,331,eos,False,202,0.6517412935,0.8693467337,0.1306532663,201,0.995049505
label_efficiency,k000_source_transfer,baseline,0,0,244,True,323,324,323,eos,False,176,0.8685714286,0.9768786127,0.02312138728,174,0.9886363636
label_efficiency,k000_source_transfer,baseline,0,0,245,False,512,512,512,max_new_tokens,True,349,0.6350574713,0.8497109827,0.1502890173,109,0.3123209169
label_efficiency,k000_source_transfer,baseline,0,0,246,True,295,296,295,eos,False,160,0.8867924528,0.9872611465,0.0127388535,159,0.99375
label_efficiency,k000_source_transfer,baseline,0,0,247,True,240,241,240,eos,False,140,0.9136690647,1,0,131,0.9357142857
label_efficiency,k000_source_transfer,baseline,0,0,248,True,148,149,148,eos,False,85,0.9166666667,1,0,81,0.9529411765
label_efficiency,k000_source_transfer,baseline,0,0,249,False,366,367,366,eos,False,220,0.7214611872,0.8986175115,0.1013824885,219,0.9954545455
label_efficiency,k000_source_transfer,baseline,0,0,250,False,305,306,305,eos,False,199,0.7222222222,0.9132653061,0.08673469388,198,0.9949748744
label_efficiency,k000_source_transfer,baseline,0,0,251,False,66,67,66,eos,False,45,0.9090909091,0.9523809524,0.04761904762,44,0.9777777778
label_efficiency,k000_source_transfer,baseline,0,0,252,False,291,292,291,eos,False,180,0.7765363128,0.9774011299,0.02259887006,179,0.9944444444
label_efficiency,k000_source_transfer,baseline,0,0,253,False,99,100,99,eos,False,52,0.8823529412,0.9795918367,0.02040816327,51,0.9807692308
label_efficiency,k000_source_transfer,baseline,0,0,254,False,382,383,382,eos,False,196,0.7076923077,0.8497409326,0.1502590674,195,0.9948979592
label_efficiency,k000_source_transfer,baseline,0,0,255,False,369,370,369,eos,False,223,0.7837837838,0.95,0.05,222,0.9955156951
label_efficiency,k000_source_transfer,baseline,0,0,256,True,263,264,263,eos,False,149,0.7702702703,0.9109589041,0.08904109589,148,0.9932885906
label_efficiency,k000_source_transfer,baseline,0,0,257,True,346,347,346,eos,False,179,0.8146067416,0.9829545455,0.01704545455,177,0.9888268156
label_efficiency,k000_source_transfer,baseline,0,0,258,True,192,193,192,eos,False,123,0.8360655738,0.9583333333,0.04166666667,122,0.9918699187
label_efficiency,k000_source_transfer,baseline,0,0,259,False,232,233,232,eos,False,146,0.7586206897,0.965034965,0.03496503497,145,0.9931506849
label_efficiency,k000_source_transfer,baseline,0,0,260,True,201,202,201,eos,False,123,0.9098360656,0.9916666667,0.008333333333,122,0.9918699187
label_efficiency,k000_source_transfer,baseline,0,0,261,True,259,260,259,eos,False,125,0.8387096774,0.9590163934,0.04098360656,124,0.992
label_efficiency,k000_source_transfer,baseline,0,0,262,True,193,194,193,eos,False,115,0.9210526316,1,0,114,0.9913043478
label_efficiency,k000_source_transfer,baseline,0,0,263,False,102,103,102,eos,False,44,0.9069767442,0.9512195122,0.0487804878,38,0.8636363636
label_efficiency,k000_source_transfer,baseline,0,0,264,True,156,157,156,eos,False,87,0.9302325581,1,0,86,0.9885057471
label_efficiency,k000_source_transfer,baseline,0,0,265,False,432,433,432,eos,False,192,0.6282722513,0.8888888889,0.1111111111,186,0.96875
label_efficiency,k000_source_transfer,baseline,0,0,266,True,353,354,353,eos,False,186,0.6486486486,0.8852459016,0.1147540984,185,0.9946236559
label_efficiency,k000_source_transfer,baseline,0,0,267,False,274,275,274,eos,False,187,0.752688172,0.9293478261,0.07065217391,185,0.9893048128
label_efficiency,k000_source_transfer,baseline,0,0,268,True,195,196,195,eos,False,130,0.7519379845,0.8818897638,0.1181102362,124,0.9538461538
label_efficiency,k000_source_transfer,baseline,0,0,269,True,155,156,155,eos,False,94,0.8602150538,0.978021978,0.02197802198,93,0.9893617021
label_efficiency,k000_source_transfer,baseline,0,0,270,True,300,301,300,eos,False,166,0.6727272727,0.8588957055,0.1411042945,165,0.9939759036
label_efficiency,k000_source_transfer,baseline,0,0,271,False,106,107,106,eos,False,72,0.9436619718,1,0,65,0.9027777778
label_efficiency,k000_source_transfer,baseline,0,0,272,True,191,192,191,eos,False,106,0.8761904762,0.9708737864,0.02912621359,105,0.9905660377
label_efficiency,k000_source_transfer,baseline,0,0,273,False,274,275,274,eos,False,163,0.8148148148,0.96875,0.03125,154,0.9447852761
label_efficiency,k000_source_transfer,baseline,0,0,274,True,378,379,378,eos,False,227,0.5486725664,0.71875,0.28125,226,0.9955947137
label_efficiency,k000_source_transfer,baseline,0,0,275,False,512,512,512,max_new_tokens,True,304,0.5115511551,0.7508305648,0.2491694352,,
label_efficiency,k000_source_transfer,baseline,0,0,276,True,360,361,360,eos,False,222,0.6334841629,0.8675799087,0.1324200913,221,0.9954954955
label_efficiency,k000_source_transfer,baseline,0,0,277,False,194,195,194,eos,False,109,0.8703703704,0.9528301887,0.04716981132,47,0.4311926606
label_efficiency,k000_source_transfer,baseline,0,0,278,True,272,273,272,eos,False,193,0.8958333333,0.9842105263,0.01578947368,88,0.4559585492
label_efficiency,k000_source_transfer,baseline,0,0,279,True,318,319,318,eos,False,219,0.7844036697,0.9305555556,0.06944444444,218,0.99543379
label_efficiency,k000_source_transfer,baseline,0,0,280,True,109,110,109,eos,False,73,0.9722222222,1,0,72,0.9863013699
label_efficiency,k000_source_transfer,baseline,0,0,281,False,512,512,512,max_new_tokens,True,271,0.7185185185,0.8880597015,0.1119402985,,
label_efficiency,k000_source_transfer,baseline,0,0,282,True,294,295,294,eos,False,171,0.8294117647,0.9642857143,0.03571428571,167,0.9766081871
label_efficiency,k000_source_transfer,baseline,0,0,283,True,277,278,277,eos,False,171,0.8588235294,1,0,170,0.9941520468
label_efficiency,k000_source_transfer,baseline,0,0,284,True,289,290,289,eos,False,178,0.6836158192,0.8628571429,0.1371428571,177,0.9943820225
label_efficiency,k000_source_transfer,baseline,0,0,285,True,226,227,226,eos,False,145,0.8541666667,0.9929577465,0.007042253521,144,0.9931034483
label_efficiency,k000_source_transfer,baseline,0,0,286,False,151,152,151,eos,False,88,0.9540229885,1,0,87,0.9886363636
label_efficiency,k000_source_transfer,baseline,0,0,287,True,312,313,312,eos,False,202,0.815920398,0.9698492462,0.03015075377,201,0.995049505
label_efficiency,k000_source_transfer,baseline,0,0,288,True,185,186,185,eos,False,108,0.9065420561,0.9904761905,0.009523809524,107,0.9907407407
label_efficiency,k000_source_transfer,baseline,0,0,289,True,289,290,289,eos,False,167,0.8012048193,0.9512195122,0.0487804878,161,0.9640718563
label_efficiency,k000_source_transfer,baseline,0,0,290,True,500,501,500,eos,False,333,0.5873493976,0.8151515152,0.1848484848,175,0.5255255255
label_efficiency,k000_source_transfer,baseline,0,0,291,True,253,254,253,eos,False,163,0.8024691358,0.95625,0.04375,160,0.981595092
label_efficiency,k000_source_transfer,baseline,0,0,292,False,327,328,327,eos,False,170,0.8875739645,0.994011976,0.005988023952,169,0.9941176471
label_efficiency,k000_source_transfer,baseline,0,0,293,False,343,344,343,eos,False,209,0.8221153846,0.9466019417,0.05339805825,208,0.995215311
label_efficiency,k000_source_transfer,baseline,0,0,294,False,373,374,373,eos,False,193,0.859375,0.9684210526,0.03157894737,192,0.9948186528
label_efficiency,k000_source_transfer,baseline,0,0,295,True,304,305,304,eos,False,151,0.7533333333,0.9054054054,0.09459459459,133,0.880794702
label_efficiency,k000_source_transfer,baseline,0,0,296,True,262,263,262,eos,False,186,0.8108108108,0.9453551913,0.05464480874,185,0.9946236559
label_efficiency,k000_source_transfer,baseline,0,0,297,True,295,296,295,eos,False,179,0.8314606742,0.9829545455,0.01704545455,171,0.9553072626
label_efficiency,k000_source_transfer,baseline,0,0,298,False,213,214,213,eos,False,118,0.9230769231,1,0,116,0.9830508475
label_efficiency,k000_source_transfer,baseline,0,0,299,False,242,243,242,eos,False,161,0.80625,0.9620253165,0.03797468354,160,0.9937888199
label_efficiency,k000_source_transfer,target_labels_k000_source_transfer,20,0.1,200,True,128,129,128,eos,False,89,0.7840909091,0.9069767442,0.09302325581,83,0.9325842697
label_efficiency,k000_source_transfer,target_labels_k000_source_transfer,20,0.1,201,True,414,415,414,eos,False,258,0.813229572,0.9725490196,0.02745098039,257,0.996124031
label_efficiency,k000_source_transfer,target_labels_k000_source_transfer,20,0.1,202,True,119,120,119,eos,False,64,0.9682539683,1,0,57,0.890625
label_efficiency,k000_source_transfer,target_labels_k000_source_transfer,20,0.1,203,True,305,306,305,eos,False,186,0.8594594595,0.9945355191,0.005464480874,185,0.9946236559
label_efficiency,k000_source_transfer,target_labels_k000_source_transfer,20,0.1,204,True,174,175,174,eos,False,117,0.8189655172,0.9385964912,0.06140350877,116,0.9914529915
label_efficiency,k000_source_transfer,target_labels_k000_source_transfer,20,0.1,205,False,329,330,329,eos,False,200,0.7738693467,0.9137055838,0.08629441624,120,0.6
label_efficiency,k000_source_transfer,target_labels_k000_source_transfer,20,0.1,206,True,206,207,206,eos,False,140,0.7841726619,0.9270072993,0.07299270073,134,0.9571428571
label_efficiency,k000_source_transfer,target_labels_k000_source_transfer,20,0.1,207,True,232,233,232,eos,False,127,0.8174603175,0.9677419355,0.03225806452,121,0.9527559055
label_efficiency,k000_source_transfer,target_labels_k000_source_transfer,20,0.1,208,True,191,192,191,eos,False,134,0.7067669173,0.8778625954,0.1221374046,133,0.9925373134
label_efficiency,k000_source_transfer,target_labels_k000_source_transfer,20,0.1,209,False,326,327,326,eos,False,161,0.85,0.9873417722,0.01265822785,159,0.9875776398
label_efficiency,k000_source_transfer,target_labels_k000_source_transfer,20,0.1,210,True,392,393,392,eos,False,269,0.7276119403,0.9097744361,0.09022556391,268,0.9962825279
label_efficiency,k000_source_transfer,target_labels_k000_source_transfer,20,0.1,211,True,385,386,385,eos,False,258,0.7315175097,0.9215686275,0.07843137255,257,0.996124031
label_efficiency,k000_source_transfer,target_labels_k000_source_transfer,20,0.1,212,True,387,388,387,eos,False,310,0.9449838188,0.996742671,0.00325732899,170,0.5483870968
label_efficiency,k000_source_transfer,target_labels_k000_source_transfer,20,0.1,213,False,245,246,245,eos,False,140,0.7410071942,0.9270072993,0.07299270073,139,0.9928571429
label_efficiency,k000_source_transfer,target_labels_k000_source_transfer,20,0.1,214,False,512,512,512,max_new_tokens,True,395,0.8553299492,0.9668367347,0.03316326531,160,0.4050632911
label_efficiency,k000_source_transfer,target_labels_k000_source_transfer,20,0.1,215,True,142,143,142,eos,False,94,0.8494623656,0.989010989,0.01098901099,84,0.8936170213
label_efficiency,k000_source_transfer,target_labels_k000_source_transfer,20,0.1,216,False,367,368,367,eos,False,205,0.7156862745,0.9207920792,0.07920792079,204,0.9951219512
label_efficiency,k000_source_transfer,target_labels_k000_source_transfer,20,0.1,217,True,217,218,217,eos,False,159,0.7721518987,0.9423076923,0.05769230769,158,0.9937106918
label_efficiency,k000_source_transfer,target_labels_k000_source_transfer,20,0.1,218,True,417,418,417,eos,False,250,0.7068273092,0.9230769231,0.07692307692,249,0.996
label_efficiency,k000_source_transfer,target_labels_k000_source_transfer,20,0.1,219,True,330,331,330,eos,False,199,0.7525252525,0.9387755102,0.0612244898,197,0.9899497487
label_efficiency,k000_source_transfer,target_labels_k000_source_transfer,20,0.1,220,False,153,154,153,eos,False,89,0.875,0.9651162791,0.03488372093,46,0.5168539326
label_efficiency,k000_source_transfer,target_labels_k000_source_transfer,20,0.1,221,True,253,254,253,eos,False,149,0.7364864865,0.9520547945,0.04794520548,147,0.9865771812
label_efficiency,k000_source_transfer,target_labels_k000_source_transfer,20,0.1,222,True,277,278,277,eos,False,139,0.7173913043,0.9264705882,0.07352941176,138,0.9928057554
label_efficiency,k000_source_transfer,target_labels_k000_source_transfer,20,0.1,223,True,268,269,268,eos,False,140,0.8345323741,0.9635036496,0.03649635036,139,0.9928571429
label_efficiency,k000_source_transfer,target_labels_k000_source_transfer,20,0.1,224,True,198,199,198,eos,False,138,0.7810218978,0.9037037037,0.0962962963,137,0.9927536232
label_efficiency,k000_source_transfer,target_labels_k000_source_transfer,20,0.1,225,False,427,428,427,eos,False,262,0.7279693487,0.9343629344,0.06563706564,261,0.9961832061
label_efficiency,k000_source_transfer,target_labels_k000_source_transfer,20,0.1,226,True,512,512,512,max_new_tokens,True,261,0.7307692308,0.8100775194,0.1899224806,132,0.5057471264
label_efficiency,k000_source_transfer,target_labels_k000_source_transfer,20,0.1,227,False,203,204,203,eos,False,107,0.9622641509,1,0,106,0.9906542056
label_efficiency,k000_source_transfer,target_labels_k000_source_transfer,20,0.1,228,True,301,302,301,eos,False,219,0.7889908257,0.9583333333,0.04166666667,217,0.9908675799
label_efficiency,k000_source_transfer,target_labels_k000_source_transfer,20,0.1,229,True,426,427,426,eos,False,203,0.7673267327,0.91,0.09,202,0.9950738916
label_efficiency,k000_source_transfer,target_labels_k000_source_transfer,20,0.1,230,True,207,209,208,eos,False,103,0.8333333333,0.96,0.04,98,0.9514563107
label_efficiency,k000_source_transfer,target_labels_k000_source_transfer,20,0.1,231,True,166,167,166,eos,False,114,0.814159292,0.9459459459,0.05405405405,110,0.9649122807
label_efficiency,k000_source_transfer,target_labels_k000_source_transfer,20,0.1,232,True,156,157,156,eos,False,114,0.814159292,0.981981982,0.01801801802,113,0.9912280702
label_efficiency,k000_source_transfer,target_labels_k000_source_transfer,20,0.1,233,False,256,257,256,eos,False,149,0.8108108108,0.9726027397,0.02739726027,148,0.9932885906
label_efficiency,k000_source_transfer,target_labels_k000_source_transfer,20,0.1,234,False,242,243,242,eos,False,167,0.8192771084,0.9573170732,0.04268292683,150,0.8982035928
label_efficiency,k000_source_transfer,target_labels_k000_source_transfer,20,0.1,235,True,178,179,178,eos,False,117,0.9051724138,0.9649122807,0.0350877193,116,0.9914529915
label_efficiency,k000_source_transfer,target_labels_k000_source_transfer,20,0.1,236,False,225,226,225,eos,False,160,0.8805031447,0.9617834395,0.03821656051,156,0.975
label_efficiency,k000_source_transfer,target_labels_k000_source_transfer,20,0.1,237,False,161,162,161,eos,False,106,0.9047619048,0.9805825243,0.01941747573,105,0.9905660377
label_efficiency,k000_source_transfer,target_labels_k000_source_transfer,20,0.1,238,True,262,263,262,eos,False,171,0.8529411765,0.9464285714,0.05357142857,157,0.918128655
label_efficiency,k000_source_transfer,target_labels_k000_source_transfer,20,0.1,239,True,346,347,346,eos,False,189,0.670212766,0.8924731183,0.1075268817,188,0.9947089947
label_efficiency,k000_source_transfer,target_labels_k000_source_transfer,20,0.1,240,True,281,282,281,eos,False,192,0.8010471204,0.9735449735,0.02645502646,191,0.9947916667
label_efficiency,k000_source_transfer,target_labels_k000_source_transfer,20,0.1,241,False,185,186,185,eos,False,108,0.7570093458,0.9238095238,0.07619047619,106,0.9814814815
label_efficiency,k000_source_transfer,target_labels_k000_source_transfer,20,0.1,242,True,350,351,350,eos,False,216,0.911627907,0.9906103286,0.009389671362,214,0.9907407407
label_efficiency,k000_source_transfer,target_labels_k000_source_transfer,20,0.1,243,True,331,332,331,eos,False,202,0.6467661692,0.864321608,0.135678392,201,0.995049505
label_efficiency,k000_source_transfer,target_labels_k000_source_transfer,20,0.1,244,True,303,304,303,eos,False,194,0.8445595855,0.9790575916,0.02094240838,192,0.9896907216
label_efficiency,k000_source_transfer,target_labels_k000_source_transfer,20,0.1,245,False,141,142,141,eos,False,95,0.8191489362,0.9347826087,0.0652173913,94,0.9894736842
label_efficiency,k000_source_transfer,target_labels_k000_source_transfer,20,0.1,246,False,243,244,243,eos,False,135,0.8358208955,0.9545454545,0.04545454545,134,0.9925925926
label_efficiency,k000_source_transfer,target_labels_k000_source_transfer,20,0.1,247,True,99,100,99,eos,False,68,0.9701492537,1,0,67,0.9852941176
label_efficiency,k000_source_transfer,target_labels_k000_source_transfer,20,0.1,248,True,149,150,149,eos,False,86,0.9176470588,1,0,82,0.9534883721
label_efficiency,k000_source_transfer,target_labels_k000_source_transfer,20,0.1,249,False,332,333,332,eos,False,205,0.7990196078,0.9405940594,0.05940594059,204,0.9951219512
label_efficiency,k000_source_transfer,target_labels_k000_source_transfer,20,0.1,250,True,512,512,512,max_new_tokens,True,308,0.6449511401,0.868852459,0.131147541,,
label_efficiency,k000_source_transfer,target_labels_k000_source_transfer,20,0.1,251,False,66,67,66,eos,False,45,0.9090909091,0.9523809524,0.04761904762,44,0.9777777778
label_efficiency,k000_source_transfer,target_labels_k000_source_transfer,20,0.1,252,False,249,250,249,eos,False,146,0.8827586207,0.993006993,0.006993006993,145,0.9931506849
label_efficiency,k000_source_transfer,target_labels_k000_source_transfer,20,0.1,253,True,142,143,142,eos,False,74,0.8493150685,0.9436619718,0.05633802817,72,0.972972973
label_efficiency,k000_source_transfer,target_labels_k000_source_transfer,20,0.1,254,True,292,293,292,eos,False,157,0.75,0.8766233766,0.1233766234,156,0.9936305732
label_efficiency,k000_source_transfer,target_labels_k000_source_transfer,20,0.1,255,False,339,340,339,eos,False,192,0.8376963351,0.9576719577,0.04232804233,191,0.9947916667
label_efficiency,k000_source_transfer,target_labels_k000_source_transfer,20,0.1,256,True,314,315,314,eos,False,202,0.7014925373,0.8844221106,0.1155778894,193,0.9554455446
label_efficiency,k000_source_transfer,target_labels_k000_source_transfer,20,0.1,257,True,359,360,359,eos,False,190,0.8095238095,0.9839572193,0.01604278075,188,0.9894736842
label_efficiency,k000_source_transfer,target_labels_k000_source_transfer,20,0.1,258,True,218,219,218,eos,False,133,0.803030303,0.9230769231,0.07692307692,131,0.984962406
label_efficiency,k000_source_transfer,target_labels_k000_source_transfer,20,0.1,259,False,236,237,236,eos,False,150,0.7382550336,0.9659863946,0.03401360544,149,0.9933333333
label_efficiency,k000_source_transfer,target_labels_k000_source_transfer,20,0.1,260,True,200,201,200,eos,False,124,0.918699187,1,0,115,0.9274193548
label_efficiency,k000_source_transfer,target_labels_k000_source_transfer,20,0.1,261,True,265,266,265,eos,False,125,0.8387096774,0.9590163934,0.04098360656,124,0.992
label_efficiency,k000_source_transfer,target_labels_k000_source_transfer,20,0.1,262,True,192,193,192,eos,False,114,0.9203539823,1,0,113,0.9912280702
label_efficiency,k000_source_transfer,target_labels_k000_source_transfer,20,0.1,263,False,101,102,101,eos,False,44,0.9302325581,0.9756097561,0.0243902439,38,0.8636363636
label_efficiency,k000_source_transfer,target_labels_k000_source_transfer,20,0.1,264,True,156,157,156,eos,False,87,0.9302325581,1,0,86,0.9885057471
label_efficiency,k000_source_transfer,target_labels_k000_source_transfer,20,0.1,265,False,433,434,433,eos,False,192,0.6230366492,0.8835978836,0.1164021164,186,0.96875
label_efficiency,k000_source_transfer,target_labels_k000_source_transfer,20,0.1,266,True,324,325,324,eos,False,176,0.6571428571,0.9075144509,0.09248554913,175,0.9943181818
label_efficiency,k000_source_transfer,target_labels_k000_source_transfer,20,0.1,267,False,276,277,276,eos,False,186,0.8162162162,0.9617486339,0.03825136612,184,0.9892473118
label_efficiency,k000_source_transfer,target_labels_k000_source_transfer,20,0.1,268,True,195,196,195,eos,False,130,0.7519379845,0.8818897638,0.1181102362,124,0.9538461538
label_efficiency,k000_source_transfer,target_labels_k000_source_transfer,20,0.1,269,True,184,185,184,eos,False,108,0.8224299065,1,0,107,0.9907407407
label_efficiency,k000_source_transfer,target_labels_k000_source_transfer,20,0.1,270,True,305,306,305,eos,False,171,0.6647058824,0.8630952381,0.1369047619,170,0.9941520468
label_efficiency,k000_source_transfer,target_labels_k000_source_transfer,20,0.1,271,False,319,320,319,eos,False,223,0.6576576577,0.8045454545,0.1954545455,59,0.264573991
label_efficiency,k000_source_transfer,target_labels_k000_source_transfer,20,0.1,272,True,261,262,261,eos,False,164,0.9079754601,0.9937888199,0.006211180124,111,0.6768292683
label_efficiency,k000_source_transfer,target_labels_k000_source_transfer,20,0.1,273,False,276,277,276,eos,False,159,0.8101265823,0.9871794872,0.01282051282,157,0.9874213836
label_efficiency,k000_source_transfer,target_labels_k000_source_transfer,20,0.1,274,True,375,376,375,eos,False,224,0.5515695067,0.7239819005,0.2760180995,223,0.9955357143
label_efficiency,k000_source_transfer,target_labels_k000_source_transfer,20,0.1,275,True,331,333,332,eos,False,193,0.765625,0.9,0.1,192,0.9948186528
label_efficiency,k000_source_transfer,target_labels_k000_source_transfer,20,0.1,276,True,360,361,360,eos,False,222,0.6334841629,0.8675799087,0.1324200913,221,0.9954954955
label_efficiency,k000_source_transfer,target_labels_k000_source_transfer,20,0.1,277,False,195,196,195,eos,False,114,0.8407079646,0.954954955,0.04504504505,48,0.4210526316
label_efficiency,k000_source_transfer,target_labels_k000_source_transfer,20,0.1,278,True,156,157,156,eos,False,96,0.7368421053,0.9032258065,0.09677419355,95,0.9895833333
label_efficiency,k000_source_transfer,target_labels_k000_source_transfer,20,0.1,279,True,312,313,312,eos,False,210,0.7751196172,0.922705314,0.07729468599,209,0.9952380952
label_efficiency,k000_source_transfer,target_labels_k000_source_transfer,20,0.1,280,True,108,109,108,eos,False,72,0.9718309859,1,0,71,0.9861111111
label_efficiency,k000_source_transfer,target_labels_k000_source_transfer,20,0.1,281,False,482,483,482,eos,False,251,0.692,0.875,0.125,149,0.593625498
label_efficiency,k000_source_transfer,target_labels_k000_source_transfer,20,0.1,282,False,243,244,243,eos,False,144,0.9020979021,0.9858156028,0.01418439716,140,0.9722222222
label_efficiency,k000_source_transfer,target_labels_k000_source_transfer,20,0.1,283,True,272,273,272,eos,False,171,0.8352941176,0.994047619,0.005952380952,170,0.9941520468
label_efficiency,k000_source_transfer,target_labels_k000_source_transfer,20,0.1,284,True,281,282,281,eos,False,174,0.6416184971,0.8713450292,0.1286549708,173,0.9942528736
label_efficiency,k000_source_transfer,target_labels_k000_source_transfer,20,0.1,285,True,246,247,246,eos,False,155,0.7792207792,0.9934210526,0.006578947368,154,0.9935483871
label_efficiency,k000_source_transfer,target_labels_k000_source_transfer,20,0.1,286,True,299,300,299,eos,False,167,0.7951807229,0.9634146341,0.03658536585,164,0.9820359281
label_efficiency,k000_source_transfer,target_labels_k000_source_transfer,20,0.1,287,True,299,300,299,eos,False,196,0.8,0.9533678756,0.04663212435,195,0.9948979592
label_efficiency,k000_source_transfer,target_labels_k000_source_transfer,20,0.1,288,True,208,209,208,eos,False,126,0.856,0.9756097561,0.0243902439,115,0.9126984127
label_efficiency,k000_source_transfer,target_labels_k000_source_transfer,20,0.1,289,True,320,321,320,eos,False,188,0.8021390374,0.9513513514,0.04864864865,182,0.9680851064
label_efficiency,k000_source_transfer,target_labels_k000_source_transfer,20,0.1,290,True,264,265,264,eos,False,175,0.7298850575,0.9302325581,0.06976744186,174,0.9942857143
label_efficiency,k000_source_transfer,target_labels_k000_source_transfer,20,0.1,291,True,258,259,258,eos,False,177,0.8125,0.9712643678,0.02873563218,174,0.9830508475
label_efficiency,k000_source_transfer,target_labels_k000_source_transfer,20,0.1,292,True,228,229,228,eos,False,133,0.9621212121,1,0,132,0.992481203
label_efficiency,k000_source_transfer,target_labels_k000_source_transfer,20,0.1,293,False,512,512,512,max_new_tokens,True,355,0.604519774,0.7897727273,0.2102272727,207,0.5830985915
label_efficiency,k000_source_transfer,target_labels_k000_source_transfer,20,0.1,294,False,297,298,297,eos,False,177,0.8181818182,0.9540229885,0.04597701149,170,0.9604519774
label_efficiency,k000_source_transfer,target_labels_k000_source_transfer,20,0.1,295,True,284,285,284,eos,False,126,0.728,0.9105691057,0.08943089431,108,0.8571428571
label_efficiency,k000_source_transfer,target_labels_k000_source_transfer,20,0.1,296,True,250,251,250,eos,False,177,0.8465909091,0.9597701149,0.04022988506,175,0.988700565
label_efficiency,k000_source_transfer,target_labels_k000_source_transfer,20,0.1,297,True,320,321,320,eos,False,186,0.8162162162,0.956284153,0.04371584699,178,0.9569892473
label_efficiency,k000_source_transfer,target_labels_k000_source_transfer,20,0.1,298,False,250,251,250,eos,False,135,0.8805970149,0.9924242424,0.007575757576,134,0.9925925926
label_efficiency,k000_source_transfer,target_labels_k000_source_transfer,20,0.1,299,False,461,462,461,eos,False,276,0.6909090909,0.8827838828,0.1172161172,134,0.4855072464
label_efficiency,k005,baseline,0,0,200,True,235,236,235,eos,False,148,0.7074829932,0.8620689655,0.1379310345,146,0.9864864865
label_efficiency,k005,baseline,0,0,201,True,371,372,371,eos,False,207,0.8300970874,0.9607843137,0.03921568627,203,0.9806763285
label_efficiency,k005,baseline,0,0,202,True,159,160,159,eos,False,120,0.8655462185,0.9914529915,0.008547008547,112,0.9333333333
label_efficiency,k005,baseline,0,0,203,True,302,303,302,eos,False,192,0.8534031414,0.9841269841,0.01587301587,191,0.9947916667
label_efficiency,k005,baseline,0,0,204,True,355,356,355,eos,False,207,0.7912621359,0.9166666667,0.08333333333,106,0.5120772947
label_efficiency,k005,baseline,0,0,205,False,384,385,384,eos,False,223,0.8513513514,0.9954545455,0.004545454545,212,0.9506726457
label_efficiency,k005,baseline,0,0,206,False,213,214,213,eos,False,128,0.7637795276,0.92,0.08,65,0.5078125
label_efficiency,k005,baseline,0,0,207,True,225,226,225,eos,False,124,0.8455284553,0.9669421488,0.03305785124,119,0.9596774194
label_efficiency,k005,baseline,0,0,208,True,190,191,190,eos,False,134,0.6992481203,0.8778625954,0.1221374046,133,0.9925373134
label_efficiency,k005,baseline,0,0,209,False,512,512,512,max_new_tokens,True,336,0.8029850746,0.9129129129,0.08708708709,231,0.6875
label_efficiency,k005,baseline,0,0,210,True,356,357,356,eos,False,239,0.8067226891,0.9661016949,0.03389830508,238,0.9958158996
label_efficiency,k005,baseline,0,0,211,True,389,390,389,eos,False,257,0.73046875,0.9212598425,0.07874015748,195,0.7587548638
label_efficiency,k005,baseline,0,0,212,True,328,329,328,eos,False,255,0.905511811,0.9603174603,0.03968253968,156,0.6117647059
label_efficiency,k005,baseline,0,0,213,False,512,512,512,max_new_tokens,True,344,0.6909620991,0.8387096774,0.1612903226,,
label_efficiency,k005,baseline,0,0,214,False,500,501,500,eos,False,338,0.7210682493,0.8985074627,0.1014925373,175,0.5177514793
label_efficiency,k005,baseline,0,0,215,True,146,147,146,eos,False,80,0.9240506329,0.987012987,0.01298701299,70,0.875
label_efficiency,k005,baseline,0,0,216,False,441,442,441,eos,False,227,0.7743362832,0.9508928571,0.04910714286,226,0.9955947137
label_efficiency,k005,baseline,0,0,217,True,214,215,214,eos,False,156,0.7870967742,0.9477124183,0.0522875817,155,0.9935897436
label_efficiency,k005,baseline,0,0,218,True,426,427,426,eos,False,266,0.6679245283,0.9125475285,0.08745247148,265,0.9962406015
label_efficiency,k005,baseline,0,0,219,True,365,366,365,eos,False,222,0.8054298643,0.9817351598,0.01826484018,220,0.990990991
label_efficiency,k005,baseline,0,0,220,False,159,160,159,eos,False,94,0.8602150538,0.956043956,0.04395604396,55,0.585106383
label_efficiency,k005,baseline,0,0,221,True,253,254,253,eos,False,150,0.7382550336,0.9523809524,0.04761904762,148,0.9866666667
label_efficiency,k005,baseline,0,0,222,True,278,279,278,eos,False,140,0.726618705,0.9270072993,0.07299270073,139,0.9928571429
label_efficiency,k005,baseline,0,0,223,True,218,219,218,eos,False,113,0.8214285714,0.9454545455,0.05454545455,112,0.9911504425
label_efficiency,k005,baseline,0,0,224,True,216,217,216,eos,False,147,0.7602739726,0.9097222222,0.09027777778,146,0.9931972789
label_efficiency,k005,baseline,0,0,225,False,360,361,360,eos,False,229,0.8245614035,0.9734513274,0.02654867257,228,0.9956331878
label_efficiency,k005,baseline,0,0,226,True,444,445,444,eos,False,196,0.9435897436,0.9896373057,0.0103626943,195,0.9948979592
label_efficiency,k005,baseline,0,0,227,False,217,218,217,eos,False,115,0.9385964912,1,0,114,0.9913043478
label_efficiency,k005,baseline,0,0,228,False,283,284,283,eos,False,199,0.7424242424,0.9387755102,0.0612244898,169,0.8492462312
label_efficiency,k005,baseline,0,0,229,True,374,375,374,eos,False,188,0.7647058824,0.8810810811,0.1189189189,187,0.9946808511
label_efficiency,k005,baseline,0,0,230,True,206,207,206,eos,False,101,0.75,0.8979591837,0.1020408163,96,0.9504950495
label_efficiency,k005,baseline,0,0,231,True,158,159,158,eos,False,111,0.8090909091,0.9444444444,0.05555555556,110,0.990990991
label_efficiency,k005,baseline,0,0,232,True,115,116,115,eos,False,85,0.8214285714,0.9390243902,0.06097560976,84,0.9882352941
label_efficiency,k005,baseline,0,0,233,False,259,260,259,eos,False,152,0.8013245033,0.9731543624,0.02684563758,151,0.9934210526
label_efficiency,k005,baseline,0,0,234,False,242,243,242,eos,False,167,0.8192771084,0.9573170732,0.04268292683,150,0.8982035928
label_efficiency,k005,baseline,0,0,235,True,189,190,189,eos,False,108,0.9158878505,1,0,106,0.9814814815
label_efficiency,k005,baseline,0,0,236,False,512,512,512,max_new_tokens,True,316,0.8063492063,0.9616613419,0.03833865815,,
label_efficiency,k005,baseline,0,0,237,True,114,115,114,eos,False,75,0.9324324324,0.9722222222,0.02777777778,74,0.9866666667
label_efficiency,k005,baseline,0,0,238,True,262,263,262,eos,False,171,0.8529411765,0.9464285714,0.05357142857,157,0.918128655
label_efficiency,k005,baseline,0,0,239,True,375,376,375,eos,False,209,0.7019230769,0.927184466,0.07281553398,208,0.995215311
label_efficiency,k005,baseline,0,0,240,True,311,312,311,eos,False,205,0.7794117647,0.9752475248,0.02475247525,204,0.9951219512
label_efficiency,k005,baseline,0,0,241,False,188,189,188,eos,False,112,0.7747747748,0.9266055046,0.07339449541,111,0.9910714286
label_efficiency,k005,baseline,0,0,242,False,382,383,382,eos,False,215,0.9158878505,0.9905660377,0.009433962264,214,0.9953488372
label_efficiency,k005,baseline,0,0,243,True,331,332,331,eos,False,202,0.6517412935,0.8693467337,0.1306532663,201,0.995049505
label_efficiency,k005,baseline,0,0,244,True,323,324,323,eos,False,176,0.8685714286,0.9768786127,0.02312138728,174,0.9886363636
label_efficiency,k005,baseline,0,0,245,False,512,512,512,max_new_tokens,True,349,0.6350574713,0.8497109827,0.1502890173,109,0.3123209169
label_efficiency,k005,baseline,0,0,246,True,295,296,295,eos,False,160,0.8867924528,0.9872611465,0.0127388535,159,0.99375
label_efficiency,k005,baseline,0,0,247,True,240,241,240,eos,False,140,0.9136690647,1,0,131,0.9357142857
label_efficiency,k005,baseline,0,0,248,True,148,149,148,eos,False,85,0.9166666667,1,0,81,0.9529411765
label_efficiency,k005,baseline,0,0,249,False,366,367,366,eos,False,220,0.7214611872,0.8986175115,0.1013824885,219,0.9954545455
label_efficiency,k005,baseline,0,0,250,False,305,306,305,eos,False,199,0.7222222222,0.9132653061,0.08673469388,198,0.9949748744
label_efficiency,k005,baseline,0,0,251,False,66,67,66,eos,False,45,0.9090909091,0.9523809524,0.04761904762,44,0.9777777778
label_efficiency,k005,baseline,0,0,252,False,291,292,291,eos,False,180,0.7765363128,0.9774011299,0.02259887006,179,0.9944444444
label_efficiency,k005,baseline,0,0,253,False,99,100,99,eos,False,52,0.8823529412,0.9795918367,0.02040816327,51,0.9807692308
label_efficiency,k005,baseline,0,0,254,False,382,383,382,eos,False,196,0.7076923077,0.8497409326,0.1502590674,195,0.9948979592
label_efficiency,k005,baseline,0,0,255,False,369,370,369,eos,False,223,0.7837837838,0.95,0.05,222,0.9955156951
label_efficiency,k005,baseline,0,0,256,True,263,264,263,eos,False,149,0.7702702703,0.9109589041,0.08904109589,148,0.9932885906
label_efficiency,k005,baseline,0,0,257,True,346,347,346,eos,False,179,0.8146067416,0.9829545455,0.01704545455,177,0.9888268156
label_efficiency,k005,baseline,0,0,258,True,192,193,192,eos,False,123,0.8360655738,0.9583333333,0.04166666667,122,0.9918699187
label_efficiency,k005,baseline,0,0,259,False,232,233,232,eos,False,146,0.7586206897,0.965034965,0.03496503497,145,0.9931506849
label_efficiency,k005,baseline,0,0,260,True,201,202,201,eos,False,123,0.9098360656,0.9916666667,0.008333333333,122,0.9918699187
label_efficiency,k005,baseline,0,0,261,True,259,260,259,eos,False,125,0.8387096774,0.9590163934,0.04098360656,124,0.992
label_efficiency,k005,baseline,0,0,262,True,193,194,193,eos,False,115,0.9210526316,1,0,114,0.9913043478
label_efficiency,k005,baseline,0,0,263,False,102,103,102,eos,False,44,0.9069767442,0.9512195122,0.0487804878,38,0.8636363636
label_efficiency,k005,baseline,0,0,264,True,156,157,156,eos,False,87,0.9302325581,1,0,86,0.9885057471
label_efficiency,k005,baseline,0,0,265,False,432,433,432,eos,False,192,0.6282722513,0.8888888889,0.1111111111,186,0.96875
label_efficiency,k005,baseline,0,0,266,True,353,354,353,eos,False,186,0.6486486486,0.8852459016,0.1147540984,185,0.9946236559
label_efficiency,k005,baseline,0,0,267,False,274,275,274,eos,False,187,0.752688172,0.9293478261,0.07065217391,185,0.9893048128
label_efficiency,k005,baseline,0,0,268,True,195,196,195,eos,False,130,0.7519379845,0.8818897638,0.1181102362,124,0.9538461538
label_efficiency,k005,baseline,0,0,269,True,155,156,155,eos,False,94,0.8602150538,0.978021978,0.02197802198,93,0.9893617021
label_efficiency,k005,baseline,0,0,270,True,300,301,300,eos,False,166,0.6727272727,0.8588957055,0.1411042945,165,0.9939759036
label_efficiency,k005,baseline,0,0,271,False,106,107,106,eos,False,72,0.9436619718,1,0,65,0.9027777778
label_efficiency,k005,baseline,0,0,272,True,191,192,191,eos,False,106,0.8761904762,0.9708737864,0.02912621359,105,0.9905660377
label_efficiency,k005,baseline,0,0,273,False,274,275,274,eos,False,163,0.8148148148,0.96875,0.03125,154,0.9447852761
label_efficiency,k005,baseline,0,0,274,True,378,379,378,eos,False,227,0.5486725664,0.71875,0.28125,226,0.9955947137
label_efficiency,k005,baseline,0,0,275,False,512,512,512,max_new_tokens,True,304,0.5115511551,0.7508305648,0.2491694352,,
label_efficiency,k005,baseline,0,0,276,True,360,361,360,eos,False,222,0.6334841629,0.8675799087,0.1324200913,221,0.9954954955
label_efficiency,k005,baseline,0,0,277,False,194,195,194,eos,False,109,0.8703703704,0.9528301887,0.04716981132,47,0.4311926606
label_efficiency,k005,baseline,0,0,278,True,272,273,272,eos,False,193,0.8958333333,0.9842105263,0.01578947368,88,0.4559585492
label_efficiency,k005,baseline,0,0,279,True,318,319,318,eos,False,219,0.7844036697,0.9305555556,0.06944444444,218,0.99543379
label_efficiency,k005,baseline,0,0,280,True,109,110,109,eos,False,73,0.9722222222,1,0,72,0.9863013699
label_efficiency,k005,baseline,0,0,281,False,512,512,512,max_new_tokens,True,271,0.7185185185,0.8880597015,0.1119402985,,
label_efficiency,k005,baseline,0,0,282,True,294,295,294,eos,False,171,0.8294117647,0.9642857143,0.03571428571,167,0.9766081871
label_efficiency,k005,baseline,0,0,283,True,277,278,277,eos,False,171,0.8588235294,1,0,170,0.9941520468
label_efficiency,k005,baseline,0,0,284,True,289,290,289,eos,False,178,0.6836158192,0.8628571429,0.1371428571,177,0.9943820225
label_efficiency,k005,baseline,0,0,285,True,226,227,226,eos,False,145,0.8541666667,0.9929577465,0.007042253521,144,0.9931034483
label_efficiency,k005,baseline,0,0,286,False,151,152,151,eos,False,88,0.9540229885,1,0,87,0.9886363636
label_efficiency,k005,baseline,0,0,287,True,312,313,312,eos,False,202,0.815920398,0.9698492462,0.03015075377,201,0.995049505
label_efficiency,k005,baseline,0,0,288,True,185,186,185,eos,False,108,0.9065420561,0.9904761905,0.009523809524,107,0.9907407407
label_efficiency,k005,baseline,0,0,289,True,289,290,289,eos,False,167,0.8012048193,0.9512195122,0.0487804878,161,0.9640718563
label_efficiency,k005,baseline,0,0,290,True,500,501,500,eos,False,333,0.5873493976,0.8151515152,0.1848484848,175,0.5255255255
label_efficiency,k005,baseline,0,0,291,True,253,254,253,eos,False,163,0.8024691358,0.95625,0.04375,160,0.981595092
label_efficiency,k005,baseline,0,0,292,False,327,328,327,eos,False,170,0.8875739645,0.994011976,0.005988023952,169,0.9941176471
label_efficiency,k005,baseline,0,0,293,False,343,344,343,eos,False,209,0.8221153846,0.9466019417,0.05339805825,208,0.995215311
label_efficiency,k005,baseline,0,0,294,False,373,374,373,eos,False,193,0.859375,0.9684210526,0.03157894737,192,0.9948186528
label_efficiency,k005,baseline,0,0,295,True,304,305,304,eos,False,151,0.7533333333,0.9054054054,0.09459459459,133,0.880794702
label_efficiency,k005,baseline,0,0,296,True,262,263,262,eos,False,186,0.8108108108,0.9453551913,0.05464480874,185,0.9946236559
label_efficiency,k005,baseline,0,0,297,True,295,296,295,eos,False,179,0.8314606742,0.9829545455,0.01704545455,171,0.9553072626
label_efficiency,k005,baseline,0,0,298,False,213,214,213,eos,False,118,0.9230769231,1,0,116,0.9830508475
label_efficiency,k005,baseline,0,0,299,False,242,243,242,eos,False,161,0.80625,0.9620253165,0.03797468354,160,0.9937888199
label_efficiency,k005,target_labels_k005,20,0.1,200,True,136,137,136,eos,False,93,0.8043478261,0.9666666667,0.03333333333,83,0.8924731183
label_efficiency,k005,target_labels_k005,20,0.1,201,True,293,294,293,eos,False,153,0.8881578947,0.9933333333,0.006666666667,137,0.8954248366
label_efficiency,k005,target_labels_k005,20,0.1,202,True,114,115,114,eos,False,55,0.9444444444,1,0,49,0.8909090909
label_efficiency,k005,target_labels_k005,20,0.1,203,True,299,300,299,eos,False,191,0.8842105263,0.9893617021,0.01063829787,190,0.9947643979
label_efficiency,k005,target_labels_k005,20,0.1,204,True,128,129,128,eos,False,83,0.8780487805,0.95,0.05,82,0.9879518072
label_efficiency,k005,target_labels_k005,20,0.1,205,False,364,365,364,eos,False,192,0.890052356,0.9947089947,0.005291005291,181,0.9427083333
label_efficiency,k005,target_labels_k005,20,0.1,206,True,201,202,201,eos,False,135,0.7835820896,0.9242424242,0.07575757576,129,0.9555555556
label_efficiency,k005,target_labels_k005,20,0.1,207,True,231,232,231,eos,False,129,0.8359375,0.9523809524,0.04761904762,124,0.9612403101
label_efficiency,k005,target_labels_k005,20,0.1,208,True,190,191,190,eos,False,134,0.6992481203,0.8778625954,0.1221374046,133,0.9925373134
label_efficiency,k005,target_labels_k005,20,0.1,209,False,276,277,276,eos,False,173,0.8953488372,0.9882352941,0.01176470588,171,0.9884393064
label_efficiency,k005,target_labels_k005,20,0.1,210,False,477,478,477,eos,False,300,0.8327759197,0.9831649832,0.01683501684,299,0.9966666667
label_efficiency,k005,target_labels_k005,20,0.1,211,True,387,388,387,eos,False,259,0.7325581395,0.921875,0.078125,258,0.9961389961
label_efficiency,k005,target_labels_k005,20,0.1,212,True,287,288,287,eos,False,224,0.869955157,0.9683257919,0.03167420814,155,0.6919642857
label_efficiency,k005,target_labels_k005,20,0.1,213,False,430,431,430,eos,False,275,0.799270073,0.9411764706,0.05882352941,188,0.6836363636
label_efficiency,k005,target_labels_k005,20,0.1,214,False,512,512,512,max_new_tokens,True,357,0.691011236,0.8361581921,0.1638418079,91,0.2549019608
label_efficiency,k005,target_labels_k005,20,0.1,215,True,189,190,189,eos,False,126,0.84,0.9593495935,0.0406504065,124,0.9841269841
label_efficiency,k005,target_labels_k005,20,0.1,216,False,329,330,329,eos,False,200,0.8391959799,0.9289340102,0.07106598985,129,0.645
label_efficiency,k005,target_labels_k005,20,0.1,217,True,195,196,195,eos,False,142,0.7659574468,0.9496402878,0.05035971223,141,0.9929577465
label_efficiency,k005,target_labels_k005,20,0.1,218,True,424,425,424,eos,False,262,0.7203065134,0.9382239382,0.06177606178,246,0.9389312977
label_efficiency,k005,target_labels_k005,20,0.1,219,True,326,327,326,eos,False,195,0.7577319588,0.9375,0.0625,193,0.9897435897
label_efficiency,k005,target_labels_k005,20,0.1,220,True,118,119,118,eos,False,76,0.92,0.9863013699,0.01369863014,74,0.9736842105
label_efficiency,k005,target_labels_k005,20,0.1,221,True,199,200,199,eos,False,128,0.874015748,0.968,0.032,127,0.9921875
label_efficiency,k005,target_labels_k005,20,0.1,222,True,277,278,277,eos,False,139,0.7246376812,0.9264705882,0.07352941176,138,0.9928057554
label_efficiency,k005,target_labels_k005,20,0.1,223,True,229,230,229,eos,False,122,0.867768595,0.9663865546,0.03361344538,121,0.9918032787
label_efficiency,k005,target_labels_k005,20,0.1,224,True,203,204,203,eos,False,148,0.7210884354,0.8551724138,0.1448275862,147,0.9932432432
label_efficiency,k005,target_labels_k005,20,0.1,225,True,156,157,156,eos,False,108,0.8504672897,0.980952381,0.01904761905,107,0.9907407407
label_efficiency,k005,target_labels_k005,20,0.1,226,True,447,448,447,eos,False,213,0.8537735849,0.9333333333,0.06666666667,212,0.9953051643
label_efficiency,k005,target_labels_k005,20,0.1,227,False,204,205,204,eos,False,108,0.953271028,1,0,107,0.9907407407
label_efficiency,k005,target_labels_k005,20,0.1,228,True,275,276,275,eos,False,196,0.7846153846,0.9533678756,0.04663212435,194,0.9897959184
label_efficiency,k005,target_labels_k005,20,0.1,229,True,312,313,312,eos,False,154,0.8888888889,0.9867549669,0.01324503311,153,0.9935064935
label_efficiency,k005,target_labels_k005,20,0.1,230,True,202,203,202,eos,False,98,0.8144329897,0.9473684211,0.05263157895,93,0.9489795918
label_efficiency,k005,target_labels_k005,20,0.1,231,True,158,159,158,eos,False,111,0.8181818182,0.9444444444,0.05555555556,110,0.990990991
label_efficiency,k005,target_labels_k005,20,0.1,232,True,133,134,133,eos,False,97,0.8125,0.9255319149,0.07446808511,96,0.9896907216
label_efficiency,k005,target_labels_k005,20,0.1,233,False,251,252,251,eos,False,143,0.7957746479,0.9642857143,0.03571428571,142,0.993006993
label_efficiency,k005,target_labels_k005,20,0.1,234,False,230,231,230,eos,False,154,0.9019607843,0.9933774834,0.006622516556,144,0.9350649351
label_efficiency,k005,target_labels_k005,20,0.1,235,True,189,190,189,eos,False,112,0.9099099099,0.9908256881,0.009174311927,110,0.9821428571
label_efficiency,k005,target_labels_k005,20,0.1,236,False,338,339,338,eos,False,226,0.8933333333,0.9775784753,0.02242152466,225,0.9955752212
label_efficiency,k005,target_labels_k005,20,0.1,237,True,113,114,113,eos,False,75,0.9324324324,0.9722222222,0.02777777778,74,0.9866666667
label_efficiency,k005,target_labels_k005,20,0.1,238,True,245,246,245,eos,False,161,0.875,0.9303797468,0.06962025316,147,0.9130434783
label_efficiency,k005,target_labels_k005,20,0.1,239,True,284,285,284,eos,False,175,0.7298850575,0.9127906977,0.08720930233,174,0.9942857143
label_efficiency,k005,target_labels_k005,20,0.1,240,True,231,232,231,eos,False,157,0.8076923077,0.9805194805,0.01948051948,156,0.9936305732
label_efficiency,k005,target_labels_k005,20,0.1,241,False,212,213,212,eos,False,134,0.7142857143,0.9160305344,0.08396946565,133,0.9925373134
label_efficiency,k005,target_labels_k005,20,0.1,242,True,392,393,392,eos,False,225,0.9107142857,0.9864864865,0.01351351351,223,0.9911111111
label_efficiency,k005,target_labels_k005,20,0.1,243,True,168,169,168,eos,False,110,0.9266055046,0.9719626168,0.02803738318,107,0.9727272727
label_efficiency,k005,target_labels_k005,20,0.1,244,True,327,328,327,eos,False,184,0.868852459,0.9889502762,0.01104972376,182,0.9891304348
label_efficiency,k005,target_labels_k005,20,0.1,245,False,141,142,141,eos,False,95,0.8191489362,0.9347826087,0.0652173913,94,0.9894736842
label_efficiency,k005,target_labels_k005,20,0.1,246,False,242,243,242,eos,False,134,0.8496240602,0.9541984733,0.04580152672,133,0.9925373134
label_efficiency,k005,target_labels_k005,20,0.1,247,True,245,246,245,eos,False,142,0.9219858156,1,0,140,0.985915493
label_efficiency,k005,target_labels_k005,20,0.1,248,True,109,110,109,eos,False,68,0.9253731343,1,0,67,0.9852941176
label_efficiency,k005,target_labels_k005,20,0.1,249,False,332,333,332,eos,False,205,0.7990196078,0.9405940594,0.05940594059,204,0.9951219512
label_efficiency,k005,target_labels_k005,20,0.1,250,False,475,476,475,eos,False,280,0.7025089606,0.9097472924,0.09025270758,273,0.975
label_efficiency,k005,target_labels_k005,20,0.1,251,True,249,250,249,eos,False,177,0.8352272727,0.9597701149,0.04022988506,117,0.6610169492
label_efficiency,k005,target_labels_k005,20,0.1,252,False,222,223,222,eos,False,130,0.8527131783,0.9921259843,0.007874015748,129,0.9923076923
label_efficiency,k005,target_labels_k005,20,0.1,253,True,106,107,106,eos,False,56,0.8727272727,0.9811320755,0.01886792453,54,0.9642857143
label_efficiency,k005,target_labels_k005,20,0.1,254,True,284,285,284,eos,False,157,0.7884615385,0.9090909091,0.09090909091,156,0.9936305732
label_efficiency,k005,target_labels_k005,20,0.1,255,False,321,322,321,eos,False,193,0.8697916667,0.9894736842,0.01052631579,192,0.9948186528
label_efficiency,k005,target_labels_k005,20,0.1,256,True,183,184,183,eos,False,100,0.8080808081,0.9175257732,0.0824742268,99,0.99
label_efficiency,k005,target_labels_k005,20,0.1,257,True,300,301,300,eos,False,164,0.8527607362,0.9751552795,0.0248447205,153,0.9329268293
label_efficiency,k005,target_labels_k005,20,0.1,258,True,120,121,120,eos,False,75,0.9594594595,0.9861111111,0.01388888889,74,0.9866666667
label_efficiency,k005,target_labels_k005,20,0.1,259,False,291,292,291,eos,False,178,0.8474576271,1,0,177,0.9943820225
label_efficiency,k005,target_labels_k005,20,0.1,260,True,208,209,208,eos,False,130,0.9069767442,1,0,121,0.9307692308
label_efficiency,k005,target_labels_k005,20,0.1,261,True,265,266,265,eos,False,125,0.8387096774,0.9590163934,0.04098360656,124,0.992
label_efficiency,k005,target_labels_k005,20,0.1,262,True,148,149,148,eos,False,89,0.9204545455,1,0,88,0.9887640449
label_efficiency,k005,target_labels_k005,20,0.1,263,False,486,487,486,eos,False,260,0.6640926641,0.8404669261,0.1595330739,72,0.2769230769
label_efficiency,k005,target_labels_k005,20,0.1,264,True,183,184,183,eos,False,107,0.9150943396,0.9903846154,0.009615384615,106,0.9906542056
label_efficiency,k005,target_labels_k005,20,0.1,265,True,325,326,325,eos,False,194,0.6424870466,0.8691099476,0.1308900524,193,0.9948453608
label_efficiency,k005,target_labels_k005,20,0.1,266,True,323,324,323,eos,False,172,0.6725146199,0.9053254438,0.09467455621,171,0.9941860465
label_efficiency,k005,target_labels_k005,20,0.1,267,False,322,323,322,eos,False,248,0.8663967611,0.9510204082,0.04897959184,158,0.6370967742
label_efficiency,k005,target_labels_k005,20,0.1,268,True,195,196,195,eos,False,130,0.7519379845,0.8818897638,0.1181102362,124,0.9538461538
label_efficiency,k005,target_labels_k005,20,0.1,269,True,148,149,148,eos,False,90,0.8876404494,1,0,89,0.9888888889
label_efficiency,k005,target_labels_k005,20,0.1,270,True,262,263,262,eos,False,149,0.7567567568,0.9383561644,0.06164383562,148,0.9932885906
label_efficiency,k005,target_labels_k005,20,0.1,271,False,169,170,169,eos,False,119,0.7881355932,0.9051724138,0.09482758621,118,0.9915966387
label_efficiency,k005,target_labels_k005,20,0.1,272,True,177,178,177,eos,False,96,0.8842105263,1,0,95,0.9895833333
label_efficiency,k005,target_labels_k005,20,0.1,273,False,266,267,266,eos,False,155,0.8246753247,0.9671052632,0.03289473684,146,0.9419354839
label_efficiency,k005,target_labels_k005,20,0.1,274,True,285,286,285,eos,False,172,0.6315789474,0.8402366864,0.1597633136,171,0.9941860465
label_efficiency,k005,target_labels_k005,20,0.1,275,True,301,303,302,eos,False,174,0.8034682081,0.9298245614,0.0701754386,173,0.9942528736
label_efficiency,k005,target_labels_k005,20,0.1,276,True,360,361,360,eos,False,222,0.6334841629,0.8675799087,0.1324200913,221,0.9954954955
label_efficiency,k005,target_labels_k005,20,0.1,277,True,191,192,191,eos,False,124,0.918699187,0.9752066116,0.02479338843,122,0.9838709677
label_efficiency,k005,target_labels_k005,20,0.1,278,True,156,157,156,eos,False,96,0.7368421053,0.9032258065,0.09677419355,95,0.9895833333
label_efficiency,k005,target_labels_k005,20,0.1,279,True,309,310,309,eos,False,209,0.7548076923,0.9368932039,0.06310679612,208,0.995215311
label_efficiency,k005,target_labels_k005,20,0.1,280,True,150,151,150,eos,False,91,0.8777777778,0.9659090909,0.03409090909,90,0.989010989
label_efficiency,k005,target_labels_k005,20,0.1,281,False,512,512,512,max_new_tokens,True,270,0.717472119,0.8876404494,0.1123595506,184,0.6814814815
label_efficiency,k005,target_labels_k005,20,0.1,282,True,280,281,280,eos,False,163,0.8456790123,0.96875,0.03125,159,0.9754601227
label_efficiency,k005,target_labels_k005,20,0.1,283,True,257,258,257,eos,False,165,0.8353658537,0.9938271605,0.006172839506,164,0.9939393939
label_efficiency,k005,target_labels_k005,20,0.1,284,True,512,512,512,max_new_tokens,True,298,0.5656565657,0.786440678,0.213559322,173,0.5805369128
label_efficiency,k005,target_labels_k005,20,0.1,285,True,247,248,247,eos,False,155,0.7727272727,0.9934210526,0.006578947368,154,0.9935483871
label_efficiency,k005,target_labels_k005,20,0.1,286,False,116,117,116,eos,False,73,0.9861111111,1,0,72,0.9863013699
label_efficiency,k005,target_labels_k005,20,0.1,287,True,283,284,283,eos,False,171,0.7882352941,0.9583333333,0.04166666667,170,0.9941520468
label_efficiency,k005,target_labels_k005,20,0.1,288,True,201,202,201,eos,False,120,0.8739495798,0.9829059829,0.01709401709,110,0.9166666667
label_efficiency,k005,target_labels_k005,20,0.1,289,True,292,293,292,eos,False,160,0.8176100629,0.9554140127,0.04458598726,154,0.9625
label_efficiency,k005,target_labels_k005,20,0.1,290,True,330,331,330,eos,False,209,0.7259615385,0.9077669903,0.09223300971,208,0.995215311
label_efficiency,k005,target_labels_k005,20,0.1,291,True,228,229,228,eos,False,149,0.8108108108,0.9726027397,0.02739726027,146,0.9798657718
label_efficiency,k005,target_labels_k005,20,0.1,292,False,232,233,232,eos,False,135,0.9104477612,1,0,125,0.9259259259
label_efficiency,k005,target_labels_k005,20,0.1,293,True,373,374,373,eos,False,236,0.8,0.974248927,0.02575107296,235,0.9957627119
label_efficiency,k005,target_labels_k005,20,0.1,294,True,294,295,294,eos,False,176,0.8114285714,0.9479768786,0.05202312139,175,0.9943181818
label_efficiency,k005,target_labels_k005,20,0.1,295,True,323,324,323,eos,False,156,0.7225806452,0.9019607843,0.09803921569,137,0.8782051282
label_efficiency,k005,target_labels_k005,20,0.1,296,True,258,259,258,eos,False,185,0.8260869565,0.956043956,0.04395604396,184,0.9945945946
label_efficiency,k005,target_labels_k005,20,0.1,297,True,303,304,303,eos,False,175,0.8218390805,0.9302325581,0.06976744186,167,0.9542857143
label_efficiency,k005,target_labels_k005,20,0.1,298,False,339,340,339,eos,False,180,0.8044692737,0.988700565,0.01129943503,178,0.9888888889
label_efficiency,k005,target_labels_k005,20,0.1,299,False,253,254,253,eos,False,165,0.7987804878,0.962962963,0.03703703704,164,0.9939393939
label_efficiency,k010,baseline,0,0,200,True,235,236,235,eos,False,148,0.7074829932,0.8620689655,0.1379310345,146,0.9864864865
label_efficiency,k010,baseline,0,0,201,True,371,372,371,eos,False,207,0.8300970874,0.9607843137,0.03921568627,203,0.9806763285
label_efficiency,k010,baseline,0,0,202,True,159,160,159,eos,False,120,0.8655462185,0.9914529915,0.008547008547,112,0.9333333333
label_efficiency,k010,baseline,0,0,203,True,302,303,302,eos,False,192,0.8534031414,0.9841269841,0.01587301587,191,0.9947916667
label_efficiency,k010,baseline,0,0,204,True,355,356,355,eos,False,207,0.7912621359,0.9166666667,0.08333333333,106,0.5120772947
label_efficiency,k010,baseline,0,0,205,False,384,385,384,eos,False,223,0.8513513514,0.9954545455,0.004545454545,212,0.9506726457
label_efficiency,k010,baseline,0,0,206,False,213,214,213,eos,False,128,0.7637795276,0.92,0.08,65,0.5078125
label_efficiency,k010,baseline,0,0,207,True,225,226,225,eos,False,124,0.8455284553,0.9669421488,0.03305785124,119,0.9596774194
label_efficiency,k010,baseline,0,0,208,True,190,191,190,eos,False,134,0.6992481203,0.8778625954,0.1221374046,133,0.9925373134
label_efficiency,k010,baseline,0,0,209,False,512,512,512,max_new_tokens,True,336,0.8029850746,0.9129129129,0.08708708709,231,0.6875
label_efficiency,k010,baseline,0,0,210,True,356,357,356,eos,False,239,0.8067226891,0.9661016949,0.03389830508,238,0.9958158996
label_efficiency,k010,baseline,0,0,211,True,389,390,389,eos,False,257,0.73046875,0.9212598425,0.07874015748,195,0.7587548638
label_efficiency,k010,baseline,0,0,212,True,328,329,328,eos,False,255,0.905511811,0.9603174603,0.03968253968,156,0.6117647059
label_efficiency,k010,baseline,0,0,213,False,512,512,512,max_new_tokens,True,344,0.6909620991,0.8387096774,0.1612903226,,
label_efficiency,k010,baseline,0,0,214,False,500,501,500,eos,False,338,0.7210682493,0.8985074627,0.1014925373,175,0.5177514793
label_efficiency,k010,baseline,0,0,215,True,146,147,146,eos,False,80,0.9240506329,0.987012987,0.01298701299,70,0.875
label_efficiency,k010,baseline,0,0,216,False,441,442,441,eos,False,227,0.7743362832,0.9508928571,0.04910714286,226,0.9955947137
label_efficiency,k010,baseline,0,0,217,True,214,215,214,eos,False,156,0.7870967742,0.9477124183,0.0522875817,155,0.9935897436
label_efficiency,k010,baseline,0,0,218,True,426,427,426,eos,False,266,0.6679245283,0.9125475285,0.08745247148,265,0.9962406015
label_efficiency,k010,baseline,0,0,219,True,365,366,365,eos,False,222,0.8054298643,0.9817351598,0.01826484018,220,0.990990991
label_efficiency,k010,baseline,0,0,220,False,159,160,159,eos,False,94,0.8602150538,0.956043956,0.04395604396,55,0.585106383
label_efficiency,k010,baseline,0,0,221,True,253,254,253,eos,False,150,0.7382550336,0.9523809524,0.04761904762,148,0.9866666667
label_efficiency,k010,baseline,0,0,222,True,278,279,278,eos,False,140,0.726618705,0.9270072993,0.07299270073,139,0.9928571429
label_efficiency,k010,baseline,0,0,223,True,218,219,218,eos,False,113,0.8214285714,0.9454545455,0.05454545455,112,0.9911504425
label_efficiency,k010,baseline,0,0,224,True,216,217,216,eos,False,147,0.7602739726,0.9097222222,0.09027777778,146,0.9931972789
label_efficiency,k010,baseline,0,0,225,False,360,361,360,eos,False,229,0.8245614035,0.9734513274,0.02654867257,228,0.9956331878
label_efficiency,k010,baseline,0,0,226,True,444,445,444,eos,False,196,0.9435897436,0.9896373057,0.0103626943,195,0.9948979592
label_efficiency,k010,baseline,0,0,227,False,217,218,217,eos,False,115,0.9385964912,1,0,114,0.9913043478
label_efficiency,k010,baseline,0,0,228,False,283,284,283,eos,False,199,0.7424242424,0.9387755102,0.0612244898,169,0.8492462312
label_efficiency,k010,baseline,0,0,229,True,374,375,374,eos,False,188,0.7647058824,0.8810810811,0.1189189189,187,0.9946808511
label_efficiency,k010,baseline,0,0,230,True,206,207,206,eos,False,101,0.75,0.8979591837,0.1020408163,96,0.9504950495
label_efficiency,k010,baseline,0,0,231,True,158,159,158,eos,False,111,0.8090909091,0.9444444444,0.05555555556,110,0.990990991
label_efficiency,k010,baseline,0,0,232,True,115,116,115,eos,False,85,0.8214285714,0.9390243902,0.06097560976,84,0.9882352941
label_efficiency,k010,baseline,0,0,233,False,259,260,259,eos,False,152,0.8013245033,0.9731543624,0.02684563758,151,0.9934210526
label_efficiency,k010,baseline,0,0,234,False,242,243,242,eos,False,167,0.8192771084,0.9573170732,0.04268292683,150,0.8982035928
label_efficiency,k010,baseline,0,0,235,True,189,190,189,eos,False,108,0.9158878505,1,0,106,0.9814814815
label_efficiency,k010,baseline,0,0,236,False,512,512,512,max_new_tokens,True,316,0.8063492063,0.9616613419,0.03833865815,,
label_efficiency,k010,baseline,0,0,237,True,114,115,114,eos,False,75,0.9324324324,0.9722222222,0.02777777778,74,0.9866666667
label_efficiency,k010,baseline,0,0,238,True,262,263,262,eos,False,171,0.8529411765,0.9464285714,0.05357142857,157,0.918128655
label_efficiency,k010,baseline,0,0,239,True,375,376,375,eos,False,209,0.7019230769,0.927184466,0.07281553398,208,0.995215311
label_efficiency,k010,baseline,0,0,240,True,311,312,311,eos,False,205,0.7794117647,0.9752475248,0.02475247525,204,0.9951219512
label_efficiency,k010,baseline,0,0,241,False,188,189,188,eos,False,112,0.7747747748,0.9266055046,0.07339449541,111,0.9910714286
label_efficiency,k010,baseline,0,0,242,False,382,383,382,eos,False,215,0.9158878505,0.9905660377,0.009433962264,214,0.9953488372
label_efficiency,k010,baseline,0,0,243,True,331,332,331,eos,False,202,0.6517412935,0.8693467337,0.1306532663,201,0.995049505
label_efficiency,k010,baseline,0,0,244,True,323,324,323,eos,False,176,0.8685714286,0.9768786127,0.02312138728,174,0.9886363636
label_efficiency,k010,baseline,0,0,245,False,512,512,512,max_new_tokens,True,349,0.6350574713,0.8497109827,0.1502890173,109,0.3123209169
label_efficiency,k010,baseline,0,0,246,True,295,296,295,eos,False,160,0.8867924528,0.9872611465,0.0127388535,159,0.99375
label_efficiency,k010,baseline,0,0,247,True,240,241,240,eos,False,140,0.9136690647,1,0,131,0.9357142857
label_efficiency,k010,baseline,0,0,248,True,148,149,148,eos,False,85,0.9166666667,1,0,81,0.9529411765
label_efficiency,k010,baseline,0,0,249,False,366,367,366,eos,False,220,0.7214611872,0.8986175115,0.1013824885,219,0.9954545455
label_efficiency,k010,baseline,0,0,250,False,305,306,305,eos,False,199,0.7222222222,0.9132653061,0.08673469388,198,0.9949748744
label_efficiency,k010,baseline,0,0,251,False,66,67,66,eos,False,45,0.9090909091,0.9523809524,0.04761904762,44,0.9777777778
label_efficiency,k010,baseline,0,0,252,False,291,292,291,eos,False,180,0.7765363128,0.9774011299,0.02259887006,179,0.9944444444
label_efficiency,k010,baseline,0,0,253,False,99,100,99,eos,False,52,0.8823529412,0.9795918367,0.02040816327,51,0.9807692308
label_efficiency,k010,baseline,0,0,254,False,382,383,382,eos,False,196,0.7076923077,0.8497409326,0.1502590674,195,0.9948979592
label_efficiency,k010,baseline,0,0,255,False,369,370,369,eos,False,223,0.7837837838,0.95,0.05,222,0.9955156951
label_efficiency,k010,baseline,0,0,256,True,263,264,263,eos,False,149,0.7702702703,0.9109589041,0.08904109589,148,0.9932885906
label_efficiency,k010,baseline,0,0,257,True,346,347,346,eos,False,179,0.8146067416,0.9829545455,0.01704545455,177,0.9888268156
label_efficiency,k010,baseline,0,0,258,True,192,193,192,eos,False,123,0.8360655738,0.9583333333,0.04166666667,122,0.9918699187
label_efficiency,k010,baseline,0,0,259,False,232,233,232,eos,False,146,0.7586206897,0.965034965,0.03496503497,145,0.9931506849
label_efficiency,k010,baseline,0,0,260,True,201,202,201,eos,False,123,0.9098360656,0.9916666667,0.008333333333,122,0.9918699187
label_efficiency,k010,baseline,0,0,261,True,259,260,259,eos,False,125,0.8387096774,0.9590163934,0.04098360656,124,0.992
label_efficiency,k010,baseline,0,0,262,True,193,194,193,eos,False,115,0.9210526316,1,0,114,0.9913043478
label_efficiency,k010,baseline,0,0,263,False,102,103,102,eos,False,44,0.9069767442,0.9512195122,0.0487804878,38,0.8636363636
label_efficiency,k010,baseline,0,0,264,True,156,157,156,eos,False,87,0.9302325581,1,0,86,0.9885057471
label_efficiency,k010,baseline,0,0,265,False,432,433,432,eos,False,192,0.6282722513,0.8888888889,0.1111111111,186,0.96875
label_efficiency,k010,baseline,0,0,266,True,353,354,353,eos,False,186,0.6486486486,0.8852459016,0.1147540984,185,0.9946236559
label_efficiency,k010,baseline,0,0,267,False,274,275,274,eos,False,187,0.752688172,0.9293478261,0.07065217391,185,0.9893048128
label_efficiency,k010,baseline,0,0,268,True,195,196,195,eos,False,130,0.7519379845,0.8818897638,0.1181102362,124,0.9538461538
label_efficiency,k010,baseline,0,0,269,True,155,156,155,eos,False,94,0.8602150538,0.978021978,0.02197802198,93,0.9893617021
label_efficiency,k010,baseline,0,0,270,True,300,301,300,eos,False,166,0.6727272727,0.8588957055,0.1411042945,165,0.9939759036
label_efficiency,k010,baseline,0,0,271,False,106,107,106,eos,False,72,0.9436619718,1,0,65,0.9027777778
label_efficiency,k010,baseline,0,0,272,True,191,192,191,eos,False,106,0.8761904762,0.9708737864,0.02912621359,105,0.9905660377
label_efficiency,k010,baseline,0,0,273,False,274,275,274,eos,False,163,0.8148148148,0.96875,0.03125,154,0.9447852761
label_efficiency,k010,baseline,0,0,274,True,378,379,378,eos,False,227,0.5486725664,0.71875,0.28125,226,0.9955947137
label_efficiency,k010,baseline,0,0,275,False,512,512,512,max_new_tokens,True,304,0.5115511551,0.7508305648,0.2491694352,,
label_efficiency,k010,baseline,0,0,276,True,360,361,360,eos,False,222,0.6334841629,0.8675799087,0.1324200913,221,0.9954954955
label_efficiency,k010,baseline,0,0,277,False,194,195,194,eos,False,109,0.8703703704,0.9528301887,0.04716981132,47,0.4311926606
label_efficiency,k010,baseline,0,0,278,True,272,273,272,eos,False,193,0.8958333333,0.9842105263,0.01578947368,88,0.4559585492
label_efficiency,k010,baseline,0,0,279,True,318,319,318,eos,False,219,0.7844036697,0.9305555556,0.06944444444,218,0.99543379
label_efficiency,k010,baseline,0,0,280,True,109,110,109,eos,False,73,0.9722222222,1,0,72,0.9863013699
label_efficiency,k010,baseline,0,0,281,False,512,512,512,max_new_tokens,True,271,0.7185185185,0.8880597015,0.1119402985,,
label_efficiency,k010,baseline,0,0,282,True,294,295,294,eos,False,171,0.8294117647,0.9642857143,0.03571428571,167,0.9766081871
label_efficiency,k010,baseline,0,0,283,True,277,278,277,eos,False,171,0.8588235294,1,0,170,0.9941520468
label_efficiency,k010,baseline,0,0,284,True,289,290,289,eos,False,178,0.6836158192,0.8628571429,0.1371428571,177,0.9943820225
label_efficiency,k010,baseline,0,0,285,True,226,227,226,eos,False,145,0.8541666667,0.9929577465,0.007042253521,144,0.9931034483
label_efficiency,k010,baseline,0,0,286,False,151,152,151,eos,False,88,0.9540229885,1,0,87,0.9886363636
label_efficiency,k010,baseline,0,0,287,True,312,313,312,eos,False,202,0.815920398,0.9698492462,0.03015075377,201,0.995049505
label_efficiency,k010,baseline,0,0,288,True,185,186,185,eos,False,108,0.9065420561,0.9904761905,0.009523809524,107,0.9907407407
label_efficiency,k010,baseline,0,0,289,True,289,290,289,eos,False,167,0.8012048193,0.9512195122,0.0487804878,161,0.9640718563
label_efficiency,k010,baseline,0,0,290,True,500,501,500,eos,False,333,0.5873493976,0.8151515152,0.1848484848,175,0.5255255255
label_efficiency,k010,baseline,0,0,291,True,253,254,253,eos,False,163,0.8024691358,0.95625,0.04375,160,0.981595092
label_efficiency,k010,baseline,0,0,292,False,327,328,327,eos,False,170,0.8875739645,0.994011976,0.005988023952,169,0.9941176471
label_efficiency,k010,baseline,0,0,293,False,343,344,343,eos,False,209,0.8221153846,0.9466019417,0.05339805825,208,0.995215311
label_efficiency,k010,baseline,0,0,294,False,373,374,373,eos,False,193,0.859375,0.9684210526,0.03157894737,192,0.9948186528
label_efficiency,k010,baseline,0,0,295,True,304,305,304,eos,False,151,0.7533333333,0.9054054054,0.09459459459,133,0.880794702
label_efficiency,k010,baseline,0,0,296,True,262,263,262,eos,False,186,0.8108108108,0.9453551913,0.05464480874,185,0.9946236559
label_efficiency,k010,baseline,0,0,297,True,295,296,295,eos,False,179,0.8314606742,0.9829545455,0.01704545455,171,0.9553072626
label_efficiency,k010,baseline,0,0,298,False,213,214,213,eos,False,118,0.9230769231,1,0,116,0.9830508475
label_efficiency,k010,baseline,0,0,299,False,242,243,242,eos,False,161,0.80625,0.9620253165,0.03797468354,160,0.9937888199
label_efficiency,k010,target_labels_k010,20,0.1,200,True,136,137,136,eos,False,93,0.8043478261,0.9666666667,0.03333333333,83,0.8924731183
label_efficiency,k010,target_labels_k010,20,0.1,201,True,480,481,480,eos,False,251,0.732,0.9072580645,0.09274193548,250,0.9960159363
label_efficiency,k010,target_labels_k010,20,0.1,202,True,114,115,114,eos,False,55,0.9444444444,1,0,49,0.8909090909
label_efficiency,k010,target_labels_k010,20,0.1,203,True,299,300,299,eos,False,191,0.8842105263,0.9893617021,0.01063829787,190,0.9947643979
label_efficiency,k010,target_labels_k010,20,0.1,204,True,147,148,147,eos,False,95,0.8404255319,0.9456521739,0.05434782609,94,0.9894736842
label_efficiency,k010,target_labels_k010,20,0.1,205,False,343,344,343,eos,False,177,0.8863636364,0.9942528736,0.005747126437,166,0.9378531073
label_efficiency,k010,target_labels_k010,20,0.1,206,True,209,210,209,eos,False,145,0.75,0.8661971831,0.1338028169,143,0.9862068966
label_efficiency,k010,target_labels_k010,20,0.1,207,True,290,291,290,eos,False,169,0.7797619048,0.9036144578,0.09638554217,154,0.9112426036
label_efficiency,k010,target_labels_k010,20,0.1,208,True,190,191,190,eos,False,134,0.6992481203,0.8778625954,0.1221374046,133,0.9925373134
label_efficiency,k010,target_labels_k010,20,0.1,209,False,311,312,311,eos,False,170,0.8343195266,0.9700598802,0.02994011976,168,0.9882352941
label_efficiency,k010,target_labels_k010,20,0.1,210,False,332,333,332,eos,False,218,0.8525345622,0.9674418605,0.03255813953,217,0.995412844
label_efficiency,k010,target_labels_k010,20,0.1,211,True,291,292,291,eos,False,198,0.7766497462,0.9435897436,0.05641025641,195,0.9848484848
label_efficiency,k010,target_labels_k010,20,0.1,212,True,220,221,220,eos,False,160,0.9056603774,0.9936305732,0.006369426752,159,0.99375
label_efficiency,k010,target_labels_k010,20,0.1,213,False,512,512,512,max_new_tokens,True,321,0.66875,0.8176100629,0.1823899371,,
label_efficiency,k010,target_labels_k010,20,0.1,214,False,512,512,512,max_new_tokens,True,320,0.6206896552,0.7728706625,0.2271293375,,
label_efficiency,k010,target_labels_k010,20,0.1,215,True,146,147,146,eos,False,80,0.9240506329,0.987012987,0.01298701299,70,0.875
label_efficiency,k010,target_labels_k010,20,0.1,216,True,231,232,231,eos,False,134,0.8571428571,0.9770992366,0.02290076336,133,0.9925373134
label_efficiency,k010,target_labels_k010,20,0.1,217,True,223,224,223,eos,False,162,0.7763975155,0.9433962264,0.05660377358,161,0.9938271605
label_efficiency,k010,target_labels_k010,20,0.1,218,True,425,426,425,eos,False,265,0.7234848485,0.9389312977,0.06106870229,247,0.9320754717
label_efficiency,k010,target_labels_k010,20,0.1,219,True,372,373,372,eos,False,235,0.8162393162,0.9827586207,0.01724137931,233,0.9914893617
label_efficiency,k010,target_labels_k010,20,0.1,220,True,165,166,165,eos,False,87,0.9534883721,1,0,79,0.908045977
label_efficiency,k010,target_labels_k010,20,0.1,221,True,192,193,192,eos,False,120,0.9075630252,0.9914529915,0.008547008547,118,0.9833333333
label_efficiency,k010,target_labels_k010,20,0.1,222,True,188,189,188,eos,False,104,0.6213592233,0.8811881188,0.1188118812,103,0.9903846154
label_efficiency,k010,target_labels_k010,20,0.1,223,True,263,264,263,eos,False,134,0.8646616541,0.9694656489,0.03053435115,133,0.9925373134
label_efficiency,k010,target_labels_k010,20,0.1,224,True,206,207,206,eos,False,141,0.7857142857,0.9057971014,0.09420289855,140,0.9929078014
label_efficiency,k010,target_labels_k010,20,0.1,225,True,271,272,271,eos,False,202,0.8009950249,0.9296482412,0.07035175879,201,0.995049505
label_efficiency,k010,target_labels_k010,20,0.1,226,False,270,271,270,eos,False,162,0.8757763975,0.9874213836,0.01257861635,161,0.9938271605
label_efficiency,k010,target_labels_k010,20,0.1,227,False,204,205,204,eos,False,108,0.953271028,1,0,107,0.9907407407
label_efficiency,k010,target_labels_k010,20,0.1,228,True,293,294,293,eos,False,174,0.8786127168,0.9824561404,0.01754385965,172,0.9885057471
label_efficiency,k010,target_labels_k010,20,0.1,229,True,362,363,362,eos,False,177,0.8522727273,0.9770114943,0.02298850575,176,0.9943502825
label_efficiency,k010,target_labels_k010,20,0.1,230,False,164,165,164,eos,False,73,0.8888888889,1,0,72,0.9863013699
label_efficiency,k010,target_labels_k010,20,0.1,231,True,161,162,161,eos,False,115,0.8245614035,0.9553571429,0.04464285714,114,0.9913043478
label_efficiency,k010,target_labels_k010,20,0.1,232,True,176,177,176,eos,False,106,0.8476190476,0.9805825243,0.01941747573,105,0.9905660377
label_efficiency,k010,target_labels_k010,20,0.1,233,False,251,252,251,eos,False,143,0.7957746479,0.9642857143,0.03571428571,142,0.993006993
label_efficiency,k010,target_labels_k010,20,0.1,234,False,238,239,238,eos,False,163,0.8148148148,0.95,0.05,146,0.8957055215
label_efficiency,k010,target_labels_k010,20,0.1,235,True,190,191,190,eos,False,113,0.9107142857,0.9909090909,0.009090909091,111,0.982300885
label_efficiency,k010,target_labels_k010,20,0.1,236,False,401,402,401,eos,False,243,0.9049586777,0.9916666667,0.008333333333,242,0.9958847737
label_efficiency,k010,target_labels_k010,20,0.1,237,True,147,148,147,eos,False,96,0.9052631579,0.9784946237,0.02150537634,95,0.9895833333
label_efficiency,k010,target_labels_k010,20,0.1,238,True,255,256,255,eos,False,168,0.8443113772,0.9454545455,0.05454545455,154,0.9166666667
label_efficiency,k010,target_labels_k010,20,0.1,239,True,308,309,308,eos,False,187,0.7258064516,0.9184782609,0.08152173913,186,0.9946524064
label_efficiency,k010,target_labels_k010,20,0.1,240,True,372,373,372,eos,False,228,0.7973568282,0.9822222222,0.01777777778,227,0.9956140351
label_efficiency,k010,target_labels_k010,20,0.1,241,False,239,240,239,eos,False,153,0.7763157895,0.9333333333,0.06666666667,152,0.9934640523
label_efficiency,k010,target_labels_k010,20,0.1,242,True,355,356,355,eos,False,219,0.880733945,0.9907407407,0.009259259259,217,0.9908675799
label_efficiency,k010,target_labels_k010,20,0.1,243,True,295,296,295,eos,False,172,0.6842105263,0.899408284,0.100591716,171,0.9941860465
label_efficiency,k010,target_labels_k010,20,0.1,244,True,327,328,327,eos,False,184,0.868852459,0.9889502762,0.01104972376,182,0.9891304348
label_efficiency,k010,target_labels_k010,20,0.1,245,False,227,228,227,eos,False,160,0.7295597484,0.8917197452,0.1082802548,109,0.68125
label_efficiency,k010,target_labels_k010,20,0.1,246,False,279,280,279,eos,False,151,0.8,0.9391891892,0.06081081081,150,0.9933774834
label_efficiency,k010,target_labels_k010,20,0.1,247,True,231,232,231,eos,False,137,0.9191176471,1,0,136,0.9927007299
label_efficiency,k010,target_labels_k010,20,0.1,248,True,104,105,104,eos,False,63,0.9677419355,1,0,59,0.9365079365
label_efficiency,k010,target_labels_k010,20,0.1,249,False,430,431,430,eos,False,267,0.7255639098,0.9166666667,0.08333333333,266,0.9962546816
label_efficiency,k010,target_labels_k010,20,0.1,250,False,382,383,382,eos,False,243,0.7024793388,0.9083333333,0.09166666667,242,0.9958847737
label_efficiency,k010,target_labels_k010,20,0.1,251,False,73,74,73,eos,False,49,0.9166666667,0.9565217391,0.04347826087,48,0.9795918367
label_efficiency,k010,target_labels_k010,20,0.1,252,False,288,289,288,eos,False,177,0.7670454545,0.9655172414,0.03448275862,176,0.9943502825
label_efficiency,k010,target_labels_k010,20,0.1,253,False,101,102,101,eos,False,54,0.8679245283,0.9803921569,0.01960784314,53,0.9814814815
label_efficiency,k010,target_labels_k010,20,0.1,254,True,284,285,284,eos,False,157,0.7884615385,0.9090909091,0.09090909091,156,0.9936305732
label_efficiency,k010,target_labels_k010,20,0.1,255,False,306,307,306,eos,False,176,0.8914285714,0.9768786127,0.02312138728,175,0.9943181818
label_efficiency,k010,target_labels_k010,20,0.1,256,True,255,256,255,eos,False,152,0.7152317881,0.8456375839,0.1543624161,150,0.9868421053
label_efficiency,k010,target_labels_k010,20,0.1,257,True,308,309,308,eos,False,174,0.8150289017,0.9707602339,0.02923976608,163,0.9367816092
label_efficiency,k010,target_labels_k010,20,0.1,258,True,121,122,121,eos,False,83,0.9146341463,0.975,0.025,82,0.9879518072
label_efficiency,k010,target_labels_k010,20,0.1,259,False,336,337,336,eos,False,218,0.6958525346,0.9162790698,0.08372093023,217,0.995412844
label_efficiency,k010,target_labels_k010,20,0.1,260,False,257,258,257,eos,False,187,0.7096774194,0.8695652174,0.1304347826,186,0.9946524064
label_efficiency,k010,target_labels_k010,20,0.1,261,True,279,280,279,eos,False,138,0.8175182482,0.9555555556,0.04444444444,137,0.9927536232
label_efficiency,k010,target_labels_k010,20,0.1,262,True,194,195,194,eos,False,114,0.9203539823,1,0,113,0.9912280702
label_efficiency,k010,target_labels_k010,20,0.1,263,False,101,102,101,eos,False,44,0.9302325581,0.9756097561,0.0243902439,38,0.8636363636
label_efficiency,k010,target_labels_k010,20,0.1,264,True,156,157,156,eos,False,87,0.9302325581,1,0,86,0.9885057471
label_efficiency,k010,target_labels_k010,20,0.1,265,True,282,283,282,eos,False,158,0.7324840764,0.9290322581,0.07096774194,157,0.9936708861
label_efficiency,k010,target_labels_k010,20,0.1,266,True,331,332,331,eos,False,163,0.7222222222,0.91875,0.08125,162,0.9938650307
label_efficiency,k010,target_labels_k010,20,0.1,267,False,285,286,285,eos,False,172,0.7894736842,0.9644970414,0.03550295858,170,0.988372093
label_efficiency,k010,target_labels_k010,20,0.1,268,True,195,196,195,eos,False,130,0.7519379845,0.8818897638,0.1181102362,124,0.9538461538
label_efficiency,k010,target_labels_k010,20,0.1,269,True,155,156,155,eos,False,94,0.8602150538,0.978021978,0.02197802198,93,0.9893617021
label_efficiency,k010,target_labels_k010,20,0.1,270,True,302,303,302,eos,False,176,0.6342857143,0.8612716763,0.1387283237,175,0.9943181818
label_efficiency,k010,target_labels_k010,20,0.1,271,False,183,184,183,eos,False,127,0.8492063492,0.9516129032,0.04838709677,126,0.9921259843
label_efficiency,k010,target_labels_k010,20,0.1,272,True,195,196,195,eos,False,115,0.850877193,0.9910714286,0.008928571429,114,0.9913043478
label_efficiency,k010,target_labels_k010,20,0.1,273,False,274,275,274,eos,False,163,0.8148148148,0.96875,0.03125,154,0.9447852761
label_efficiency,k010,target_labels_k010,20,0.1,274,True,381,382,381,eos,False,228,0.5286343612,0.72,0.28,227,0.9956140351
label_efficiency,k010,target_labels_k010,20,0.1,275,False,300,302,301,eos,False,182,0.7403314917,0.8938547486,0.1061452514,181,0.9945054945
label_efficiency,k010,target_labels_k010,20,0.1,276,True,360,361,360,eos,False,222,0.6334841629,0.8675799087,0.1324200913,221,0.9954954955
label_efficiency,k010,target_labels_k010,20,0.1,277,True,189,190,189,eos,False,122,0.9173553719,0.974789916,0.02521008403,120,0.9836065574
label_efficiency,k010,target_labels_k010,20,0.1,278,True,364,365,364,eos,False,244,0.7119341564,0.8755186722,0.1244813278,93,0.381147541
label_efficiency,k010,target_labels_k010,20,0.1,279,True,394,395,394,eos,False,259,0.7325581395,0.9453125,0.0546875,195,0.7528957529
label_efficiency,k010,target_labels_k010,20,0.1,280,True,121,122,121,eos,False,85,0.8928571429,0.9756097561,0.0243902439,84,0.9882352941
label_efficiency,k010,target_labels_k010,20,0.1,281,False,488,489,488,eos,False,270,0.7881040892,0.9138576779,0.0861423221,252,0.9333333333
label_efficiency,k010,target_labels_k010,20,0.1,282,True,281,282,281,eos,False,162,0.8571428571,0.9685534591,0.03144654088,158,0.975308642
label_efficiency,k010,target_labels_k010,20,0.1,283,True,277,278,277,eos,False,171,0.8588235294,1,0,170,0.9941520468
label_efficiency,k010,target_labels_k010,20,0.1,284,True,512,512,512,max_new_tokens,True,312,0.4501607717,0.6601941748,0.3398058252,173,0.5544871795
label_efficiency,k010,target_labels_k010,20,0.1,285,True,247,248,247,eos,False,155,0.7727272727,0.9934210526,0.006578947368,154,0.9935483871
label_efficiency,k010,target_labels_k010,20,0.1,286,False,168,169,168,eos,False,97,0.9375,1,0,96,0.9896907216
label_efficiency,k010,target_labels_k010,20,0.1,287,False,512,512,512,max_new_tokens,True,305,0.7730263158,0.9470198675,0.05298013245,,
label_efficiency,k010,target_labels_k010,20,0.1,288,True,214,215,214,eos,False,127,0.8571428571,0.9596774194,0.04032258065,117,0.9212598425
label_efficiency,k010,target_labels_k010,20,0.1,289,True,302,303,302,eos,False,174,0.7919075145,0.9356725146,0.06432748538,168,0.9655172414
label_efficiency,k010,target_labels_k010,20,0.1,290,True,274,275,274,eos,False,178,0.7062146893,0.8971428571,0.1028571429,162,0.9101123596
label_efficiency,k010,target_labels_k010,20,0.1,291,True,228,229,228,eos,False,149,0.8108108108,0.9726027397,0.02739726027,146,0.9798657718
label_efficiency,k010,target_labels_k010,20,0.1,292,False,342,343,342,eos,False,183,0.8846153846,1,0,182,0.9945355191
label_efficiency,k010,target_labels_k010,20,0.1,293,False,311,312,311,eos,False,212,0.7819905213,0.9234449761,0.07655502392,211,0.9952830189
label_efficiency,k010,target_labels_k010,20,0.1,294,True,298,299,298,eos,False,180,0.8156424581,0.9491525424,0.05084745763,179,0.9944444444
label_efficiency,k010,target_labels_k010,20,0.1,295,True,305,306,305,eos,False,146,0.7655172414,0.9090909091,0.09090909091,128,0.8767123288
label_efficiency,k010,target_labels_k010,20,0.1,296,False,256,257,256,eos,False,163,0.8395061728,0.975,0.025,161,0.9877300613
label_efficiency,k010,target_labels_k010,20,0.1,297,False,340,341,340,eos,False,196,0.7846153846,0.9792746114,0.0207253886,188,0.9591836735
label_efficiency,k010,target_labels_k010,20,0.1,298,False,428,429,428,eos,False,235,0.8290598291,0.9870689655,0.01293103448,233,0.9914893617
label_efficiency,k010,target_labels_k010,20,0.1,299,False,488,489,488,eos,False,275,0.7773722628,0.9375,0.0625,140,0.5090909091
label_efficiency,k020,baseline,0,0,200,True,235,236,235,eos,False,148,0.7074829932,0.8620689655,0.1379310345,146,0.9864864865
label_efficiency,k020,baseline,0,0,201,True,371,372,371,eos,False,207,0.8300970874,0.9607843137,0.03921568627,203,0.9806763285
label_efficiency,k020,baseline,0,0,202,True,159,160,159,eos,False,120,0.8655462185,0.9914529915,0.008547008547,112,0.9333333333
label_efficiency,k020,baseline,0,0,203,True,302,303,302,eos,False,192,0.8534031414,0.9841269841,0.01587301587,191,0.9947916667
label_efficiency,k020,baseline,0,0,204,True,355,356,355,eos,False,207,0.7912621359,0.9166666667,0.08333333333,106,0.5120772947
label_efficiency,k020,baseline,0,0,205,False,384,385,384,eos,False,223,0.8513513514,0.9954545455,0.004545454545,212,0.9506726457
label_efficiency,k020,baseline,0,0,206,False,213,214,213,eos,False,128,0.7637795276,0.92,0.08,65,0.5078125
label_efficiency,k020,baseline,0,0,207,True,225,226,225,eos,False,124,0.8455284553,0.9669421488,0.03305785124,119,0.9596774194
label_efficiency,k020,baseline,0,0,208,True,190,191,190,eos,False,134,0.6992481203,0.8778625954,0.1221374046,133,0.9925373134
label_efficiency,k020,baseline,0,0,209,False,512,512,512,max_new_tokens,True,336,0.8029850746,0.9129129129,0.08708708709,231,0.6875
label_efficiency,k020,baseline,0,0,210,True,356,357,356,eos,False,239,0.8067226891,0.9661016949,0.03389830508,238,0.9958158996
label_efficiency,k020,baseline,0,0,211,True,389,390,389,eos,False,257,0.73046875,0.9212598425,0.07874015748,195,0.7587548638
label_efficiency,k020,baseline,0,0,212,True,328,329,328,eos,False,255,0.905511811,0.9603174603,0.03968253968,156,0.6117647059
label_efficiency,k020,baseline,0,0,213,False,512,512,512,max_new_tokens,True,344,0.6909620991,0.8387096774,0.1612903226,,
label_efficiency,k020,baseline,0,0,214,False,500,501,500,eos,False,338,0.7210682493,0.8985074627,0.1014925373,175,0.5177514793
label_efficiency,k020,baseline,0,0,215,True,146,147,146,eos,False,80,0.9240506329,0.987012987,0.01298701299,70,0.875
label_efficiency,k020,baseline,0,0,216,False,441,442,441,eos,False,227,0.7743362832,0.9508928571,0.04910714286,226,0.9955947137
label_efficiency,k020,baseline,0,0,217,True,214,215,214,eos,False,156,0.7870967742,0.9477124183,0.0522875817,155,0.9935897436
label_efficiency,k020,baseline,0,0,218,True,426,427,426,eos,False,266,0.6679245283,0.9125475285,0.08745247148,265,0.9962406015
label_efficiency,k020,baseline,0,0,219,True,365,366,365,eos,False,222,0.8054298643,0.9817351598,0.01826484018,220,0.990990991
label_efficiency,k020,baseline,0,0,220,False,159,160,159,eos,False,94,0.8602150538,0.956043956,0.04395604396,55,0.585106383
label_efficiency,k020,baseline,0,0,221,True,253,254,253,eos,False,150,0.7382550336,0.9523809524,0.04761904762,148,0.9866666667
label_efficiency,k020,baseline,0,0,222,True,278,279,278,eos,False,140,0.726618705,0.9270072993,0.07299270073,139,0.9928571429
label_efficiency,k020,baseline,0,0,223,True,218,219,218,eos,False,113,0.8214285714,0.9454545455,0.05454545455,112,0.9911504425
label_efficiency,k020,baseline,0,0,224,True,216,217,216,eos,False,147,0.7602739726,0.9097222222,0.09027777778,146,0.9931972789
label_efficiency,k020,baseline,0,0,225,False,360,361,360,eos,False,229,0.8245614035,0.9734513274,0.02654867257,228,0.9956331878
label_efficiency,k020,baseline,0,0,226,True,444,445,444,eos,False,196,0.9435897436,0.9896373057,0.0103626943,195,0.9948979592
label_efficiency,k020,baseline,0,0,227,False,217,218,217,eos,False,115,0.9385964912,1,0,114,0.9913043478
label_efficiency,k020,baseline,0,0,228,False,283,284,283,eos,False,199,0.7424242424,0.9387755102,0.0612244898,169,0.8492462312
label_efficiency,k020,baseline,0,0,229,True,374,375,374,eos,False,188,0.7647058824,0.8810810811,0.1189189189,187,0.9946808511
label_efficiency,k020,baseline,0,0,230,True,206,207,206,eos,False,101,0.75,0.8979591837,0.1020408163,96,0.9504950495
label_efficiency,k020,baseline,0,0,231,True,158,159,158,eos,False,111,0.8090909091,0.9444444444,0.05555555556,110,0.990990991
label_efficiency,k020,baseline,0,0,232,True,115,116,115,eos,False,85,0.8214285714,0.9390243902,0.06097560976,84,0.9882352941
label_efficiency,k020,baseline,0,0,233,False,259,260,259,eos,False,152,0.8013245033,0.9731543624,0.02684563758,151,0.9934210526
label_efficiency,k020,baseline,0,0,234,False,242,243,242,eos,False,167,0.8192771084,0.9573170732,0.04268292683,150,0.8982035928
label_efficiency,k020,baseline,0,0,235,True,189,190,189,eos,False,108,0.9158878505,1,0,106,0.9814814815
label_efficiency,k020,baseline,0,0,236,False,512,512,512,max_new_tokens,True,316,0.8063492063,0.9616613419,0.03833865815,,
label_efficiency,k020,baseline,0,0,237,True,114,115,114,eos,False,75,0.9324324324,0.9722222222,0.02777777778,74,0.9866666667
label_efficiency,k020,baseline,0,0,238,True,262,263,262,eos,False,171,0.8529411765,0.9464285714,0.05357142857,157,0.918128655
label_efficiency,k020,baseline,0,0,239,True,375,376,375,eos,False,209,0.7019230769,0.927184466,0.07281553398,208,0.995215311
label_efficiency,k020,baseline,0,0,240,True,311,312,311,eos,False,205,0.7794117647,0.9752475248,0.02475247525,204,0.9951219512
label_efficiency,k020,baseline,0,0,241,False,188,189,188,eos,False,112,0.7747747748,0.9266055046,0.07339449541,111,0.9910714286
label_efficiency,k020,baseline,0,0,242,False,382,383,382,eos,False,215,0.9158878505,0.9905660377,0.009433962264,214,0.9953488372
label_efficiency,k020,baseline,0,0,243,True,331,332,331,eos,False,202,0.6517412935,0.8693467337,0.1306532663,201,0.995049505
label_efficiency,k020,baseline,0,0,244,True,323,324,323,eos,False,176,0.8685714286,0.9768786127,0.02312138728,174,0.9886363636
label_efficiency,k020,baseline,0,0,245,False,512,512,512,max_new_tokens,True,349,0.6350574713,0.8497109827,0.1502890173,109,0.3123209169
label_efficiency,k020,baseline,0,0,246,True,295,296,295,eos,False,160,0.8867924528,0.9872611465,0.0127388535,159,0.99375
label_efficiency,k020,baseline,0,0,247,True,240,241,240,eos,False,140,0.9136690647,1,0,131,0.9357142857
label_efficiency,k020,baseline,0,0,248,True,148,149,148,eos,False,85,0.9166666667,1,0,81,0.9529411765
label_efficiency,k020,baseline,0,0,249,False,366,367,366,eos,False,220,0.7214611872,0.8986175115,0.1013824885,219,0.9954545455
label_efficiency,k020,baseline,0,0,250,False,305,306,305,eos,False,199,0.7222222222,0.9132653061,0.08673469388,198,0.9949748744
label_efficiency,k020,baseline,0,0,251,False,66,67,66,eos,False,45,0.9090909091,0.9523809524,0.04761904762,44,0.9777777778
label_efficiency,k020,baseline,0,0,252,False,291,292,291,eos,False,180,0.7765363128,0.9774011299,0.02259887006,179,0.9944444444
label_efficiency,k020,baseline,0,0,253,False,99,100,99,eos,False,52,0.8823529412,0.9795918367,0.02040816327,51,0.9807692308
label_efficiency,k020,baseline,0,0,254,False,382,383,382,eos,False,196,0.7076923077,0.8497409326,0.1502590674,195,0.9948979592
label_efficiency,k020,baseline,0,0,255,False,369,370,369,eos,False,223,0.7837837838,0.95,0.05,222,0.9955156951
label_efficiency,k020,baseline,0,0,256,True,263,264,263,eos,False,149,0.7702702703,0.9109589041,0.08904109589,148,0.9932885906
label_efficiency,k020,baseline,0,0,257,True,346,347,346,eos,False,179,0.8146067416,0.9829545455,0.01704545455,177,0.9888268156
label_efficiency,k020,baseline,0,0,258,True,192,193,192,eos,False,123,0.8360655738,0.9583333333,0.04166666667,122,0.9918699187
label_efficiency,k020,baseline,0,0,259,False,232,233,232,eos,False,146,0.7586206897,0.965034965,0.03496503497,145,0.9931506849
label_efficiency,k020,baseline,0,0,260,True,201,202,201,eos,False,123,0.9098360656,0.9916666667,0.008333333333,122,0.9918699187
label_efficiency,k020,baseline,0,0,261,True,259,260,259,eos,False,125,0.8387096774,0.9590163934,0.04098360656,124,0.992
label_efficiency,k020,baseline,0,0,262,True,193,194,193,eos,False,115,0.9210526316,1,0,114,0.9913043478
label_efficiency,k020,baseline,0,0,263,False,102,103,102,eos,False,44,0.9069767442,0.9512195122,0.0487804878,38,0.8636363636
label_efficiency,k020,baseline,0,0,264,True,156,157,156,eos,False,87,0.9302325581,1,0,86,0.9885057471
label_efficiency,k020,baseline,0,0,265,False,432,433,432,eos,False,192,0.6282722513,0.8888888889,0.1111111111,186,0.96875
label_efficiency,k020,baseline,0,0,266,True,353,354,353,eos,False,186,0.6486486486,0.8852459016,0.1147540984,185,0.9946236559
label_efficiency,k020,baseline,0,0,267,False,274,275,274,eos,False,187,0.752688172,0.9293478261,0.07065217391,185,0.9893048128
label_efficiency,k020,baseline,0,0,268,True,195,196,195,eos,False,130,0.7519379845,0.8818897638,0.1181102362,124,0.9538461538
label_efficiency,k020,baseline,0,0,269,True,155,156,155,eos,False,94,0.8602150538,0.978021978,0.02197802198,93,0.9893617021
label_efficiency,k020,baseline,0,0,270,True,300,301,300,eos,False,166,0.6727272727,0.8588957055,0.1411042945,165,0.9939759036
label_efficiency,k020,baseline,0,0,271,False,106,107,106,eos,False,72,0.9436619718,1,0,65,0.9027777778
label_efficiency,k020,baseline,0,0,272,True,191,192,191,eos,False,106,0.8761904762,0.9708737864,0.02912621359,105,0.9905660377
label_efficiency,k020,baseline,0,0,273,False,274,275,274,eos,False,163,0.8148148148,0.96875,0.03125,154,0.9447852761
label_efficiency,k020,baseline,0,0,274,True,378,379,378,eos,False,227,0.5486725664,0.71875,0.28125,226,0.9955947137
label_efficiency,k020,baseline,0,0,275,False,512,512,512,max_new_tokens,True,304,0.5115511551,0.7508305648,0.2491694352,,
label_efficiency,k020,baseline,0,0,276,True,360,361,360,eos,False,222,0.6334841629,0.8675799087,0.1324200913,221,0.9954954955
label_efficiency,k020,baseline,0,0,277,False,194,195,194,eos,False,109,0.8703703704,0.9528301887,0.04716981132,47,0.4311926606
label_efficiency,k020,baseline,0,0,278,True,272,273,272,eos,False,193,0.8958333333,0.9842105263,0.01578947368,88,0.4559585492
label_efficiency,k020,baseline,0,0,279,True,318,319,318,eos,False,219,0.7844036697,0.9305555556,0.06944444444,218,0.99543379
label_efficiency,k020,baseline,0,0,280,True,109,110,109,eos,False,73,0.9722222222,1,0,72,0.9863013699
label_efficiency,k020,baseline,0,0,281,False,512,512,512,max_new_tokens,True,271,0.7185185185,0.8880597015,0.1119402985,,
label_efficiency,k020,baseline,0,0,282,True,294,295,294,eos,False,171,0.8294117647,0.9642857143,0.03571428571,167,0.9766081871
label_efficiency,k020,baseline,0,0,283,True,277,278,277,eos,False,171,0.8588235294,1,0,170,0.9941520468
label_efficiency,k020,baseline,0,0,284,True,289,290,289,eos,False,178,0.6836158192,0.8628571429,0.1371428571,177,0.9943820225
label_efficiency,k020,baseline,0,0,285,True,226,227,226,eos,False,145,0.8541666667,0.9929577465,0.007042253521,144,0.9931034483
label_efficiency,k020,baseline,0,0,286,False,151,152,151,eos,False,88,0.9540229885,1,0,87,0.9886363636
label_efficiency,k020,baseline,0,0,287,True,312,313,312,eos,False,202,0.815920398,0.9698492462,0.03015075377,201,0.995049505
label_efficiency,k020,baseline,0,0,288,True,185,186,185,eos,False,108,0.9065420561,0.9904761905,0.009523809524,107,0.9907407407
label_efficiency,k020,baseline,0,0,289,True,289,290,289,eos,False,167,0.8012048193,0.9512195122,0.0487804878,161,0.9640718563
label_efficiency,k020,baseline,0,0,290,True,500,501,500,eos,False,333,0.5873493976,0.8151515152,0.1848484848,175,0.5255255255
label_efficiency,k020,baseline,0,0,291,True,253,254,253,eos,False,163,0.8024691358,0.95625,0.04375,160,0.981595092
label_efficiency,k020,baseline,0,0,292,False,327,328,327,eos,False,170,0.8875739645,0.994011976,0.005988023952,169,0.9941176471
label_efficiency,k020,baseline,0,0,293,False,343,344,343,eos,False,209,0.8221153846,0.9466019417,0.05339805825,208,0.995215311
label_efficiency,k020,baseline,0,0,294,False,373,374,373,eos,False,193,0.859375,0.9684210526,0.03157894737,192,0.9948186528
label_efficiency,k020,baseline,0,0,295,True,304,305,304,eos,False,151,0.7533333333,0.9054054054,0.09459459459,133,0.880794702
label_efficiency,k020,baseline,0,0,296,True,262,263,262,eos,False,186,0.8108108108,0.9453551913,0.05464480874,185,0.9946236559
label_efficiency,k020,baseline,0,0,297,True,295,296,295,eos,False,179,0.8314606742,0.9829545455,0.01704545455,171,0.9553072626
label_efficiency,k020,baseline,0,0,298,False,213,214,213,eos,False,118,0.9230769231,1,0,116,0.9830508475
label_efficiency,k020,baseline,0,0,299,False,242,243,242,eos,False,161,0.80625,0.9620253165,0.03797468354,160,0.9937888199
label_efficiency,k020,target_labels_k020,20,0.1,200,True,137,138,137,eos,False,95,0.7340425532,0.8695652174,0.1304347826,89,0.9368421053
label_efficiency,k020,target_labels_k020,20,0.1,201,True,401,402,401,eos,False,216,0.7953488372,0.9765258216,0.0234741784,215,0.9953703704
label_efficiency,k020,target_labels_k020,20,0.1,202,True,118,119,118,eos,False,61,0.9666666667,1,0,55,0.9016393443
label_efficiency,k020,target_labels_k020,20,0.1,203,True,306,307,306,eos,False,200,0.7989949749,0.9543147208,0.04568527919,199,0.995
label_efficiency,k020,target_labels_k020,20,0.1,204,True,195,196,195,eos,False,145,0.7916666667,0.9366197183,0.06338028169,144,0.9931034483
label_efficiency,k020,target_labels_k020,20,0.1,205,False,185,186,185,eos,False,103,0.8921568627,0.94,0.06,91,0.8834951456
label_efficiency,k020,target_labels_k020,20,0.1,206,False,360,361,360,eos,False,220,0.6301369863,0.8064516129,0.1935483871,218,0.9909090909
label_efficiency,k020,target_labels_k020,20,0.1,207,True,290,291,290,eos,False,169,0.7797619048,0.9036144578,0.09638554217,154,0.9112426036
label_efficiency,k020,target_labels_k020,20,0.1,208,True,190,191,190,eos,False,134,0.6992481203,0.8778625954,0.1221374046,133,0.9925373134
label_efficiency,k020,target_labels_k020,20,0.1,209,False,327,328,327,eos,False,195,0.7319587629,0.9583333333,0.04166666667,193,0.9897435897
label_efficiency,k020,target_labels_k020,20,0.1,210,False,359,360,359,eos,False,248,0.8421052632,0.9795918367,0.02040816327,247,0.9959677419
label_efficiency,k020,target_labels_k020,20,0.1,211,True,227,228,227,eos,False,152,0.7748344371,0.9395973154,0.06040268456,151,0.9934210526
label_efficiency,k020,target_labels_k020,20,0.1,212,True,286,287,286,eos,False,181,0.8333333333,0.9606741573,0.0393258427,175,0.9668508287
label_efficiency,k020,target_labels_k020,20,0.1,213,False,237,238,237,eos,False,128,0.8188976378,0.968,0.032,124,0.96875
label_efficiency,k020,target_labels_k020,20,0.1,214,False,385,386,385,eos,False,301,0.8366666667,0.9597315436,0.04026845638,133,0.4418604651
label_efficiency,k020,target_labels_k020,20,0.1,215,True,146,147,146,eos,False,80,0.9240506329,0.987012987,0.01298701299,70,0.875
label_efficiency,k020,target_labels_k020,20,0.1,216,False,351,352,351,eos,False,200,0.8894472362,0.9949238579,0.005076142132,185,0.925
label_efficiency,k020,target_labels_k020,20,0.1,217,True,183,184,183,eos,False,137,0.7647058824,0.9626865672,0.03731343284,136,0.9927007299
label_efficiency,k020,target_labels_k020,20,0.1,218,True,351,352,351,eos,False,229,0.7324561404,0.9469026549,0.05309734513,228,0.9956331878
label_efficiency,k020,target_labels_k020,20,0.1,219,True,336,337,336,eos,False,198,0.7918781726,0.9641025641,0.0358974359,197,0.9949494949
label_efficiency,k020,target_labels_k020,20,0.1,220,True,153,154,153,eos,False,86,0.9764705882,1,0,85,0.988372093
label_efficiency,k020,target_labels_k020,20,0.1,221,True,198,199,198,eos,False,126,0.888,0.9837398374,0.0162601626,125,0.9920634921
label_efficiency,k020,target_labels_k020,20,0.1,222,True,188,189,188,eos,False,104,0.6213592233,0.8811881188,0.1188118812,103,0.9903846154
label_efficiency,k020,target_labels_k020,20,0.1,223,True,217,218,217,eos,False,109,0.8888888889,0.9716981132,0.02830188679,108,0.9908256881
label_efficiency,k020,target_labels_k020,20,0.1,224,True,206,207,206,eos,False,141,0.7857142857,0.9057971014,0.09420289855,140,0.9929078014
label_efficiency,k020,target_labels_k020,20,0.1,225,True,229,230,229,eos,False,165,0.8109756098,0.9444444444,0.05555555556,164,0.9939393939
label_efficiency,k020,target_labels_k020,20,0.1,226,True,327,328,327,eos,False,174,0.9421965318,1,0,173,0.9942528736
label_efficiency,k020,target_labels_k020,20,0.1,227,False,204,205,204,eos,False,108,0.953271028,1,0,107,0.9907407407
label_efficiency,k020,target_labels_k020,20,0.1,228,True,288,289,288,eos,False,170,0.8875739645,0.9880239521,0.0119760479,168,0.9882352941
label_efficiency,k020,target_labels_k020,20,0.1,229,True,362,363,362,eos,False,177,0.8522727273,0.9770114943,0.02298850575,176,0.9943502825
label_efficiency,k020,target_labels_k020,20,0.1,230,False,167,168,167,eos,False,77,0.8421052632,0.972972973,0.02702702703,72,0.9350649351
label_efficiency,k020,target_labels_k020,20,0.1,231,True,174,175,174,eos,False,118,0.8205128205,0.9565217391,0.04347826087,114,0.9661016949
label_efficiency,k020,target_labels_k020,20,0.1,232,True,171,172,171,eos,False,98,0.824742268,0.9473684211,0.05263157895,97,0.9897959184
label_efficiency,k020,target_labels_k020,20,0.1,233,False,247,248,247,eos,False,145,0.7847222222,0.9788732394,0.02112676056,144,0.9931034483
label_efficiency,k020,target_labels_k020,20,0.1,234,False,235,236,235,eos,False,140,0.8992805755,0.9708029197,0.02919708029,128,0.9142857143
label_efficiency,k020,target_labels_k020,20,0.1,235,True,164,165,164,eos,False,99,0.9285714286,0.9791666667,0.02083333333,98,0.9898989899
label_efficiency,k020,target_labels_k020,20,0.1,236,False,456,457,456,eos,False,292,0.8213058419,0.9688581315,0.03114186851,291,0.9965753425
label_efficiency,k020,target_labels_k020,20,0.1,237,True,114,115,114,eos,False,75,0.9324324324,0.9722222222,0.02777777778,74,0.9866666667
label_efficiency,k020,target_labels_k020,20,0.1,238,True,285,286,285,eos,False,202,0.776119403,0.959798995,0.04020100503,188,0.9306930693
label_efficiency,k020,target_labels_k020,20,0.1,239,True,258,259,258,eos,False,155,0.7402597403,0.9144736842,0.08552631579,154,0.9935483871
label_efficiency,k020,target_labels_k020,20,0.1,240,True,269,270,269,eos,False,172,0.8479532164,0.9940828402,0.005917159763,171,0.9941860465
label_efficiency,k020,target_labels_k020,20,0.1,241,True,212,213,212,eos,False,130,0.7906976744,0.937007874,0.06299212598,129,0.9923076923
label_efficiency,k020,target_labels_k020,20,0.1,242,False,272,273,272,eos,False,172,0.9415204678,0.9940828402,0.005917159763,158,0.9186046512
label_efficiency,k020,target_labels_k020,20,0.1,243,True,183,184,183,eos,False,122,0.7933884298,0.8571428571,0.1428571429,121,0.9918032787
label_efficiency,k020,target_labels_k020,20,0.1,244,True,266,267,266,eos,False,177,0.8352272727,0.9712643678,0.02873563218,175,0.988700565
label_efficiency,k020,target_labels_k020,20,0.1,245,False,141,142,141,eos,False,95,0.8191489362,0.9347826087,0.0652173913,94,0.9894736842
label_efficiency,k020,target_labels_k020,20,0.1,246,False,241,242,241,eos,False,133,0.8409090909,0.9538461538,0.04615384615,132,0.992481203
label_efficiency,k020,target_labels_k020,20,0.1,247,True,239,240,239,eos,False,140,0.9136690647,1,0,131,0.9357142857
label_efficiency,k020,target_labels_k020,20,0.1,248,True,104,105,104,eos,False,59,0.9655172414,1,0,55,0.9322033898
label_efficiency,k020,target_labels_k020,20,0.1,249,False,400,401,400,eos,False,247,0.7032520325,0.9016393443,0.09836065574,231,0.9352226721
label_efficiency,k020,target_labels_k020,20,0.1,250,False,343,344,343,eos,False,227,0.6725663717,0.9017857143,0.09821428571,226,0.9955947137
label_efficiency,k020,target_labels_k020,20,0.1,251,True,180,181,180,eos,False,117,0.775862069,0.9473684211,0.05263157895,116,0.9914529915
label_efficiency,k020,target_labels_k020,20,0.1,252,False,288,289,288,eos,False,177,0.7670454545,0.9655172414,0.03448275862,176,0.9943502825
label_efficiency,k020,target_labels_k020,20,0.1,253,False,99,100,99,eos,False,52,0.8823529412,0.9795918367,0.02040816327,51,0.9807692308
label_efficiency,k020,target_labels_k020,20,0.1,254,False,249,250,249,eos,False,132,0.7938931298,0.9147286822,0.08527131783,131,0.9924242424
label_efficiency,k020,target_labels_k020,20,0.1,255,False,350,351,350,eos,False,203,0.8564356436,0.985,0.015,202,0.9950738916
label_efficiency,k020,target_labels_k020,20,0.1,256,True,173,174,173,eos,False,109,0.8055555556,0.9245283019,0.07547169811,108,0.9908256881
label_efficiency,k020,target_labels_k020,20,0.1,257,True,268,269,268,eos,False,147,0.8493150685,0.9722222222,0.02777777778,136,0.925170068
label_efficiency,k020,target_labels_k020,20,0.1,258,True,152,153,152,eos,False,108,0.7757009346,0.9047619048,0.09523809524,107,0.9907407407
label_efficiency,k020,target_labels_k020,20,0.1,259,False,293,294,293,eos,False,187,0.7903225806,0.9891304348,0.01086956522,186,0.9946524064
label_efficiency,k020,target_labels_k020,20,0.1,260,False,228,229,228,eos,False,164,0.7423312883,0.8881987578,0.1118012422,163,0.993902439
label_efficiency,k020,target_labels_k020,20,0.1,261,True,308,309,308,eos,False,149,0.8851351351,0.9794520548,0.02054794521,148,0.9932885906
label_efficiency,k020,target_labels_k020,20,0.1,262,True,192,193,192,eos,False,114,0.9203539823,1,0,113,0.9912280702
label_efficiency,k020,target_labels_k020,20,0.1,263,False,103,104,103,eos,False,46,0.9111111111,0.9534883721,0.04651162791,40,0.8695652174
label_efficiency,k020,target_labels_k020,20,0.1,264,True,158,159,158,eos,False,87,0.8953488372,0.9523809524,0.04761904762,86,0.9885057471
label_efficiency,k020,target_labels_k020,20,0.1,265,False,274,275,274,eos,False,154,0.7254901961,0.9271523179,0.07284768212,147,0.9545454545
label_efficiency,k020,target_labels_k020,20,0.1,266,True,326,327,326,eos,False,159,0.7215189873,0.9166666667,0.08333333333,158,0.9937106918
label_efficiency,k020,target_labels_k020,20,0.1,267,False,426,427,426,eos,False,232,0.7965367965,0.9563318777,0.04366812227,230,0.9913793103
label_efficiency,k020,target_labels_k020,20,0.1,268,True,195,196,195,eos,False,130,0.7519379845,0.8818897638,0.1181102362,124,0.9538461538
label_efficiency,k020,target_labels_k020,20,0.1,269,True,174,175,174,eos,False,93,0.7717391304,0.9777777778,0.02222222222,92,0.9892473118
label_efficiency,k020,target_labels_k020,20,0.1,270,True,307,308,307,eos,False,172,0.649122807,0.8579881657,0.1420118343,171,0.9941860465
label_efficiency,k020,target_labels_k020,20,0.1,271,True,180,181,180,eos,False,127,0.7222222222,0.8629032258,0.1370967742,126,0.9921259843
label_efficiency,k020,target_labels_k020,20,0.1,272,True,184,185,184,eos,False,104,0.8834951456,1,0,103,0.9903846154
label_efficiency,k020,target_labels_k020,20,0.1,273,False,272,273,272,eos,False,161,0.825,0.9683544304,0.03164556962,152,0.9440993789
label_efficiency,k020,target_labels_k020,20,0.1,274,True,318,319,318,eos,False,195,0.587628866,0.7604166667,0.2395833333,194,0.9948717949
label_efficiency,k020,target_labels_k020,20,0.1,275,False,296,298,297,eos,False,174,0.7456647399,0.8888888889,0.1111111111,173,0.9942528736
label_efficiency,k020,target_labels_k020,20,0.1,276,True,360,361,360,eos,False,222,0.6334841629,0.8675799087,0.1324200913,221,0.9954954955
label_efficiency,k020,target_labels_k020,20,0.1,277,True,181,182,181,eos,False,112,0.9009009009,0.9724770642,0.02752293578,110,0.9821428571
label_efficiency,k020,target_labels_k020,20,0.1,278,True,156,157,156,eos,False,96,0.7368421053,0.9032258065,0.09677419355,95,0.9895833333
label_efficiency,k020,target_labels_k020,20,0.1,279,True,420,421,420,eos,False,279,0.7410071942,0.9311594203,0.06884057971,195,0.6989247312
label_efficiency,k020,target_labels_k020,20,0.1,280,True,245,246,245,eos,False,168,0.5808383234,0.8363636364,0.1636363636,167,0.994047619
label_efficiency,k020,target_labels_k020,20,0.1,281,False,465,466,465,eos,False,285,0.7746478873,0.9184397163,0.08156028369,213,0.7473684211
label_efficiency,k020,target_labels_k020,20,0.1,282,True,255,256,255,eos,False,147,0.8561643836,0.9861111111,0.01388888889,143,0.9727891156
label_efficiency,k020,target_labels_k020,20,0.1,283,True,272,273,272,eos,False,167,0.8674698795,0.993902439,0.006097560976,166,0.994011976
label_efficiency,k020,target_labels_k020,20,0.1,284,True,512,512,512,max_new_tokens,True,286,0.5789473684,0.8233215548,0.1766784452,173,0.6048951049
label_efficiency,k020,target_labels_k020,20,0.1,285,False,174,175,174,eos,False,108,0.8037383178,0.9714285714,0.02857142857,105,0.9722222222
label_efficiency,k020,target_labels_k020,20,0.1,286,False,151,152,151,eos,False,88,0.9540229885,1,0,87,0.9886363636
label_efficiency,k020,target_labels_k020,20,0.1,287,False,377,378,377,eos,False,207,0.8203883495,0.9460784314,0.05392156863,202,0.9758454106
label_efficiency,k020,target_labels_k020,20,0.1,288,True,190,191,190,eos,False,109,0.8888888889,0.9716981132,0.02830188679,108,0.9908256881
label_efficiency,k020,target_labels_k020,20,0.1,289,True,338,339,338,eos,False,209,0.7644230769,0.9514563107,0.04854368932,203,0.971291866
label_efficiency,k020,target_labels_k020,20,0.1,290,True,264,265,264,eos,False,175,0.7298850575,0.9302325581,0.06976744186,174,0.9942857143
label_efficiency,k020,target_labels_k020,20,0.1,291,True,228,229,228,eos,False,149,0.8108108108,0.9726027397,0.02739726027,146,0.9798657718
label_efficiency,k020,target_labels_k020,20,0.1,292,False,426,427,426,eos,False,219,0.8990825688,0.9907407407,0.009259259259,215,0.9817351598
label_efficiency,k020,target_labels_k020,20,0.1,293,False,315,316,315,eos,False,217,0.7685185185,0.9158878505,0.08411214953,216,0.9953917051
label_efficiency,k020,target_labels_k020,20,0.1,294,True,298,299,298,eos,False,180,0.8156424581,0.9491525424,0.05084745763,179,0.9944444444
label_efficiency,k020,target_labels_k020,20,0.1,295,True,308,309,308,eos,False,153,0.7565789474,0.9066666667,0.09333333333,135,0.8823529412
label_efficiency,k020,target_labels_k020,20,0.1,296,False,256,257,256,eos,False,163,0.8395061728,0.975,0.025,161,0.9877300613
label_efficiency,k020,target_labels_k020,20,0.1,297,False,311,312,311,eos,False,165,0.9451219512,0.9938271605,0.006172839506,157,0.9515151515
label_efficiency,k020,target_labels_k020,20,0.1,298,False,333,334,333,eos,False,157,0.8717948718,0.9935064935,0.006493506494,156,0.9936305732
label_efficiency,k020,target_labels_k020,20,0.1,299,True,512,512,512,max_new_tokens,True,287,0.7762237762,0.926056338,0.07394366197,198,0.6898954704
label_efficiency,k050,baseline,0,0,200,True,235,236,235,eos,False,148,0.7074829932,0.8620689655,0.1379310345,146,0.9864864865
label_efficiency,k050,baseline,0,0,201,True,371,372,371,eos,False,207,0.8300970874,0.9607843137,0.03921568627,203,0.9806763285
label_efficiency,k050,baseline,0,0,202,True,159,160,159,eos,False,120,0.8655462185,0.9914529915,0.008547008547,112,0.9333333333
label_efficiency,k050,baseline,0,0,203,True,302,303,302,eos,False,192,0.8534031414,0.9841269841,0.01587301587,191,0.9947916667
label_efficiency,k050,baseline,0,0,204,True,355,356,355,eos,False,207,0.7912621359,0.9166666667,0.08333333333,106,0.5120772947
label_efficiency,k050,baseline,0,0,205,False,384,385,384,eos,False,223,0.8513513514,0.9954545455,0.004545454545,212,0.9506726457
label_efficiency,k050,baseline,0,0,206,False,213,214,213,eos,False,128,0.7637795276,0.92,0.08,65,0.5078125
label_efficiency,k050,baseline,0,0,207,True,225,226,225,eos,False,124,0.8455284553,0.9669421488,0.03305785124,119,0.9596774194
label_efficiency,k050,baseline,0,0,208,True,190,191,190,eos,False,134,0.6992481203,0.8778625954,0.1221374046,133,0.9925373134
label_efficiency,k050,baseline,0,0,209,False,512,512,512,max_new_tokens,True,336,0.8029850746,0.9129129129,0.08708708709,231,0.6875
label_efficiency,k050,baseline,0,0,210,True,356,357,356,eos,False,239,0.8067226891,0.9661016949,0.03389830508,238,0.9958158996
label_efficiency,k050,baseline,0,0,211,True,389,390,389,eos,False,257,0.73046875,0.9212598425,0.07874015748,195,0.7587548638
label_efficiency,k050,baseline,0,0,212,True,328,329,328,eos,False,255,0.905511811,0.9603174603,0.03968253968,156,0.6117647059
label_efficiency,k050,baseline,0,0,213,False,512,512,512,max_new_tokens,True,344,0.6909620991,0.8387096774,0.1612903226,,
label_efficiency,k050,baseline,0,0,214,False,500,501,500,eos,False,338,0.7210682493,0.8985074627,0.1014925373,175,0.5177514793
label_efficiency,k050,baseline,0,0,215,True,146,147,146,eos,False,80,0.9240506329,0.987012987,0.01298701299,70,0.875
label_efficiency,k050,baseline,0,0,216,False,441,442,441,eos,False,227,0.7743362832,0.9508928571,0.04910714286,226,0.9955947137
label_efficiency,k050,baseline,0,0,217,True,214,215,214,eos,False,156,0.7870967742,0.9477124183,0.0522875817,155,0.9935897436
label_efficiency,k050,baseline,0,0,218,True,426,427,426,eos,False,266,0.6679245283,0.9125475285,0.08745247148,265,0.9962406015
label_efficiency,k050,baseline,0,0,219,True,365,366,365,eos,False,222,0.8054298643,0.9817351598,0.01826484018,220,0.990990991
label_efficiency,k050,baseline,0,0,220,False,159,160,159,eos,False,94,0.8602150538,0.956043956,0.04395604396,55,0.585106383
label_efficiency,k050,baseline,0,0,221,True,253,254,253,eos,False,150,0.7382550336,0.9523809524,0.04761904762,148,0.9866666667
label_efficiency,k050,baseline,0,0,222,True,278,279,278,eos,False,140,0.726618705,0.9270072993,0.07299270073,139,0.9928571429
label_efficiency,k050,baseline,0,0,223,True,218,219,218,eos,False,113,0.8214285714,0.9454545455,0.05454545455,112,0.9911504425
label_efficiency,k050,baseline,0,0,224,True,216,217,216,eos,False,147,0.7602739726,0.9097222222,0.09027777778,146,0.9931972789
label_efficiency,k050,baseline,0,0,225,False,360,361,360,eos,False,229,0.8245614035,0.9734513274,0.02654867257,228,0.9956331878
label_efficiency,k050,baseline,0,0,226,True,444,445,444,eos,False,196,0.9435897436,0.9896373057,0.0103626943,195,0.9948979592
label_efficiency,k050,baseline,0,0,227,False,217,218,217,eos,False,115,0.9385964912,1,0,114,0.9913043478
label_efficiency,k050,baseline,0,0,228,False,283,284,283,eos,False,199,0.7424242424,0.9387755102,0.0612244898,169,0.8492462312
label_efficiency,k050,baseline,0,0,229,True,374,375,374,eos,False,188,0.7647058824,0.8810810811,0.1189189189,187,0.9946808511
label_efficiency,k050,baseline,0,0,230,True,206,207,206,eos,False,101,0.75,0.8979591837,0.1020408163,96,0.9504950495
label_efficiency,k050,baseline,0,0,231,True,158,159,158,eos,False,111,0.8090909091,0.9444444444,0.05555555556,110,0.990990991
label_efficiency,k050,baseline,0,0,232,True,115,116,115,eos,False,85,0.8214285714,0.9390243902,0.06097560976,84,0.9882352941
label_efficiency,k050,baseline,0,0,233,False,259,260,259,eos,False,152,0.8013245033,0.9731543624,0.02684563758,151,0.9934210526
label_efficiency,k050,baseline,0,0,234,False,242,243,242,eos,False,167,0.8192771084,0.9573170732,0.04268292683,150,0.8982035928
label_efficiency,k050,baseline,0,0,235,True,189,190,189,eos,False,108,0.9158878505,1,0,106,0.9814814815
label_efficiency,k050,baseline,0,0,236,False,512,512,512,max_new_tokens,True,316,0.8063492063,0.9616613419,0.03833865815,,
label_efficiency,k050,baseline,0,0,237,True,114,115,114,eos,False,75,0.9324324324,0.9722222222,0.02777777778,74,0.9866666667
label_efficiency,k050,baseline,0,0,238,True,262,263,262,eos,False,171,0.8529411765,0.9464285714,0.05357142857,157,0.918128655
label_efficiency,k050,baseline,0,0,239,True,375,376,375,eos,False,209,0.7019230769,0.927184466,0.07281553398,208,0.995215311
label_efficiency,k050,baseline,0,0,240,True,311,312,311,eos,False,205,0.7794117647,0.9752475248,0.02475247525,204,0.9951219512
label_efficiency,k050,baseline,0,0,241,False,188,189,188,eos,False,112,0.7747747748,0.9266055046,0.07339449541,111,0.9910714286
label_efficiency,k050,baseline,0,0,242,False,382,383,382,eos,False,215,0.9158878505,0.9905660377,0.009433962264,214,0.9953488372
label_efficiency,k050,baseline,0,0,243,True,331,332,331,eos,False,202,0.6517412935,0.8693467337,0.1306532663,201,0.995049505
label_efficiency,k050,baseline,0,0,244,True,323,324,323,eos,False,176,0.8685714286,0.9768786127,0.02312138728,174,0.9886363636
label_efficiency,k050,baseline,0,0,245,False,512,512,512,max_new_tokens,True,349,0.6350574713,0.8497109827,0.1502890173,109,0.3123209169
label_efficiency,k050,baseline,0,0,246,True,295,296,295,eos,False,160,0.8867924528,0.9872611465,0.0127388535,159,0.99375
label_efficiency,k050,baseline,0,0,247,True,240,241,240,eos,False,140,0.9136690647,1,0,131,0.9357142857
label_efficiency,k050,baseline,0,0,248,True,148,149,148,eos,False,85,0.9166666667,1,0,81,0.9529411765
label_efficiency,k050,baseline,0,0,249,False,366,367,366,eos,False,220,0.7214611872,0.8986175115,0.1013824885,219,0.9954545455
label_efficiency,k050,baseline,0,0,250,False,305,306,305,eos,False,199,0.7222222222,0.9132653061,0.08673469388,198,0.9949748744
label_efficiency,k050,baseline,0,0,251,False,66,67,66,eos,False,45,0.9090909091,0.9523809524,0.04761904762,44,0.9777777778
label_efficiency,k050,baseline,0,0,252,False,291,292,291,eos,False,180,0.7765363128,0.9774011299,0.02259887006,179,0.9944444444
label_efficiency,k050,baseline,0,0,253,False,99,100,99,eos,False,52,0.8823529412,0.9795918367,0.02040816327,51,0.9807692308
label_efficiency,k050,baseline,0,0,254,False,382,383,382,eos,False,196,0.7076923077,0.8497409326,0.1502590674,195,0.9948979592
label_efficiency,k050,baseline,0,0,255,False,369,370,369,eos,False,223,0.7837837838,0.95,0.05,222,0.9955156951
label_efficiency,k050,baseline,0,0,256,True,263,264,263,eos,False,149,0.7702702703,0.9109589041,0.08904109589,148,0.9932885906
label_efficiency,k050,baseline,0,0,257,True,346,347,346,eos,False,179,0.8146067416,0.9829545455,0.01704545455,177,0.9888268156
label_efficiency,k050,baseline,0,0,258,True,192,193,192,eos,False,123,0.8360655738,0.9583333333,0.04166666667,122,0.9918699187
label_efficiency,k050,baseline,0,0,259,False,232,233,232,eos,False,146,0.7586206897,0.965034965,0.03496503497,145,0.9931506849
label_efficiency,k050,baseline,0,0,260,True,201,202,201,eos,False,123,0.9098360656,0.9916666667,0.008333333333,122,0.9918699187
label_efficiency,k050,baseline,0,0,261,True,259,260,259,eos,False,125,0.8387096774,0.9590163934,0.04098360656,124,0.992
label_efficiency,k050,baseline,0,0,262,True,193,194,193,eos,False,115,0.9210526316,1,0,114,0.9913043478
label_efficiency,k050,baseline,0,0,263,False,102,103,102,eos,False,44,0.9069767442,0.9512195122,0.0487804878,38,0.8636363636
label_efficiency,k050,baseline,0,0,264,True,156,157,156,eos,False,87,0.9302325581,1,0,86,0.9885057471
label_efficiency,k050,baseline,0,0,265,False,432,433,432,eos,False,192,0.6282722513,0.8888888889,0.1111111111,186,0.96875
label_efficiency,k050,baseline,0,0,266,True,353,354,353,eos,False,186,0.6486486486,0.8852459016,0.1147540984,185,0.9946236559
label_efficiency,k050,baseline,0,0,267,False,274,275,274,eos,False,187,0.752688172,0.9293478261,0.07065217391,185,0.9893048128
label_efficiency,k050,baseline,0,0,268,True,195,196,195,eos,False,130,0.7519379845,0.8818897638,0.1181102362,124,0.9538461538
label_efficiency,k050,baseline,0,0,269,True,155,156,155,eos,False,94,0.8602150538,0.978021978,0.02197802198,93,0.9893617021
label_efficiency,k050,baseline,0,0,270,True,300,301,300,eos,False,166,0.6727272727,0.8588957055,0.1411042945,165,0.9939759036
label_efficiency,k050,baseline,0,0,271,False,106,107,106,eos,False,72,0.9436619718,1,0,65,0.9027777778
label_efficiency,k050,baseline,0,0,272,True,191,192,191,eos,False,106,0.8761904762,0.9708737864,0.02912621359,105,0.9905660377
label_efficiency,k050,baseline,0,0,273,False,274,275,274,eos,False,163,0.8148148148,0.96875,0.03125,154,0.9447852761
label_efficiency,k050,baseline,0,0,274,True,378,379,378,eos,False,227,0.5486725664,0.71875,0.28125,226,0.9955947137
label_efficiency,k050,baseline,0,0,275,False,512,512,512,max_new_tokens,True,304,0.5115511551,0.7508305648,0.2491694352,,
label_efficiency,k050,baseline,0,0,276,True,360,361,360,eos,False,222,0.6334841629,0.8675799087,0.1324200913,221,0.9954954955
label_efficiency,k050,baseline,0,0,277,False,194,195,194,eos,False,109,0.8703703704,0.9528301887,0.04716981132,47,0.4311926606
label_efficiency,k050,baseline,0,0,278,True,272,273,272,eos,False,193,0.8958333333,0.9842105263,0.01578947368,88,0.4559585492
label_efficiency,k050,baseline,0,0,279,True,318,319,318,eos,False,219,0.7844036697,0.9305555556,0.06944444444,218,0.99543379
label_efficiency,k050,baseline,0,0,280,True,109,110,109,eos,False,73,0.9722222222,1,0,72,0.9863013699
label_efficiency,k050,baseline,0,0,281,False,512,512,512,max_new_tokens,True,271,0.7185185185,0.8880597015,0.1119402985,,
label_efficiency,k050,baseline,0,0,282,True,294,295,294,eos,False,171,0.8294117647,0.9642857143,0.03571428571,167,0.9766081871
label_efficiency,k050,baseline,0,0,283,True,277,278,277,eos,False,171,0.8588235294,1,0,170,0.9941520468
label_efficiency,k050,baseline,0,0,284,True,289,290,289,eos,False,178,0.6836158192,0.8628571429,0.1371428571,177,0.9943820225
label_efficiency,k050,baseline,0,0,285,True,226,227,226,eos,False,145,0.8541666667,0.9929577465,0.007042253521,144,0.9931034483
label_efficiency,k050,baseline,0,0,286,False,151,152,151,eos,False,88,0.9540229885,1,0,87,0.9886363636
label_efficiency,k050,baseline,0,0,287,True,312,313,312,eos,False,202,0.815920398,0.9698492462,0.03015075377,201,0.995049505
label_efficiency,k050,baseline,0,0,288,True,185,186,185,eos,False,108,0.9065420561,0.9904761905,0.009523809524,107,0.9907407407
label_efficiency,k050,baseline,0,0,289,True,289,290,289,eos,False,167,0.8012048193,0.9512195122,0.0487804878,161,0.9640718563
label_efficiency,k050,baseline,0,0,290,True,500,501,500,eos,False,333,0.5873493976,0.8151515152,0.1848484848,175,0.5255255255
label_efficiency,k050,baseline,0,0,291,True,253,254,253,eos,False,163,0.8024691358,0.95625,0.04375,160,0.981595092
label_efficiency,k050,baseline,0,0,292,False,327,328,327,eos,False,170,0.8875739645,0.994011976,0.005988023952,169,0.9941176471
label_efficiency,k050,baseline,0,0,293,False,343,344,343,eos,False,209,0.8221153846,0.9466019417,0.05339805825,208,0.995215311
label_efficiency,k050,baseline,0,0,294,False,373,374,373,eos,False,193,0.859375,0.9684210526,0.03157894737,192,0.9948186528
label_efficiency,k050,baseline,0,0,295,True,304,305,304,eos,False,151,0.7533333333,0.9054054054,0.09459459459,133,0.880794702
label_efficiency,k050,baseline,0,0,296,True,262,263,262,eos,False,186,0.8108108108,0.9453551913,0.05464480874,185,0.9946236559
label_efficiency,k050,baseline,0,0,297,True,295,296,295,eos,False,179,0.8314606742,0.9829545455,0.01704545455,171,0.9553072626
label_efficiency,k050,baseline,0,0,298,False,213,214,213,eos,False,118,0.9230769231,1,0,116,0.9830508475
label_efficiency,k050,baseline,0,0,299,False,242,243,242,eos,False,161,0.80625,0.9620253165,0.03797468354,160,0.9937888199
label_efficiency,k050,target_labels_k050,20,0.1,200,True,136,137,136,eos,False,93,0.8043478261,0.9666666667,0.03333333333,83,0.8924731183
label_efficiency,k050,target_labels_k050,20,0.1,201,False,372,373,372,eos,False,191,0.8210526316,0.9521276596,0.04787234043,190,0.9947643979
label_efficiency,k050,target_labels_k050,20,0.1,202,True,117,118,117,eos,False,62,0.9672131148,1,0,55,0.8870967742
label_efficiency,k050,target_labels_k050,20,0.1,203,True,296,297,296,eos,False,190,0.8042328042,0.9572192513,0.04278074866,188,0.9894736842
label_efficiency,k050,target_labels_k050,20,0.1,204,True,146,147,146,eos,False,94,0.8494623656,0.956043956,0.04395604396,93,0.9893617021
label_efficiency,k050,target_labels_k050,20,0.1,205,False,313,314,313,eos,False,166,0.8848484848,0.9938650307,0.006134969325,155,0.9337349398
label_efficiency,k050,target_labels_k050,20,0.1,206,True,358,359,358,eos,False,185,0.7119565217,0.8186813187,0.1813186813,184,0.9945945946
label_efficiency,k050,target_labels_k050,20,0.1,207,True,290,291,290,eos,False,169,0.7797619048,0.9036144578,0.09638554217,154,0.9112426036
label_efficiency,k050,target_labels_k050,20,0.1,208,True,190,191,190,eos,False,134,0.6992481203,0.8778625954,0.1221374046,133,0.9925373134
label_efficiency,k050,target_labels_k050,20,0.1,209,False,311,312,311,eos,False,202,0.92039801,0.9798994975,0.02010050251,99,0.4900990099
label_efficiency,k050,target_labels_k050,20,0.1,210,False,411,412,411,eos,False,281,0.7357142857,0.928057554,0.07194244604,280,0.9964412811
label_efficiency,k050,target_labels_k050,20,0.1,211,True,291,292,291,eos,False,198,0.7766497462,0.9435897436,0.05641025641,195,0.9848484848
label_efficiency,k050,target_labels_k050,20,0.1,212,True,287,288,287,eos,False,222,0.8099547511,0.9269406393,0.07305936073,158,0.7117117117
label_efficiency,k050,target_labels_k050,20,0.1,213,False,237,238,237,eos,False,128,0.8188976378,0.968,0.032,124,0.96875
label_efficiency,k050,target_labels_k050,20,0.1,214,False,195,196,195,eos,False,130,0.8682170543,0.968503937,0.03149606299,121,0.9307692308
label_efficiency,k050,target_labels_k050,20,0.1,215,True,146,147,146,eos,False,80,0.9240506329,0.987012987,0.01298701299,70,0.875
label_efficiency,k050,target_labels_k050,20,0.1,216,True,280,281,280,eos,False,171,0.7705882353,0.9226190476,0.07738095238,170,0.9941520468
label_efficiency,k050,target_labels_k050,20,0.1,217,True,217,218,217,eos,False,159,0.7721518987,0.9423076923,0.05769230769,158,0.9937106918
label_efficiency,k050,target_labels_k050,20,0.1,218,True,512,512,512,max_new_tokens,True,314,0.6645367412,0.8874598071,0.1125401929,228,0.7261146497
label_efficiency,k050,target_labels_k050,20,0.1,219,True,373,374,373,eos,False,225,0.7767857143,0.972972973,0.02702702703,223,0.9911111111
label_efficiency,k050,target_labels_k050,20,0.1,220,True,117,118,117,eos,False,75,0.9189189189,0.9861111111,0.01388888889,73,0.9733333333
label_efficiency,k050,target_labels_k050,20,0.1,221,True,232,233,232,eos,False,151,0.84,0.9594594595,0.04054054054,149,0.9867549669
label_efficiency,k050,target_labels_k050,20,0.1,222,True,278,279,278,eos,False,140,0.7194244604,0.9270072993,0.07299270073,139,0.9928571429
label_efficiency,k050,target_labels_k050,20,0.1,223,True,263,264,263,eos,False,134,0.8646616541,0.9694656489,0.03053435115,133,0.9925373134
label_efficiency,k050,target_labels_k050,20,0.1,224,True,185,186,185,eos,False,125,0.7983870968,0.893442623,0.106557377,124,0.992
label_efficiency,k050,target_labels_k050,20,0.1,225,True,203,204,203,eos,False,147,0.7123287671,0.8611111111,0.1388888889,146,0.9931972789
label_efficiency,k050,target_labels_k050,20,0.1,226,True,435,436,435,eos,False,206,0.9170731707,1,0,205,0.9951456311
label_efficiency,k050,target_labels_k050,20,0.1,227,False,248,249,248,eos,False,122,0.9338842975,1,0,121,0.9918032787
label_efficiency,k050,target_labels_k050,20,0.1,228,True,259,260,259,eos,False,178,0.802259887,0.96,0.04,176,0.9887640449
label_efficiency,k050,target_labels_k050,20,0.1,229,True,409,410,409,eos,False,211,0.7285714286,0.8798076923,0.1201923077,210,0.9952606635
label_efficiency,k050,target_labels_k050,20,0.1,230,False,512,512,512,max_new_tokens,True,244,0.6995884774,0.8921161826,0.1078838174,68,0.2786885246
label_efficiency,k050,target_labels_k050,20,0.1,231,True,174,175,174,eos,False,118,0.8205128205,0.9565217391,0.04347826087,114,0.9661016949
label_efficiency,k050,target_labels_k050,20,0.1,232,True,163,164,163,eos,False,114,0.8230088496,0.972972973,0.02702702703,113,0.9912280702
label_efficiency,k050,target_labels_k050,20,0.1,233,False,247,248,247,eos,False,145,0.7847222222,0.9788732394,0.02112676056,144,0.9931034483
label_efficiency,k050,target_labels_k050,20,0.1,234,False,246,247,246,eos,False,157,0.7564102564,0.9025974026,0.0974025974,156,0.9936305732
label_efficiency,k050,target_labels_k050,20,0.1,235,True,164,165,164,eos,False,98,0.9072164948,0.9789473684,0.02105263158,97,0.9897959184
label_efficiency,k050,target_labels_k050,20,0.1,236,False,408,409,408,eos,False,252,0.8764940239,0.9919678715,0.008032128514,251,0.996031746
label_efficiency,k050,target_labels_k050,20,0.1,237,True,158,159,158,eos,False,114,0.8053097345,0.9099099099,0.09009009009,113,0.9912280702
label_efficiency,k050,target_labels_k050,20,0.1,238,True,176,177,176,eos,False,117,0.8534482759,1,0,116,0.9914529915
label_efficiency,k050,target_labels_k050,20,0.1,239,True,423,424,423,eos,False,221,0.6363636364,0.8899082569,0.1100917431,220,0.9954751131
label_efficiency,k050,target_labels_k050,20,0.1,240,True,278,279,278,eos,False,190,0.7989417989,0.9732620321,0.02673796791,189,0.9947368421
label_efficiency,k050,target_labels_k050,20,0.1,241,False,239,240,239,eos,False,153,0.7763157895,0.9333333333,0.06666666667,152,0.9934640523
label_efficiency,k050,target_labels_k050,20,0.1,242,False,385,386,385,eos,False,221,0.9227272727,0.9908256881,0.009174311927,219,0.9909502262
label_efficiency,k050,target_labels_k050,20,0.1,243,True,331,332,331,eos,False,202,0.6517412935,0.864321608,0.135678392,201,0.995049505
label_efficiency,k050,target_labels_k050,20,0.1,244,True,330,331,330,eos,False,188,0.8502673797,0.9783783784,0.02162162162,187,0.9946808511
label_efficiency,k050,target_labels_k050,20,0.1,245,False,359,360,359,eos,False,233,0.6422413793,0.8304347826,0.1695652174,87,0.3733905579
label_efficiency,k050,target_labels_k050,20,0.1,246,False,241,242,241,eos,False,133,0.8409090909,0.9538461538,0.04615384615,132,0.992481203
label_efficiency,k050,target_labels_k050,20,0.1,247,True,243,244,243,eos,False,143,0.9154929577,1,0,134,0.9370629371
label_efficiency,k050,target_labels_k050,20,0.1,248,True,154,155,154,eos,False,88,0.9195402299,1,0,84,0.9545454545
label_efficiency,k050,target_labels_k050,20,0.1,249,False,453,454,453,eos,False,267,0.7857142857,0.9583333333,0.04166666667,266,0.9962546816
label_efficiency,k050,target_labels_k050,20,0.1,250,False,339,340,339,eos,False,215,0.7242990654,0.9103773585,0.08962264151,214,0.9953488372
label_efficiency,k050,target_labels_k050,20,0.1,251,True,189,190,189,eos,False,122,0.7603305785,0.9075630252,0.09243697479,121,0.9918032787
label_efficiency,k050,target_labels_k050,20,0.1,252,False,275,276,275,eos,False,152,0.8543046358,0.9463087248,0.05369127517,151,0.9934210526
label_efficiency,k050,target_labels_k050,20,0.1,253,True,142,143,142,eos,False,72,0.8309859155,0.9275362319,0.07246376812,70,0.9722222222
label_efficiency,k050,target_labels_k050,20,0.1,254,True,292,293,292,eos,False,157,0.75,0.8766233766,0.1233766234,156,0.9936305732
label_efficiency,k050,target_labels_k050,20,0.1,255,False,322,323,322,eos,False,176,0.8628571429,0.9768786127,0.02312138728,175,0.9943181818
label_efficiency,k050,target_labels_k050,20,0.1,256,True,187,188,187,eos,False,100,0.8080808081,0.9175257732,0.0824742268,99,0.99
label_efficiency,k050,target_labels_k050,20,0.1,257,True,258,259,258,eos,False,137,0.8529411765,0.9701492537,0.02985074627,135,0.9854014599
label_efficiency,k050,target_labels_k050,20,0.1,258,True,120,121,120,eos,False,75,0.9594594595,0.9861111111,0.01388888889,74,0.9866666667
label_efficiency,k050,target_labels_k050,20,0.1,259,False,289,290,289,eos,False,184,0.8032786885,0.9944751381,0.005524861878,183,0.9945652174
label_efficiency,k050,target_labels_k050,20,0.1,260,True,278,279,278,eos,False,188,0.7379679144,0.8972972973,0.1027027027,186,0.9893617021
label_efficiency,k050,target_labels_k050,20,0.1,261,True,272,273,272,eos,False,137,0.7794117647,0.9328358209,0.0671641791,136,0.9927007299
label_efficiency,k050,target_labels_k050,20,0.1,262,True,192,193,192,eos,False,114,0.9203539823,1,0,113,0.9912280702
label_efficiency,k050,target_labels_k050,20,0.1,263,False,101,102,101,eos,False,44,0.9302325581,0.9756097561,0.0243902439,38,0.8636363636
label_efficiency,k050,target_labels_k050,20,0.1,264,False,144,145,144,eos,False,84,0.8674698795,0.950617284,0.04938271605,83,0.9880952381
label_efficiency,k050,target_labels_k050,20,0.1,265,True,432,433,432,eos,False,193,0.6197916667,0.8842105263,0.1157894737,187,0.9689119171
label_efficiency,k050,target_labels_k050,20,0.1,266,True,326,327,326,eos,False,159,0.7215189873,0.9166666667,0.08333333333,158,0.9937106918
label_efficiency,k050,target_labels_k050,20,0.1,267,False,332,333,332,eos,False,206,0.7609756098,0.960591133,0.039408867,205,0.9951456311
label_efficiency,k050,target_labels_k050,20,0.1,268,True,195,196,195,eos,False,130,0.7519379845,0.8818897638,0.1181102362,124,0.9538461538
label_efficiency,k050,target_labels_k050,20,0.1,269,True,155,156,155,eos,False,94,0.8602150538,0.978021978,0.02197802198,93,0.9893617021
label_efficiency,k050,target_labels_k050,20,0.1,270,True,297,298,297,eos,False,170,0.6686390533,0.8622754491,0.1377245509,169,0.9941176471
label_efficiency,k050,target_labels_k050,20,0.1,271,True,215,216,215,eos,False,157,0.8782051282,0.974025974,0.02597402597,128,0.8152866242
label_efficiency,k050,target_labels_k050,20,0.1,272,True,182,183,182,eos,False,101,0.86,1,0,100,0.9900990099
label_efficiency,k050,target_labels_k050,20,0.1,273,False,271,272,271,eos,False,160,0.8238993711,0.9681528662,0.03184713376,151,0.94375
label_efficiency,k050,target_labels_k050,20,0.1,274,True,356,357,356,eos,False,211,0.5238095238,0.7163461538,0.2836538462,210,0.9952606635
label_efficiency,k050,target_labels_k050,20,0.1,275,False,296,298,297,eos,False,174,0.7456647399,0.8888888889,0.1111111111,173,0.9942528736
label_efficiency,k050,target_labels_k050,20,0.1,276,True,360,361,360,eos,False,222,0.6334841629,0.8675799087,0.1324200913,221,0.9954954955
label_efficiency,k050,target_labels_k050,20,0.1,277,True,189,190,189,eos,False,122,0.9173553719,0.974789916,0.02521008403,120,0.9836065574
label_efficiency,k050,target_labels_k050,20,0.1,278,True,156,157,156,eos,False,96,0.7368421053,0.9032258065,0.09677419355,95,0.9895833333
label_efficiency,k050,target_labels_k050,20,0.1,279,True,430,431,430,eos,False,287,0.7342657343,0.9401408451,0.05985915493,197,0.6864111498
label_efficiency,k050,target_labels_k050,20,0.1,280,True,209,210,209,eos,False,135,0.6567164179,0.8712121212,0.1287878788,134,0.9925925926
label_efficiency,k050,target_labels_k050,20,0.1,281,False,512,512,512,max_new_tokens,True,298,0.7542087542,0.9254237288,0.07457627119,211,0.7080536913
label_efficiency,k050,target_labels_k050,20,0.1,282,True,256,257,256,eos,False,148,0.8503401361,0.9862068966,0.01379310345,147,0.9932432432
label_efficiency,k050,target_labels_k050,20,0.1,283,True,270,271,270,eos,False,162,0.8571428571,1,0,161,0.9938271605
label_efficiency,k050,target_labels_k050,20,0.1,284,True,290,291,290,eos,False,174,0.6358381503,0.8771929825,0.1228070175,170,0.9770114943
label_efficiency,k050,target_labels_k050,20,0.1,285,True,154,155,154,eos,False,94,0.8279569892,0.956043956,0.04395604396,93,0.9893617021
label_efficiency,k050,target_labels_k050,20,0.1,286,False,116,117,116,eos,False,73,0.9861111111,1,0,72,0.9863013699
label_efficiency,k050,target_labels_k050,20,0.1,287,False,512,512,512,max_new_tokens,True,281,0.7428571429,0.9172661871,0.08273381295,,
label_efficiency,k050,target_labels_k050,20,0.1,288,True,192,193,192,eos,False,111,0.8909090909,0.9722222222,0.02777777778,110,0.990990991
label_efficiency,k050,target_labels_k050,20,0.1,289,True,296,297,296,eos,False,186,0.7351351351,0.8633879781,0.1366120219,180,0.9677419355
label_efficiency,k050,target_labels_k050,20,0.1,290,True,248,249,248,eos,False,164,0.7300613497,0.9254658385,0.07453416149,163,0.993902439
label_efficiency,k050,target_labels_k050,20,0.1,291,True,228,229,228,eos,False,149,0.8108108108,0.9726027397,0.02739726027,146,0.9798657718
label_efficiency,k050,target_labels_k050,20,0.1,292,False,375,376,375,eos,False,234,0.8798283262,0.9913419913,0.008658008658,233,0.9957264957
label_efficiency,k050,target_labels_k050,20,0.1,293,False,362,363,362,eos,False,226,0.7911111111,0.9461883408,0.05381165919,225,0.9955752212
label_efficiency,k050,target_labels_k050,20,0.1,294,True,204,205,204,eos,False,130,0.8372093023,0.9842519685,0.0157480315,125,0.9615384615
label_efficiency,k050,target_labels_k050,20,0.1,295,True,305,306,305,eos,False,147,0.7739726027,0.9166666667,0.08333333333,129,0.8775510204
label_efficiency,k050,target_labels_k050,20,0.1,296,True,252,253,252,eos,False,180,0.8100558659,0.9604519774,0.0395480226,178,0.9888888889
label_efficiency,k050,target_labels_k050,20,0.1,297,False,338,339,338,eos,False,196,0.7846153846,0.9792746114,0.0207253886,188,0.9591836735
label_efficiency,k050,target_labels_k050,20,0.1,298,False,290,291,290,eos,False,136,0.8666666667,1,0,134,0.9852941176
label_efficiency,k050,target_labels_k050,20,0.1,299,False,291,292,291,eos,False,187,0.6935483871,0.9239130435,0.07608695652,183,0.9786096257
label_efficiency,k100,baseline,0,0,200,True,235,236,235,eos,False,148,0.7074829932,0.8620689655,0.1379310345,146,0.9864864865
label_efficiency,k100,baseline,0,0,201,True,371,372,371,eos,False,207,0.8300970874,0.9607843137,0.03921568627,203,0.9806763285
label_efficiency,k100,baseline,0,0,202,True,159,160,159,eos,False,120,0.8655462185,0.9914529915,0.008547008547,112,0.9333333333
label_efficiency,k100,baseline,0,0,203,True,302,303,302,eos,False,192,0.8534031414,0.9841269841,0.01587301587,191,0.9947916667
label_efficiency,k100,baseline,0,0,204,True,355,356,355,eos,False,207,0.7912621359,0.9166666667,0.08333333333,106,0.5120772947
label_efficiency,k100,baseline,0,0,205,False,384,385,384,eos,False,223,0.8513513514,0.9954545455,0.004545454545,212,0.9506726457
label_efficiency,k100,baseline,0,0,206,False,213,214,213,eos,False,128,0.7637795276,0.92,0.08,65,0.5078125
label_efficiency,k100,baseline,0,0,207,True,225,226,225,eos,False,124,0.8455284553,0.9669421488,0.03305785124,119,0.9596774194
label_efficiency,k100,baseline,0,0,208,True,190,191,190,eos,False,134,0.6992481203,0.8778625954,0.1221374046,133,0.9925373134
label_efficiency,k100,baseline,0,0,209,False,512,512,512,max_new_tokens,True,336,0.8029850746,0.9129129129,0.08708708709,231,0.6875
label_efficiency,k100,baseline,0,0,210,True,356,357,356,eos,False,239,0.8067226891,0.9661016949,0.03389830508,238,0.9958158996
label_efficiency,k100,baseline,0,0,211,True,389,390,389,eos,False,257,0.73046875,0.9212598425,0.07874015748,195,0.7587548638
label_efficiency,k100,baseline,0,0,212,True,328,329,328,eos,False,255,0.905511811,0.9603174603,0.03968253968,156,0.6117647059
label_efficiency,k100,baseline,0,0,213,False,512,512,512,max_new_tokens,True,344,0.6909620991,0.8387096774,0.1612903226,,
label_efficiency,k100,baseline,0,0,214,False,500,501,500,eos,False,338,0.7210682493,0.8985074627,0.1014925373,175,0.5177514793
label_efficiency,k100,baseline,0,0,215,True,146,147,146,eos,False,80,0.9240506329,0.987012987,0.01298701299,70,0.875
label_efficiency,k100,baseline,0,0,216,False,441,442,441,eos,False,227,0.7743362832,0.9508928571,0.04910714286,226,0.9955947137
label_efficiency,k100,baseline,0,0,217,True,214,215,214,eos,False,156,0.7870967742,0.9477124183,0.0522875817,155,0.9935897436
label_efficiency,k100,baseline,0,0,218,True,426,427,426,eos,False,266,0.6679245283,0.9125475285,0.08745247148,265,0.9962406015
label_efficiency,k100,baseline,0,0,219,True,365,366,365,eos,False,222,0.8054298643,0.9817351598,0.01826484018,220,0.990990991
label_efficiency,k100,baseline,0,0,220,False,159,160,159,eos,False,94,0.8602150538,0.956043956,0.04395604396,55,0.585106383
label_efficiency,k100,baseline,0,0,221,True,253,254,253,eos,False,150,0.7382550336,0.9523809524,0.04761904762,148,0.9866666667
label_efficiency,k100,baseline,0,0,222,True,278,279,278,eos,False,140,0.726618705,0.9270072993,0.07299270073,139,0.9928571429
label_efficiency,k100,baseline,0,0,223,True,218,219,218,eos,False,113,0.8214285714,0.9454545455,0.05454545455,112,0.9911504425
label_efficiency,k100,baseline,0,0,224,True,216,217,216,eos,False,147,0.7602739726,0.9097222222,0.09027777778,146,0.9931972789
label_efficiency,k100,baseline,0,0,225,False,360,361,360,eos,False,229,0.8245614035,0.9734513274,0.02654867257,228,0.9956331878
label_efficiency,k100,baseline,0,0,226,True,444,445,444,eos,False,196,0.9435897436,0.9896373057,0.0103626943,195,0.9948979592
label_efficiency,k100,baseline,0,0,227,False,217,218,217,eos,False,115,0.9385964912,1,0,114,0.9913043478
label_efficiency,k100,baseline,0,0,228,False,283,284,283,eos,False,199,0.7424242424,0.9387755102,0.0612244898,169,0.8492462312
label_efficiency,k100,baseline,0,0,229,True,374,375,374,eos,False,188,0.7647058824,0.8810810811,0.1189189189,187,0.9946808511
label_efficiency,k100,baseline,0,0,230,True,206,207,206,eos,False,101,0.75,0.8979591837,0.1020408163,96,0.9504950495
label_efficiency,k100,baseline,0,0,231,True,158,159,158,eos,False,111,0.8090909091,0.9444444444,0.05555555556,110,0.990990991
label_efficiency,k100,baseline,0,0,232,True,115,116,115,eos,False,85,0.8214285714,0.9390243902,0.06097560976,84,0.9882352941
label_efficiency,k100,baseline,0,0,233,False,259,260,259,eos,False,152,0.8013245033,0.9731543624,0.02684563758,151,0.9934210526
label_efficiency,k100,baseline,0,0,234,False,242,243,242,eos,False,167,0.8192771084,0.9573170732,0.04268292683,150,0.8982035928
label_efficiency,k100,baseline,0,0,235,True,189,190,189,eos,False,108,0.9158878505,1,0,106,0.9814814815
label_efficiency,k100,baseline,0,0,236,False,512,512,512,max_new_tokens,True,316,0.8063492063,0.9616613419,0.03833865815,,
label_efficiency,k100,baseline,0,0,237,True,114,115,114,eos,False,75,0.9324324324,0.9722222222,0.02777777778,74,0.9866666667
label_efficiency,k100,baseline,0,0,238,True,262,263,262,eos,False,171,0.8529411765,0.9464285714,0.05357142857,157,0.918128655
label_efficiency,k100,baseline,0,0,239,True,375,376,375,eos,False,209,0.7019230769,0.927184466,0.07281553398,208,0.995215311
label_efficiency,k100,baseline,0,0,240,True,311,312,311,eos,False,205,0.7794117647,0.9752475248,0.02475247525,204,0.9951219512
label_efficiency,k100,baseline,0,0,241,False,188,189,188,eos,False,112,0.7747747748,0.9266055046,0.07339449541,111,0.9910714286
label_efficiency,k100,baseline,0,0,242,False,382,383,382,eos,False,215,0.9158878505,0.9905660377,0.009433962264,214,0.9953488372
label_efficiency,k100,baseline,0,0,243,True,331,332,331,eos,False,202,0.6517412935,0.8693467337,0.1306532663,201,0.995049505
label_efficiency,k100,baseline,0,0,244,True,323,324,323,eos,False,176,0.8685714286,0.9768786127,0.02312138728,174,0.9886363636
label_efficiency,k100,baseline,0,0,245,False,512,512,512,max_new_tokens,True,349,0.6350574713,0.8497109827,0.1502890173,109,0.3123209169
label_efficiency,k100,baseline,0,0,246,True,295,296,295,eos,False,160,0.8867924528,0.9872611465,0.0127388535,159,0.99375
label_efficiency,k100,baseline,0,0,247,True,240,241,240,eos,False,140,0.9136690647,1,0,131,0.9357142857
label_efficiency,k100,baseline,0,0,248,True,148,149,148,eos,False,85,0.9166666667,1,0,81,0.9529411765
label_efficiency,k100,baseline,0,0,249,False,366,367,366,eos,False,220,0.7214611872,0.8986175115,0.1013824885,219,0.9954545455
label_efficiency,k100,baseline,0,0,250,False,305,306,305,eos,False,199,0.7222222222,0.9132653061,0.08673469388,198,0.9949748744
label_efficiency,k100,baseline,0,0,251,False,66,67,66,eos,False,45,0.9090909091,0.9523809524,0.04761904762,44,0.9777777778
label_efficiency,k100,baseline,0,0,252,False,291,292,291,eos,False,180,0.7765363128,0.9774011299,0.02259887006,179,0.9944444444
label_efficiency,k100,baseline,0,0,253,False,99,100,99,eos,False,52,0.8823529412,0.9795918367,0.02040816327,51,0.9807692308
label_efficiency,k100,baseline,0,0,254,False,382,383,382,eos,False,196,0.7076923077,0.8497409326,0.1502590674,195,0.9948979592
label_efficiency,k100,baseline,0,0,255,False,369,370,369,eos,False,223,0.7837837838,0.95,0.05,222,0.9955156951
label_efficiency,k100,baseline,0,0,256,True,263,264,263,eos,False,149,0.7702702703,0.9109589041,0.08904109589,148,0.9932885906
label_efficiency,k100,baseline,0,0,257,True,346,347,346,eos,False,179,0.8146067416,0.9829545455,0.01704545455,177,0.9888268156
label_efficiency,k100,baseline,0,0,258,True,192,193,192,eos,False,123,0.8360655738,0.9583333333,0.04166666667,122,0.9918699187
label_efficiency,k100,baseline,0,0,259,False,232,233,232,eos,False,146,0.7586206897,0.965034965,0.03496503497,145,0.9931506849
label_efficiency,k100,baseline,0,0,260,True,201,202,201,eos,False,123,0.9098360656,0.9916666667,0.008333333333,122,0.9918699187
label_efficiency,k100,baseline,0,0,261,True,259,260,259,eos,False,125,0.8387096774,0.9590163934,0.04098360656,124,0.992
label_efficiency,k100,baseline,0,0,262,True,193,194,193,eos,False,115,0.9210526316,1,0,114,0.9913043478
label_efficiency,k100,baseline,0,0,263,False,102,103,102,eos,False,44,0.9069767442,0.9512195122,0.0487804878,38,0.8636363636
label_efficiency,k100,baseline,0,0,264,True,156,157,156,eos,False,87,0.9302325581,1,0,86,0.9885057471
label_efficiency,k100,baseline,0,0,265,False,432,433,432,eos,False,192,0.6282722513,0.8888888889,0.1111111111,186,0.96875
label_efficiency,k100,baseline,0,0,266,True,353,354,353,eos,False,186,0.6486486486,0.8852459016,0.1147540984,185,0.9946236559
label_efficiency,k100,baseline,0,0,267,False,274,275,274,eos,False,187,0.752688172,0.9293478261,0.07065217391,185,0.9893048128
label_efficiency,k100,baseline,0,0,268,True,195,196,195,eos,False,130,0.7519379845,0.8818897638,0.1181102362,124,0.9538461538
label_efficiency,k100,baseline,0,0,269,True,155,156,155,eos,False,94,0.8602150538,0.978021978,0.02197802198,93,0.9893617021
label_efficiency,k100,baseline,0,0,270,True,300,301,300,eos,False,166,0.6727272727,0.8588957055,0.1411042945,165,0.9939759036
label_efficiency,k100,baseline,0,0,271,False,106,107,106,eos,False,72,0.9436619718,1,0,65,0.9027777778
label_efficiency,k100,baseline,0,0,272,True,191,192,191,eos,False,106,0.8761904762,0.9708737864,0.02912621359,105,0.9905660377
label_efficiency,k100,baseline,0,0,273,False,274,275,274,eos,False,163,0.8148148148,0.96875,0.03125,154,0.9447852761
label_efficiency,k100,baseline,0,0,274,True,378,379,378,eos,False,227,0.5486725664,0.71875,0.28125,226,0.9955947137
label_efficiency,k100,baseline,0,0,275,False,512,512,512,max_new_tokens,True,304,0.5115511551,0.7508305648,0.2491694352,,
label_efficiency,k100,baseline,0,0,276,True,360,361,360,eos,False,222,0.6334841629,0.8675799087,0.1324200913,221,0.9954954955
label_efficiency,k100,baseline,0,0,277,False,194,195,194,eos,False,109,0.8703703704,0.9528301887,0.04716981132,47,0.4311926606
label_efficiency,k100,baseline,0,0,278,True,272,273,272,eos,False,193,0.8958333333,0.9842105263,0.01578947368,88,0.4559585492
label_efficiency,k100,baseline,0,0,279,True,318,319,318,eos,False,219,0.7844036697,0.9305555556,0.06944444444,218,0.99543379
label_efficiency,k100,baseline,0,0,280,True,109,110,109,eos,False,73,0.9722222222,1,0,72,0.9863013699
label_efficiency,k100,baseline,0,0,281,False,512,512,512,max_new_tokens,True,271,0.7185185185,0.8880597015,0.1119402985,,
label_efficiency,k100,baseline,0,0,282,True,294,295,294,eos,False,171,0.8294117647,0.9642857143,0.03571428571,167,0.9766081871
label_efficiency,k100,baseline,0,0,283,True,277,278,277,eos,False,171,0.8588235294,1,0,170,0.9941520468
label_efficiency,k100,baseline,0,0,284,True,289,290,289,eos,False,178,0.6836158192,0.8628571429,0.1371428571,177,0.9943820225
label_efficiency,k100,baseline,0,0,285,True,226,227,226,eos,False,145,0.8541666667,0.9929577465,0.007042253521,144,0.9931034483
label_efficiency,k100,baseline,0,0,286,False,151,152,151,eos,False,88,0.9540229885,1,0,87,0.9886363636
label_efficiency,k100,baseline,0,0,287,True,312,313,312,eos,False,202,0.815920398,0.9698492462,0.03015075377,201,0.995049505
label_efficiency,k100,baseline,0,0,288,True,185,186,185,eos,False,108,0.9065420561,0.9904761905,0.009523809524,107,0.9907407407
label_efficiency,k100,baseline,0,0,289,True,289,290,289,eos,False,167,0.8012048193,0.9512195122,0.0487804878,161,0.9640718563
label_efficiency,k100,baseline,0,0,290,True,500,501,500,eos,False,333,0.5873493976,0.8151515152,0.1848484848,175,0.5255255255
label_efficiency,k100,baseline,0,0,291,True,253,254,253,eos,False,163,0.8024691358,0.95625,0.04375,160,0.981595092
label_efficiency,k100,baseline,0,0,292,False,327,328,327,eos,False,170,0.8875739645,0.994011976,0.005988023952,169,0.9941176471
label_efficiency,k100,baseline,0,0,293,False,343,344,343,eos,False,209,0.8221153846,0.9466019417,0.05339805825,208,0.995215311
label_efficiency,k100,baseline,0,0,294,False,373,374,373,eos,False,193,0.859375,0.9684210526,0.03157894737,192,0.9948186528
label_efficiency,k100,baseline,0,0,295,True,304,305,304,eos,False,151,0.7533333333,0.9054054054,0.09459459459,133,0.880794702
label_efficiency,k100,baseline,0,0,296,True,262,263,262,eos,False,186,0.8108108108,0.9453551913,0.05464480874,185,0.9946236559
label_efficiency,k100,baseline,0,0,297,True,295,296,295,eos,False,179,0.8314606742,0.9829545455,0.01704545455,171,0.9553072626
label_efficiency,k100,baseline,0,0,298,False,213,214,213,eos,False,118,0.9230769231,1,0,116,0.9830508475
label_efficiency,k100,baseline,0,0,299,False,242,243,242,eos,False,161,0.80625,0.9620253165,0.03797468354,160,0.9937888199
label_efficiency,k100,target_labels_k100,20,0.1,200,True,128,129,128,eos,False,89,0.7840909091,0.9069767442,0.09302325581,83,0.9325842697
label_efficiency,k100,target_labels_k100,20,0.1,201,False,406,407,406,eos,False,203,0.7673267327,0.94,0.06,202,0.9950738916
label_efficiency,k100,target_labels_k100,20,0.1,202,True,96,97,96,eos,False,63,0.9193548387,0.9833333333,0.01666666667,53,0.8412698413
label_efficiency,k100,target_labels_k100,20,0.1,203,True,296,297,296,eos,False,190,0.8042328042,0.9572192513,0.04278074866,188,0.9894736842
label_efficiency,k100,target_labels_k100,20,0.1,204,True,141,142,141,eos,False,98,0.8659793814,0.9368421053,0.06315789474,97,0.9897959184
label_efficiency,k100,target_labels_k100,20,0.1,205,False,357,358,357,eos,False,187,0.8817204301,0.9836956522,0.01630434783,176,0.9411764706
label_efficiency,k100,target_labels_k100,20,0.1,206,True,209,210,209,eos,False,145,0.7638888889,0.8732394366,0.1267605634,143,0.9862068966
label_efficiency,k100,target_labels_k100,20,0.1,207,True,222,223,222,eos,False,125,0.8387096774,0.9590163934,0.04098360656,120,0.96
label_efficiency,k100,target_labels_k100,20,0.1,208,True,191,192,191,eos,False,134,0.7067669173,0.8778625954,0.1221374046,133,0.9925373134
label_efficiency,k100,target_labels_k100,20,0.1,209,False,313,314,313,eos,False,203,0.9405940594,0.995,0.005,99,0.4876847291
label_efficiency,k100,target_labels_k100,20,0.1,210,False,409,410,409,eos,False,283,0.7234042553,0.925,0.075,282,0.9964664311
label_efficiency,k100,target_labels_k100,20,0.1,211,True,389,390,389,eos,False,257,0.73046875,0.9212598425,0.07874015748,195,0.7587548638
label_efficiency,k100,target_labels_k100,20,0.1,212,True,347,348,347,eos,False,269,0.8805970149,0.9586466165,0.04135338346,161,0.5985130112
label_efficiency,k100,target_labels_k100,20,0.1,213,False,236,237,236,eos,False,129,0.8203125,0.9682539683,0.03174603175,125,0.9689922481
label_efficiency,k100,target_labels_k100,20,0.1,214,False,154,155,154,eos,False,111,0.8909090909,0.9722222222,0.02777777778,107,0.963963964
label_efficiency,k100,target_labels_k100,20,0.1,215,True,146,147,146,eos,False,80,0.9240506329,0.987012987,0.01298701299,70,0.875
label_efficiency,k100,target_labels_k100,20,0.1,216,True,238,239,238,eos,False,145,0.875,0.9929577465,0.007042253521,144,0.9931034483
label_efficiency,k100,target_labels_k100,20,0.1,217,True,212,213,212,eos,False,154,0.7843137255,0.9470198675,0.05298013245,153,0.9935064935
label_efficiency,k100,target_labels_k100,20,0.1,218,True,512,512,512,max_new_tokens,True,314,0.6645367412,0.8874598071,0.1125401929,228,0.7261146497
label_efficiency,k100,target_labels_k100,20,0.1,219,True,378,379,378,eos,False,237,0.7881355932,0.9786324786,0.02136752137,236,0.9957805907
label_efficiency,k100,target_labels_k100,20,0.1,220,False,122,123,122,eos,False,80,0.9113924051,0.987012987,0.01298701299,63,0.7875
label_efficiency,k100,target_labels_k100,20,0.1,221,True,240,241,240,eos,False,138,0.7518248175,0.962962963,0.03703703704,136,0.9855072464
label_efficiency,k100,target_labels_k100,20,0.1,222,True,188,189,188,eos,False,104,0.6213592233,0.8811881188,0.1188118812,103,0.9903846154
label_efficiency,k100,target_labels_k100,20,0.1,223,True,226,227,226,eos,False,118,0.8803418803,0.9739130435,0.02608695652,117,0.9915254237
label_efficiency,k100,target_labels_k100,20,0.1,224,True,185,186,185,eos,False,125,0.7983870968,0.893442623,0.106557377,124,0.992
label_efficiency,k100,target_labels_k100,20,0.1,225,True,303,304,303,eos,False,228,0.7224669604,0.8977777778,0.1022222222,195,0.8552631579
label_efficiency,k100,target_labels_k100,20,0.1,226,True,462,463,462,eos,False,202,0.9303482587,1,0,201,0.995049505
label_efficiency,k100,target_labels_k100,20,0.1,227,False,245,246,245,eos,False,116,0.9304347826,1,0,112,0.9655172414
label_efficiency,k100,target_labels_k100,20,0.1,228,True,302,303,302,eos,False,212,0.7630331754,0.9473684211,0.05263157895,210,0.9905660377
label_efficiency,k100,target_labels_k100,20,0.1,229,True,410,411,410,eos,False,213,0.7311320755,0.880952381,0.119047619,212,0.9953051643
label_efficiency,k100,target_labels_k100,20,0.1,230,False,148,149,148,eos,False,61,0.95,1,0,56,0.9180327869
label_efficiency,k100,target_labels_k100,20,0.1,231,True,155,156,155,eos,False,111,0.8181818182,0.9444444444,0.05555555556,110,0.990990991
label_efficiency,k100,target_labels_k100,20,0.1,232,True,156,157,156,eos,False,114,0.814159292,0.981981982,0.01801801802,113,0.9912280702
label_efficiency,k100,target_labels_k100,20,0.1,233,False,259,260,259,eos,False,152,0.8013245033,0.9731543624,0.02684563758,151,0.9934210526
label_efficiency,k100,target_labels_k100,20,0.1,234,False,225,226,225,eos,False,152,0.7814569536,0.932885906,0.06711409396,151,0.9934210526
label_efficiency,k100,target_labels_k100,20,0.1,235,True,191,192,191,eos,False,108,0.9158878505,1,0,106,0.9814814815
label_efficiency,k100,target_labels_k100,20,0.1,236,False,397,398,397,eos,False,250,0.8875502008,0.995951417,0.004048582996,249,0.996
label_efficiency,k100,target_labels_k100,20,0.1,237,True,135,136,135,eos,False,92,0.9010989011,0.9438202247,0.05617977528,90,0.9782608696
label_efficiency,k100,target_labels_k100,20,0.1,238,True,258,259,258,eos,False,168,0.8562874251,0.9636363636,0.03636363636,154,0.9166666667
label_efficiency,k100,target_labels_k100,20,0.1,239,False,512,512,512,max_new_tokens,True,305,0.7302631579,0.9039735099,0.09602649007,,
label_efficiency,k100,target_labels_k100,20,0.1,240,True,373,374,373,eos,False,231,0.7956521739,0.9780701754,0.02192982456,230,0.9956709957
label_efficiency,k100,target_labels_k100,20,0.1,241,False,174,175,174,eos,False,99,0.7551020408,0.9270833333,0.07291666667,98,0.9898989899
label_efficiency,k100,target_labels_k100,20,0.1,242,True,351,352,351,eos,False,215,0.9018691589,0.9905660377,0.009433962264,213,0.9906976744
label_efficiency,k100,target_labels_k100,20,0.1,243,True,331,332,331,eos,False,202,0.6517412935,0.8693467337,0.1306532663,201,0.995049505
label_efficiency,k100,target_labels_k100,20,0.1,244,True,327,328,327,eos,False,184,0.8579234973,0.9779005525,0.02209944751,182,0.9891304348
label_efficiency,k100,target_labels_k100,20,0.1,245,False,166,167,166,eos,False,105,0.8076923077,0.9411764706,0.05882352941,96,0.9142857143
label_efficiency,k100,target_labels_k100,20,0.1,246,False,242,243,242,eos,False,134,0.8496240602,0.9541984733,0.04580152672,133,0.9925373134
label_efficiency,k100,target_labels_k100,20,0.1,247,True,254,255,254,eos,False,146,0.924137931,1,0,144,0.9863013699
label_efficiency,k100,target_labels_k100,20,0.1,248,True,149,150,149,eos,False,86,0.9176470588,1,0,82,0.9534883721
label_efficiency,k100,target_labels_k100,20,0.1,249,False,456,457,456,eos,False,271,0.7666666667,0.9514925373,0.04850746269,265,0.9778597786
label_efficiency,k100,target_labels_k100,20,0.1,250,False,465,466,465,eos,False,307,0.614379085,0.8519736842,0.1480263158,306,0.996742671
label_efficiency,k100,target_labels_k100,20,0.1,251,False,73,74,73,eos,False,49,0.9166666667,0.9565217391,0.04347826087,48,0.9795918367
label_efficiency,k100,target_labels_k100,20,0.1,252,False,287,288,287,eos,False,177,0.7670454545,0.9655172414,0.03448275862,176,0.9943502825
label_efficiency,k100,target_labels_k100,20,0.1,253,True,142,143,142,eos,False,72,0.8309859155,0.9275362319,0.07246376812,70,0.9722222222
label_efficiency,k100,target_labels_k100,20,0.1,254,True,274,275,274,eos,False,147,0.801369863,0.9166666667,0.08333333333,146,0.9931972789
label_efficiency,k100,target_labels_k100,20,0.1,255,False,268,269,268,eos,False,151,0.9066666667,0.9864864865,0.01351351351,150,0.9933774834
label_efficiency,k100,target_labels_k100,20,0.1,256,True,313,314,313,eos,False,200,0.6633165829,0.8578680203,0.1421319797,184,0.92
label_efficiency,k100,target_labels_k100,20,0.1,257,True,421,422,421,eos,False,210,0.7272727273,0.9275362319,0.07246376812,208,0.9904761905
label_efficiency,k100,target_labels_k100,20,0.1,258,True,120,121,120,eos,False,75,0.9594594595,0.9861111111,0.01388888889,74,0.9866666667
label_efficiency,k100,target_labels_k100,20,0.1,259,False,304,305,304,eos,False,195,0.6958762887,0.9270833333,0.07291666667,194,0.9948717949
label_efficiency,k100,target_labels_k100,20,0.1,260,False,185,186,185,eos,False,135,0.7611940299,0.9015151515,0.09848484848,133,0.9851851852
label_efficiency,k100,target_labels_k100,20,0.1,261,True,279,280,279,eos,False,138,0.8175182482,0.9555555556,0.04444444444,137,0.9927536232
label_efficiency,k100,target_labels_k100,20,0.1,262,True,192,193,192,eos,False,114,0.9203539823,1,0,113,0.9912280702
label_efficiency,k100,target_labels_k100,20,0.1,263,False,101,102,101,eos,False,44,0.9302325581,0.9756097561,0.0243902439,38,0.8636363636
label_efficiency,k100,target_labels_k100,20,0.1,264,False,144,145,144,eos,False,84,0.8674698795,0.950617284,0.04938271605,83,0.9880952381
label_efficiency,k100,target_labels_k100,20,0.1,265,True,423,424,423,eos,False,201,0.625,0.8434343434,0.1565656566,195,0.9701492537
label_efficiency,k100,target_labels_k100,20,0.1,266,True,305,306,305,eos,False,164,0.7239263804,0.9378881988,0.06211180124,163,0.993902439
label_efficiency,k100,target_labels_k100,20,0.1,267,False,512,512,512,max_new_tokens,True,311,0.7032258065,0.9025974026,0.0974025974,214,0.6881028939
label_efficiency,k100,target_labels_k100,20,0.1,268,True,344,345,344,eos,False,213,0.5849056604,0.7619047619,0.2380952381,189,0.8873239437
label_efficiency,k100,target_labels_k100,20,0.1,269,True,178,179,178,eos,False,101,0.85,1,0,100,0.9900990099
label_efficiency,k100,target_labels_k100,20,0.1,270,True,307,308,307,eos,False,172,0.649122807,0.8579881657,0.1420118343,171,0.9941860465
label_efficiency,k100,target_labels_k100,20,0.1,271,True,205,206,205,eos,False,152,0.7417218543,0.9395973154,0.06040268456,146,0.9605263158
label_efficiency,k100,target_labels_k100,20,0.1,272,True,182,183,182,eos,False,101,0.86,1,0,100,0.9900990099
label_efficiency,k100,target_labels_k100,20,0.1,273,False,271,272,271,eos,False,160,0.8238993711,0.9681528662,0.03184713376,151,0.94375
label_efficiency,k100,target_labels_k100,20,0.1,274,True,337,338,337,eos,False,195,0.6082474227,0.8020833333,0.1979166667,194,0.9948717949
label_efficiency,k100,target_labels_k100,20,0.1,275,False,296,298,297,eos,False,174,0.7456647399,0.8888888889,0.1111111111,173,0.9942528736
label_efficiency,k100,target_labels_k100,20,0.1,276,True,360,361,360,eos,False,222,0.6334841629,0.8675799087,0.1324200913,221,0.9954954955
label_efficiency,k100,target_labels_k100,20,0.1,277,True,194,195,194,eos,False,125,0.9032258065,0.9754098361,0.02459016393,123,0.984
label_efficiency,k100,target_labels_k100,20,0.1,278,True,156,157,156,eos,False,96,0.7368421053,0.9032258065,0.09677419355,95,0.9895833333
label_efficiency,k100,target_labels_k100,20,0.1,279,True,409,410,409,eos,False,270,0.7137546468,0.9325842697,0.06741573034,197,0.7296296296
label_efficiency,k100,target_labels_k100,20,0.1,280,True,183,184,183,eos,False,124,0.7967479675,0.9173553719,0.0826446281,122,0.9838709677
label_efficiency,k100,target_labels_k100,20,0.1,281,True,271,272,271,eos,False,164,0.8404907975,0.9316770186,0.06832298137,163,0.993902439
label_efficiency,k100,target_labels_k100,20,0.1,282,True,281,282,281,eos,False,164,0.8466257669,0.9689440994,0.03105590062,160,0.9756097561
label_efficiency,k100,target_labels_k100,20,0.1,283,True,269,270,269,eos,False,167,0.8493975904,0.993902439,0.006097560976,166,0.994011976
label_efficiency,k100,target_labels_k100,20,0.1,284,True,290,291,290,eos,False,174,0.6358381503,0.8771929825,0.1228070175,170,0.9770114943
label_efficiency,k100,target_labels_k100,20,0.1,285,True,247,248,247,eos,False,155,0.7727272727,0.9934210526,0.006578947368,154,0.9935483871
label_efficiency,k100,target_labels_k100,20,0.1,286,False,151,152,151,eos,False,88,0.9540229885,1,0,87,0.9886363636
label_efficiency,k100,target_labels_k100,20,0.1,287,True,303,304,303,eos,False,189,0.7872340426,0.9516129032,0.04838709677,188,0.9947089947
label_efficiency,k100,target_labels_k100,20,0.1,288,True,192,193,192,eos,False,111,0.8909090909,0.9722222222,0.02777777778,110,0.990990991
label_efficiency,k100,target_labels_k100,20,0.1,289,True,512,512,512,max_new_tokens,True,285,0.6338028169,0.8404255319,0.1595744681,162,0.5684210526
label_efficiency,k100,target_labels_k100,20,0.1,290,True,248,249,248,eos,False,164,0.7300613497,0.9254658385,0.07453416149,163,0.993902439
label_efficiency,k100,target_labels_k100,20,0.1,291,True,228,229,228,eos,False,149,0.8108108108,0.9726027397,0.02739726027,146,0.9798657718
label_efficiency,k100,target_labels_k100,20,0.1,292,False,348,349,348,eos,False,187,0.8870967742,1,0,186,0.9946524064
label_efficiency,k100,target_labels_k100,20,0.1,293,False,341,342,341,eos,False,219,0.7889908257,0.9537037037,0.0462962963,218,0.99543379
label_efficiency,k100,target_labels_k100,20,0.1,294,True,204,205,204,eos,False,130,0.8372093023,0.9842519685,0.0157480315,125,0.9615384615
label_efficiency,k100,target_labels_k100,20,0.1,295,True,274,275,274,eos,False,126,0.768,0.9105691057,0.08943089431,108,0.8571428571
label_efficiency,k100,target_labels_k100,20,0.1,296,False,191,192,191,eos,False,131,0.8230769231,0.9609375,0.0390625,129,0.9847328244
label_efficiency,k100,target_labels_k100,20,0.1,297,False,191,192,191,eos,False,105,0.9711538462,1,0,97,0.9238095238
label_efficiency,k100,target_labels_k100,20,0.1,298,False,277,278,277,eos,False,135,0.8731343284,1,0,134,0.9925925926
label_efficiency,k100,target_labels_k100,20,0.1,299,False,393,394,393,eos,False,198,0.6294416244,0.841025641,0.158974359,197,0.9949494949
