model,sample_id,correct,layer,x_correctness,y_residual_pc
Base,0,False,0,0.41412705183029175,-11.136075973510742
Base,0,False,1,-0.7716003656387329,-11.484834671020508
Base,0,False,2,-0.7049365043640137,-11.132159233093262
Base,0,False,3,-1.3318216800689697,-10.998096466064453
Base,0,False,4,-1.2002218961715698,-10.35761547088623
Base,0,False,5,-1.5901294946670532,-10.248659133911133
Base,0,False,6,-1.2587192058563232,-10.249293327331543
Base,0,False,7,-0.9557251334190369,-10.279725074768066
Base,0,False,8,-1.290532112121582,-10.016422271728516
Base,0,False,9,-1.6838712692260742,-9.690627098083496
Base,0,False,10,-1.479870080947876,-9.626837730407715
Base,0,False,11,-1.9503202438354492,-9.249418258666992
Base,0,False,12,-1.6668469905853271,-8.772340774536133
Base,0,False,13,-1.5633502006530762,-8.392998695373535
Base,0,False,14,-1.8980138301849365,-8.27320671081543
Base,0,False,15,-1.98301100730896,-8.57268238067627
Base,0,False,16,-2.108168125152588,-7.474020481109619
Base,0,False,17,-2.641874313354492,-6.665045738220215
Base,0,False,18,-3.2629542350769043,-5.967475891113281
Base,0,False,19,-3.391312599182129,-4.294012069702148
Base,0,False,20,-3.6870343685150146,-2.970428705215454
Base,0,False,21,-3.9922633171081543,0.03624136745929718
Base,0,False,22,-4.893222808837891,6.045355796813965
Base,0,False,23,-5.3346452713012695,13.35879135131836
Base,0,False,24,-6.1900224685668945,21.521156311035156
Base,0,False,25,-8.076841354370117,33.737693786621094
Base,0,False,26,-9.659843444824219,49.98638916015625
Base,0,False,27,-12.386373519897461,58.852447509765625
Base,0,False,28,-7.5141425132751465,28.509368896484375
Base,1,False,0,0.42813414335250854,-11.15985107421875
Base,1,False,1,-0.23786801099777222,-11.427005767822266
Base,1,False,2,-0.33799922466278076,-11.041396141052246
Base,1,False,3,-0.9847459197044373,-10.949849128723145
Base,1,False,4,-1.300004482269287,-10.565458297729492
Base,1,False,5,-1.8332661390304565,-10.39200210571289
Base,1,False,6,-2.00207781791687,-10.56397819519043
Base,1,False,7,-2.2124183177948,-10.296886444091797
Base,1,False,8,-2.7777485847473145,-10.241710662841797
Base,1,False,9,-3.1955440044403076,-9.463476181030273
Base,1,False,10,-2.618459701538086,-9.758840560913086
Base,1,False,11,-3.136669158935547,-9.382726669311523
Base,1,False,12,-3.5501537322998047,-9.232955932617188
Base,1,False,13,-3.561739921569824,-9.188763618469238
Base,1,False,14,-3.8038196563720703,-8.765225410461426
Base,1,False,15,-3.761523723602295,-8.864482879638672
Base,1,False,16,-4.1066436767578125,-8.097421646118164
Base,1,False,17,-5.438568115234375,-7.424061298370361
Base,1,False,18,-6.331452369689941,-7.241948127746582
Base,1,False,19,-6.565195560455322,-6.516645431518555
Base,1,False,20,-7.222625732421875,-5.842324256896973
Base,1,False,21,-7.876460552215576,-3.306340217590332
Base,1,False,22,-10.9928560256958,1.2291991710662842
Base,1,False,23,-13.630725860595703,7.238865375518799
Base,1,False,24,-16.77025032043457,13.498891830444336
Base,1,False,25,-19.908477783203125,22.636608123779297
Base,1,False,26,-19.89455795288086,33.02095413208008
Base,1,False,27,-23.769756317138672,40.30348587036133
Base,1,False,28,-12.550426483154297,17.334758758544922
Base,2,False,0,0.41321855783462524,-11.151548385620117
Base,2,False,1,-0.4672711193561554,-11.219375610351562
Base,2,False,2,-0.2917081415653229,-10.850284576416016
Base,2,False,3,-0.7514070272445679,-10.89173698425293
Base,2,False,4,-0.5463330149650574,-10.370311737060547
Base,2,False,5,-1.2345483303070068,-10.572260856628418
Base,2,False,6,-0.8746308088302612,-10.535554885864258
Base,2,False,7,-1.0136768817901611,-10.12131118774414
Base,2,False,8,-1.2645373344421387,-9.996023178100586
Base,2,False,9,-1.475083589553833,-9.534470558166504
Base,2,False,10,-1.1272598505020142,-9.230829238891602
Base,2,False,11,-1.6669094562530518,-8.939245223999023
Base,2,False,12,-1.6104857921600342,-9.051755905151367
Base,2,False,13,-1.7049254179000854,-8.666829109191895
Base,2,False,14,-1.7723371982574463,-8.459432601928711
Base,2,False,15,-1.98783540725708,-8.675938606262207
Base,2,False,16,-2.3342528343200684,-7.7365522384643555
Base,2,False,17,-2.813981533050537,-6.88485050201416
Base,2,False,18,-3.8783082962036133,-6.110328197479248
Base,2,False,19,-4.268937110900879,-4.612065315246582
Base,2,False,20,-4.905488014221191,-3.5522918701171875
Base,2,False,21,-5.138397693634033,-0.3105738162994385
Base,2,False,22,-6.446109771728516,4.28159236907959
Base,2,False,23,-7.845737457275391,10.870807647705078
Base,2,False,24,-9.132333755493164,17.184856414794922
Base,2,False,25,-10.599198341369629,27.592910766601562
Base,2,False,26,-12.688793182373047,40.64792251586914
Base,2,False,27,-13.886041641235352,48.96240234375
Base,2,False,28,-5.725395202636719,18.834455490112305
Base,3,False,0,0.4194342792034149,-11.174643516540527
Base,3,False,1,-0.1419898420572281,-11.409750938415527
Base,3,False,2,0.09764787554740906,-10.965818405151367
Base,3,False,3,-0.21441884338855743,-10.869486808776855
Base,3,False,4,0.04880353808403015,-10.255002975463867
Base,3,False,5,-0.3881068229675293,-10.166364669799805
Base,3,False,6,-0.16744118928909302,-10.209268569946289
Base,3,False,7,-0.19684630632400513,-9.877239227294922
Base,3,False,8,-0.24605709314346313,-9.599416732788086
Base,3,False,9,-0.2413625419139862,-9.499273300170898
Base,3,False,10,0.4351234436035156,-9.365409851074219
Base,3,False,11,0.29263269901275635,-9.251851081848145
Base,3,False,12,0.5343999862670898,-8.961443901062012
Base,3,False,13,0.6274724006652832,-8.607619285583496
Base,3,False,14,0.5709329843521118,-8.384199142456055
Base,3,False,15,0.3792476952075958,-8.633326530456543
Base,3,False,16,0.4566497206687927,-7.817334175109863
Base,3,False,17,0.3235858082771301,-6.837375164031982
Base,3,False,18,0.6619222164154053,-6.373104572296143
Base,3,False,19,1.3786606788635254,-4.723850250244141
Base,3,False,20,1.295607089996338,-3.8680007457733154
Base,3,False,21,1.545693039894104,-1.2656041383743286
Base,3,False,22,1.4088144302368164,3.7398738861083984
Base,3,False,23,0.3518625497817993,9.57621955871582
Base,3,False,24,0.6380212306976318,15.67085075378418
Base,3,False,25,0.040579915046691895,25.505210876464844
Base,3,False,26,-0.3750491738319397,37.38873291015625
Base,3,False,27,-2.083601951599121,44.5608024597168
Base,3,False,28,-0.42342257499694824,20.847896575927734
Base,4,False,0,0.4437617361545563,-11.172115325927734
Base,4,False,1,-0.04579821228981018,-11.431236267089844
Base,4,False,2,-0.09344431757926941,-10.804510116577148
Base,4,False,3,-0.3478165864944458,-10.979074478149414
Base,4,False,4,0.0589774027466774,-10.419466018676758
Base,4,False,5,-0.36840564012527466,-10.107833862304688
Base,4,False,6,-0.2931261658668518,-10.148096084594727
Base,4,False,7,-0.15690714120864868,-10.252394676208496
Base,4,False,8,-0.6188974380493164,-9.925554275512695
Base,4,False,9,-0.7058263421058655,-9.828065872192383
Base,4,False,10,-0.5483558773994446,-9.368680953979492
Base,4,False,11,-1.1667684316635132,-9.182348251342773
Base,4,False,12,-0.8664564490318298,-8.846603393554688
Base,4,False,13,-0.9752472639083862,-8.626890182495117
Base,4,False,14,-1.2140393257141113,-8.330482482910156
Base,4,False,15,-1.6007804870605469,-8.748781204223633
Base,4,False,16,-1.7509512901306152,-7.211899757385254
Base,4,False,17,-2.0925707817077637,-6.110212326049805
Base,4,False,18,-3.131486415863037,-5.65230655670166
Base,4,False,19,-3.621523380279541,-4.320852279663086
Base,4,False,20,-3.3411011695861816,-3.201510429382324
Base,4,False,21,-3.1480891704559326,0.3730146884918213
Base,4,False,22,-3.0934953689575195,5.812579154968262
Base,4,False,23,-3.0481643676757812,12.20708179473877
Base,4,False,24,-3.8620896339416504,19.749042510986328
Base,4,False,25,-4.3292741775512695,30.837818145751953
Base,4,False,26,-4.616875648498535,42.49106979370117
Base,4,False,27,-4.172528266906738,49.757652282714844
Base,4,False,28,-1.4093530178070068,21.11890411376953
Base,5,False,0,0.42880141735076904,-11.151284217834473
Base,5,False,1,-0.08013522624969482,-11.343626022338867
Base,5,False,2,0.10588984191417694,-10.941729545593262
Base,5,False,3,-0.02648158371448517,-11.134353637695312
Base,5,False,4,1.0599185228347778,-10.375816345214844
Base,5,False,5,0.9912596940994263,-10.232194900512695
Base,5,False,6,1.1202062368392944,-9.950769424438477
Base,5,False,7,1.3984084129333496,-10.157946586608887
Base,5,False,8,1.2358148097991943,-10.405660629272461
Base,5,False,9,0.8028572797775269,-10.103515625
Base,5,False,10,0.7505027055740356,-9.401826858520508
Base,5,False,11,0.2727545499801636,-9.682268142700195
Base,5,False,12,0.8782018423080444,-9.578110694885254
Base,5,False,13,1.1980328559875488,-9.337309837341309
Base,5,False,14,0.8956787586212158,-9.056672096252441
Base,5,False,15,0.6413767337799072,-9.40446662902832
Base,5,False,16,0.6646363139152527,-8.834123611450195
Base,5,False,17,0.8154307007789612,-8.089120864868164
Base,5,False,18,0.4248684346675873,-7.058377265930176
Base,5,False,19,1.0729588270187378,-5.894941329956055
Base,5,False,20,0.33114761114120483,-4.397371292114258
Base,5,False,21,0.6737673878669739,-0.036100149154663086
Base,5,False,22,0.4404571056365967,5.869933605194092
Base,5,False,23,-0.7629038691520691,13.507171630859375
Base,5,False,24,-1.7934073209762573,21.650264739990234
Base,5,False,25,-1.9363090991973877,31.437400817871094
Base,5,False,26,-2.065451145172119,46.74433135986328
Base,5,False,27,-2.133479118347168,54.9805793762207
Base,5,False,28,1.6762487888336182,26.39403533935547
Base,6,True,0,0.457569420337677,-11.170724868774414
Base,6,True,1,0.11860695481300354,-11.300745010375977
Base,6,True,2,0.42200177907943726,-10.866100311279297
Base,6,True,3,0.5598782300949097,-10.956177711486816
Base,6,True,4,1.2610862255096436,-10.391072273254395
Base,6,True,5,1.2870535850524902,-10.17849349975586
Base,6,True,6,1.4062291383743286,-10.116750717163086
Base,6,True,7,1.9130091667175293,-10.306575775146484
Base,6,True,8,1.6544253826141357,-10.187920570373535
Base,6,True,9,1.5948415994644165,-10.119747161865234
Base,6,True,10,2.0350685119628906,-10.018486022949219
Base,6,True,11,1.880730152130127,-9.815653800964355
Base,6,True,12,2.9339394569396973,-9.315835952758789
Base,6,True,13,3.1037354469299316,-9.114848136901855
Base,6,True,14,2.8861563205718994,-8.869241714477539
Base,6,True,15,2.960696220397949,-9.221790313720703
Base,6,True,16,3.7284278869628906,-8.27640151977539
Base,6,True,17,4.072765350341797,-7.671084403991699
Base,6,True,18,4.963886737823486,-6.98275089263916
Base,6,True,19,6.029397010803223,-5.57310152053833
Base,6,True,20,6.314496994018555,-4.303102970123291
Base,6,True,21,7.58600378036499,-1.5265687704086304
Base,6,True,22,8.520427703857422,3.6174440383911133
Base,6,True,23,9.729612350463867,9.768872261047363
Base,6,True,24,11.23078727722168,16.6307373046875
Base,6,True,25,12.220358848571777,25.432384490966797
Base,6,True,26,14.36862564086914,36.902462005615234
Base,6,True,27,15.783276557922363,43.799415588378906
Base,6,True,28,9.164138793945312,20.0747013092041
Base,7,False,0,0.40132665634155273,-11.144771575927734
Base,7,False,1,-1.2672972679138184,-11.456775665283203
Base,7,False,2,-1.2928024530410767,-11.028791427612305
Base,7,False,3,-2.1316750049591064,-10.995682716369629
Base,7,False,4,-2.1350197792053223,-10.368955612182617
Base,7,False,5,-2.895601749420166,-10.332469940185547
Base,7,False,6,-2.6417722702026367,-10.228964805603027
Base,7,False,7,-2.445262908935547,-10.392300605773926
Base,7,False,8,-2.641267776489258,-10.208697319030762
Base,7,False,9,-3.179302453994751,-9.845475196838379
Base,7,False,10,-3.0399022102355957,-9.730359077453613
Base,7,False,11,-3.4852676391601562,-9.32533073425293
Base,7,False,12,-3.1759166717529297,-8.784270286560059
Base,7,False,13,-3.186784505844116,-8.319342613220215
Base,7,False,14,-3.3674206733703613,-8.094660758972168
Base,7,False,15,-3.50895357131958,-8.570807456970215
Base,7,False,16,-3.6970458030700684,-7.451150894165039
Base,7,False,17,-4.482936859130859,-6.51239013671875
Base,7,False,18,-5.384944438934326,-5.798096656799316
Base,7,False,19,-5.660431861877441,-4.371596336364746
Base,7,False,20,-6.478168964385986,-3.0133979320526123
Base,7,False,21,-7.451231956481934,0.211318239569664
Base,7,False,22,-9.336097717285156,6.088775634765625
Base,7,False,23,-10.801424026489258,13.200675964355469
Base,7,False,24,-13.421775817871094,20.859420776367188
Base,7,False,25,-15.990006446838379,32.49388122558594
Base,7,False,26,-18.491764068603516,48.20332336425781
Base,7,False,27,-20.693729400634766,55.73151397705078
Base,7,False,28,-11.774389266967773,26.513450622558594
Base,8,False,0,0.4228484034538269,-11.132901191711426
Base,8,False,1,-0.31465137004852295,-11.285943031311035
Base,8,False,2,-0.12482233345508575,-10.937492370605469
Base,8,False,3,-0.44071298837661743,-10.96525764465332
Base,8,False,4,0.42362847924232483,-10.300886154174805
Base,8,False,5,0.04404105246067047,-10.396036148071289
Base,8,False,6,0.29932835698127747,-10.408344268798828
Base,8,False,7,0.728386402130127,-10.201955795288086
Base,8,False,8,0.3892059028148651,-10.000064849853516
Base,8,False,9,0.36897432804107666,-9.73581314086914
Base,8,False,10,1.1747984886169434,-9.500961303710938
Base,8,False,11,0.7978582382202148,-9.44205093383789
Base,8,False,12,1.1085180044174194,-8.95380687713623
Base,8,False,13,1.3135507106781006,-8.602378845214844
Base,8,False,14,1.453028678894043,-8.414862632751465
Base,8,False,15,1.4674618244171143,-8.788372993469238
Base,8,False,16,2.094303607940674,-7.856653213500977
Base,8,False,17,1.7872893810272217,-6.638240814208984
Base,8,False,18,1.212666630744934,-6.195230484008789
Base,8,False,19,1.8569079637527466,-4.556401252746582
Base,8,False,20,1.7467621564865112,-3.4782705307006836
Base,8,False,21,1.2082061767578125,1.0617401599884033
Base,8,False,22,0.6654282808303833,7.051440238952637
Base,8,False,23,-0.45690709352493286,15.424060821533203
Base,8,False,24,-1.9130394458770752,24.64789581298828
Base,8,False,25,-2.6806676387786865,37.167747497558594
Base,8,False,26,-3.578646183013916,53.752899169921875
Base,8,False,27,-5.998072624206543,63.46759033203125
Base,8,False,28,-4.406175136566162,29.506656646728516
Base,9,True,0,0.4581865668296814,-11.14863109588623
Base,9,True,1,0.23362493515014648,-11.18575668334961
Base,9,True,2,0.6785705089569092,-10.760844230651855
Base,9,True,3,0.9559206962585449,-11.074551582336426
Base,9,True,4,2.0585391521453857,-10.4501314163208
Base,9,True,5,1.9642620086669922,-10.455724716186523
Base,9,True,6,2.17521333694458,-10.411890029907227
Base,9,True,7,2.8710289001464844,-10.301448822021484
Base,9,True,8,2.8362979888916016,-10.456074714660645
Base,9,True,9,2.7285566329956055,-10.217264175415039
Base,9,True,10,3.3066039085388184,-9.81032943725586
Base,9,True,11,3.5017857551574707,-9.845746994018555
Base,9,True,12,4.56315803527832,-9.274503707885742
Base,9,True,13,4.891617298126221,-8.763463020324707
Base,9,True,14,4.927112102508545,-8.738592147827148
Base,9,True,15,4.803027153015137,-8.82119369506836
Base,9,True,16,6.234491348266602,-8.131765365600586
Base,9,True,17,6.4589924812316895,-7.570854663848877
Base,9,True,18,8.272149085998535,-6.617693901062012
Base,9,True,19,9.4219970703125,-4.59504508972168
Base,9,True,20,9.606588363647461,-3.51377010345459
Base,9,True,21,11.700172424316406,0.5692490339279175
Base,9,True,22,13.573463439941406,5.572221279144287
Base,9,True,23,14.723271369934082,12.014633178710938
Base,9,True,24,16.45870018005371,19.139732360839844
Base,9,True,25,18.039216995239258,28.75284194946289
Base,9,True,26,21.069068908691406,40.162109375
Base,9,True,27,21.45811653137207,46.92279052734375
Base,9,True,28,13.636760711669922,23.59636116027832
Base,10,False,0,0.3983691930770874,-11.127082824707031
Base,10,False,1,-1.251905083656311,-11.502883911132812
Base,10,False,2,-1.2772387266159058,-11.108232498168945
Base,10,False,3,-2.150644063949585,-10.978179931640625
Base,10,False,4,-2.130467414855957,-10.330816268920898
Base,10,False,5,-2.8350067138671875,-10.216529846191406
Base,10,False,6,-2.458740472793579,-10.157953262329102
Base,10,False,7,-2.2109804153442383,-10.286161422729492
Base,10,False,8,-2.5765540599823,-10.176834106445312
Base,10,False,9,-3.0898618698120117,-9.750429153442383
Base,10,False,10,-3.082822322845459,-9.837491035461426
Base,10,False,11,-3.632248640060425,-9.520447731018066
Base,10,False,12,-3.196564197540283,-8.847467422485352
Base,10,False,13,-3.3367059230804443,-8.542434692382812
Base,10,False,14,-3.755660057067871,-8.40359115600586
Base,10,False,15,-3.982569456100464,-8.80063247680664
Base,10,False,16,-4.492016315460205,-7.447027206420898
Base,10,False,17,-5.190699577331543,-6.768540859222412
Base,10,False,18,-6.347613334655762,-6.294055938720703
Base,10,False,19,-6.662860870361328,-4.630764484405518
Base,10,False,20,-7.182195663452148,-3.0433459281921387
Base,10,False,21,-8.268095016479492,-0.11429111659526825
Base,10,False,22,-10.116303443908691,5.945589065551758
Base,10,False,23,-11.515889167785645,13.087639808654785
Base,10,False,24,-13.86435317993164,21.357749938964844
Base,10,False,25,-17.127334594726562,33.490699768066406
Base,10,False,26,-19.2945499420166,49.89167785644531
Base,10,False,27,-22.619831085205078,58.70162582397461
Base,10,False,28,-13.02197551727295,28.330368041992188
Base,11,True,0,0.45025956630706787,-11.16595458984375
Base,11,True,1,0.5489601492881775,-11.432263374328613
Base,11,True,2,0.9663580656051636,-10.986531257629395
Base,11,True,3,1.2288308143615723,-11.187019348144531
Base,11,True,4,2.2324156761169434,-10.740560531616211
Base,11,True,5,2.362602710723877,-10.676767349243164
Base,11,True,6,2.4458136558532715,-10.551385879516602
Base,11,True,7,2.8647069931030273,-10.304620742797852
Base,11,True,8,2.6552367210388184,-10.14213752746582
Base,11,True,9,2.555558681488037,-10.099702835083008
Base,11,True,10,3.0176987648010254,-9.796937942504883
Base,11,True,11,2.848865509033203,-9.741753578186035
Base,11,True,12,3.734743118286133,-9.375959396362305
Base,11,True,13,3.8292746543884277,-9.242362976074219
Base,11,True,14,3.737766742706299,-9.368717193603516
Base,11,True,15,3.6236095428466797,-9.46937370300293
Base,11,True,16,4.470790863037109,-8.693591117858887
Base,11,True,17,4.466118812561035,-7.960491180419922
Base,11,True,18,5.478847503662109,-7.005051136016846
Base,11,True,19,6.38583517074585,-5.8656768798828125
Base,11,True,20,6.841377258300781,-4.793745994567871
Base,11,True,21,8.268964767456055,-1.6534297466278076
Base,11,True,22,9.44373607635498,2.966313362121582
Base,11,True,23,10.23525619506836,8.349580764770508
Base,11,True,24,11.658329963684082,14.630681037902832
Base,11,True,25,12.466221809387207,22.198528289794922
Base,11,True,26,14.113512992858887,33.09309005737305
Base,11,True,27,16.505550384521484,40.46563720703125
Base,11,True,28,11.34872817993164,18.020444869995117
Base,12,False,0,0.4541305899620056,-11.173816680908203
Base,12,False,1,0.5123700499534607,-11.334270477294922
Base,12,False,2,1.0027391910552979,-10.86143970489502
Base,12,False,3,1.263707160949707,-10.81243896484375
Base,12,False,4,2.2993216514587402,-10.393074035644531
Base,12,False,5,2.1855459213256836,-10.515541076660156
Base,12,False,6,2.2288856506347656,-10.285575866699219
Base,12,False,7,2.715005874633789,-10.201650619506836
Base,12,False,8,2.420057773590088,-10.03891372680664
Base,12,False,9,2.466233730316162,-9.942195892333984
Base,12,False,10,3.3079142570495605,-9.730911254882812
Base,12,False,11,3.2847464084625244,-9.599973678588867
Base,12,False,12,3.8592679500579834,-9.216087341308594
Base,12,False,13,4.0758514404296875,-8.964105606079102
Base,12,False,14,4.030893325805664,-8.902385711669922
Base,12,False,15,3.756974220275879,-8.940738677978516
Base,12,False,16,4.591314792633057,-8.474903106689453
Base,12,False,17,4.749359130859375,-7.6080121994018555
Base,12,False,18,5.814331531524658,-6.931366443634033
Base,12,False,19,6.878914833068848,-5.359068870544434
Base,12,False,20,6.732906341552734,-4.534497261047363
Base,12,False,21,8.148967742919922,-1.2769672870635986
Base,12,False,22,9.217255592346191,3.3326780796051025
Base,12,False,23,9.61121940612793,8.535557746887207
Base,12,False,24,11.42087459564209,14.942623138427734
Base,12,False,25,11.490093231201172,24.646631240844727
Base,12,False,26,12.028341293334961,36.547523498535156
Base,12,False,27,12.682435035705566,43.702632904052734
Base,12,False,28,8.847197532653809,23.010425567626953
Base,13,False,0,0.4213663339614868,-11.121749877929688
Base,13,False,1,-0.3562318682670593,-11.305459976196289
Base,13,False,2,-0.14512304961681366,-11.201522827148438
Base,13,False,3,-0.08488349616527557,-10.991341590881348
Base,13,False,4,0.7269434928894043,-10.602560043334961
Base,13,False,5,0.5281507968902588,-10.40066909790039
Base,13,False,6,0.5102112889289856,-10.331109046936035
Base,13,False,7,0.932195782661438,-10.785273551940918
Base,13,False,8,0.6462581157684326,-10.37376594543457
Base,13,False,9,0.32650819420814514,-9.998128890991211
Base,13,False,10,0.09233362972736359,-9.639223098754883
Base,13,False,11,-0.3397206664085388,-9.440040588378906
Base,13,False,12,-0.5086965560913086,-8.824665069580078
Base,13,False,13,-0.1570495367050171,-8.817253112792969
Base,13,False,14,-0.48337459564208984,-8.578751564025879
Base,13,False,15,-0.6482968330383301,-9.013172149658203
Base,13,False,16,-0.23821775615215302,-8.136884689331055
Base,13,False,17,-0.16888022422790527,-7.216915130615234
Base,13,False,18,-1.0669132471084595,-6.620914936065674
Base,13,False,19,-0.6489155888557434,-5.591569423675537
Base,13,False,20,-1.0129672288894653,-4.302921295166016
Base,13,False,21,-0.12847602367401123,-1.2346022129058838
Base,13,False,22,-0.7792983651161194,3.6982686519622803
Base,13,False,23,-0.6760002970695496,11.466239929199219
Base,13,False,24,-1.8339861631393433,19.160572052001953
Base,13,False,25,-1.8440405130386353,31.16714096069336
Base,13,False,26,-2.901773452758789,50.1215705871582
Base,13,False,27,-5.347764015197754,60.037166595458984
Base,13,False,28,-1.9735972881317139,26.100494384765625
Base,14,True,0,0.43641793727874756,-11.153932571411133
Base,14,True,1,-0.5243490934371948,-11.425642013549805
Base,14,True,2,-0.19011075794696808,-10.922256469726562
Base,14,True,3,-0.22780156135559082,-11.080751419067383
Base,14,True,4,0.809352457523346,-10.617682456970215
Base,14,True,5,0.43763822317123413,-10.068366050720215
Base,14,True,6,0.6009719967842102,-10.061689376831055
Base,14,True,7,1.0757472515106201,-10.34620475769043
Base,14,True,8,0.8952697515487671,-10.536154747009277
Base,14,True,9,0.6555460691452026,-10.264220237731934
Base,14,True,10,1.025235891342163,-10.181442260742188
Base,14,True,11,0.8332850337028503,-10.187471389770508
Base,14,True,12,1.517185926437378,-9.842245101928711
Base,14,True,13,1.7446539402008057,-9.397272109985352
Base,14,True,14,1.8604700565338135,-9.031326293945312
Base,14,True,15,1.8904993534088135,-9.164958953857422
Base,14,True,16,2.8169498443603516,-8.442726135253906
Base,14,True,17,3.050048589706421,-7.594726085662842
Base,14,True,18,4.123684883117676,-6.650313854217529
Base,14,True,19,5.239118576049805,-5.1884541511535645
Base,14,True,20,5.228802680969238,-4.008776664733887
Base,14,True,21,5.241779327392578,0.2902616262435913
Base,14,True,22,5.871193885803223,5.851588726043701
Base,14,True,23,6.080517768859863,12.405728340148926
Base,14,True,24,6.978351593017578,20.570215225219727
Base,14,True,25,6.983896255493164,31.24844741821289
Base,14,True,26,7.685787200927734,45.970802307128906
Base,14,True,27,7.4396562576293945,54.34898376464844
Base,14,True,28,4.540600776672363,27.263532638549805
Base,15,False,0,0.4141491651535034,-11.140531539916992
Base,15,False,1,-0.5613674521446228,-11.439926147460938
Base,15,False,2,-0.6403583288192749,-11.028453826904297
Base,15,False,3,-1.253727674484253,-11.064188003540039
Base,15,False,4,-1.5191764831542969,-10.602514266967773
Base,15,False,5,-2.2592573165893555,-10.520516395568848
Base,15,False,6,-2.4608399868011475,-10.71900463104248
Base,15,False,7,-2.7976832389831543,-10.213119506835938
Base,15,False,8,-3.2323079109191895,-10.347614288330078
Base,15,False,9,-3.6250252723693848,-9.438140869140625
Base,15,False,10,-3.016094207763672,-9.853605270385742
Base,15,False,11,-3.7567567825317383,-9.480374336242676
Base,15,False,12,-4.169997692108154,-9.342296600341797
Base,15,False,13,-4.27144718170166,-9.316970825195312
Base,15,False,14,-4.216402530670166,-8.825577735900879
Base,15,False,15,-4.181549549102783,-8.912155151367188
Base,15,False,16,-4.578777313232422,-8.19355583190918
Base,15,False,17,-6.041062355041504,-7.732704162597656
Base,15,False,18,-7.075926303863525,-7.356842041015625
Base,15,False,19,-7.362038612365723,-6.563979148864746
Base,15,False,20,-8.062461853027344,-5.807177543640137
Base,15,False,21,-8.746384620666504,-2.4876346588134766
Base,15,False,22,-13.095047950744629,2.2458767890930176
Base,15,False,23,-16.325620651245117,9.091676712036133
Base,15,False,24,-19.375553131103516,15.551280975341797
Base,15,False,25,-22.515056610107422,25.41387939453125
Base,15,False,26,-23.816543579101562,37.74214553833008
Base,15,False,27,-27.206279754638672,44.841453552246094
Base,15,False,28,-15.237100601196289,20.207674026489258
Base,16,True,0,0.40665608644485474,-11.141363143920898
Base,16,True,1,-0.48026567697525024,-11.427027702331543
Base,16,True,2,-0.4589083194732666,-11.083641052246094
Base,16,True,3,-1.2708687782287598,-11.016263008117676
Base,16,True,4,-0.6015586853027344,-10.456687927246094
Base,16,True,5,-1.144343614578247,-10.392807006835938
Base,16,True,6,-0.8624544143676758,-10.16043472290039
Base,16,True,7,-0.4776972830295563,-9.915014266967773
Base,16,True,8,-0.9406927227973938,-9.89635944366455
Base,16,True,9,-0.9329400062561035,-9.488006591796875
Base,16,True,10,-0.0793948620557785,-9.695598602294922
Base,16,True,11,-0.4684230089187622,-9.362602233886719
Base,16,True,12,-0.17228548228740692,-8.719827651977539
Base,16,True,13,-0.2668381333351135,-8.369119644165039
Base,16,True,14,-0.22249212861061096,-8.06918716430664
Base,16,True,15,-0.21845823526382446,-8.536513328552246
Base,16,True,16,-0.2386196255683899,-6.911567687988281
Base,16,True,17,-0.01443934440612793,-6.541212558746338
Base,16,True,18,-0.2883930802345276,-5.423920154571533
Base,16,True,19,0.21715092658996582,-3.5520846843719482
Base,16,True,20,0.8326549530029297,-2.139138698577881
Base,16,True,21,0.22282439470291138,1.3002656698226929
Base,16,True,22,0.14405040442943573,7.593802452087402
Base,16,True,23,-0.5184305906295776,14.967206954956055
Base,16,True,24,-1.3441927433013916,24.179424285888672
Base,16,True,25,-2.025822639465332,35.39884948730469
Base,16,True,26,-1.5861477851867676,52.932029724121094
Base,16,True,27,-4.916628837585449,63.022117614746094
Base,16,True,28,-2.458040237426758,27.536169052124023
Base,17,False,0,0.4140982925891876,-11.133702278137207
Base,17,False,1,-0.6270212531089783,-11.394927978515625
Base,17,False,2,-0.5057743787765503,-11.067625999450684
Base,17,False,3,-1.031834363937378,-10.985893249511719
Base,17,False,4,-0.8133754730224609,-10.386430740356445
Base,17,False,5,-1.304365873336792,-10.376900672912598
Base,17,False,6,-1.0705115795135498,-10.312255859375
Base,17,False,7,-0.733773946762085,-10.314557075500488
Base,17,False,8,-0.9531553983688354,-10.036550521850586
Base,17,False,9,-1.3229962587356567,-9.652572631835938
Base,17,False,10,-0.9696774482727051,-9.49245834350586
Base,17,False,11,-1.5587356090545654,-9.299077987670898
Base,17,False,12,-1.1154682636260986,-8.836578369140625
Base,17,False,13,-1.0496166944503784,-8.471746444702148
Base,17,False,14,-1.1906468868255615,-8.368417739868164
Base,17,False,15,-1.2959156036376953,-8.712875366210938
Base,17,False,16,-1.226933240890503,-7.452594757080078
Base,17,False,17,-1.887465476989746,-6.645695686340332
Base,17,False,18,-2.488609790802002,-5.912464141845703
Base,17,False,19,-2.4443459510803223,-4.548454284667969
Base,17,False,20,-2.8855843544006348,-3.1072988510131836
Base,17,False,21,-3.427849769592285,-0.15986955165863037
Base,17,False,22,-4.712864398956299,5.824309349060059
Base,17,False,23,-5.905517578125,12.915376663208008
Base,17,False,24,-6.832057952880859,21.061412811279297
Base,17,False,25,-8.49797248840332,33.181827545166016
Base,17,False,26,-10.581583023071289,49.30017852783203
Base,17,False,27,-13.608809471130371,57.999908447265625
Base,17,False,28,-7.971944808959961,27.662982940673828
Base,18,True,0,0.4405707120895386,-11.121606826782227
Base,18,True,1,-0.19529882073402405,-11.408438682556152
Base,18,True,2,-0.14654949307441711,-10.96647834777832
Base,18,True,3,-0.4625307321548462,-11.108898162841797
Base,18,True,4,0.24458575248718262,-10.155498504638672
Base,18,True,5,0.3940509259700775,-9.95926284790039
Base,18,True,6,0.7311378121376038,-10.111515045166016
Base,18,True,7,1.6735105514526367,-10.243165969848633
Base,18,True,8,1.8396141529083252,-9.799643516540527
Base,18,True,9,1.8675949573516846,-9.657923698425293
Base,18,True,10,2.445169687271118,-9.755620956420898
Base,18,True,11,2.217029094696045,-9.214330673217773
Base,18,True,12,3.159022092819214,-8.612115859985352
Base,18,True,13,2.935736894607544,-8.141249656677246
Base,18,True,14,3.384282112121582,-7.326744079589844
Base,18,True,15,3.623722791671753,-7.887474060058594
Base,18,True,16,4.2994585037231445,-6.626214504241943
Base,18,True,17,4.220183372497559,-5.756958961486816
Base,18,True,18,4.899746417999268,-4.609806060791016
Base,18,True,19,5.276601314544678,-2.7785801887512207
Base,18,True,20,6.668201923370361,-1.477463960647583
Base,18,True,21,8.829336166381836,2.3992090225219727
Base,18,True,22,10.111381530761719,10.142342567443848
Base,18,True,23,13.641740798950195,18.744003295898438
Base,18,True,24,16.70572280883789,27.837923049926758
Base,18,True,25,18.557937622070312,41.864158630371094
Base,18,True,26,20.998638153076172,62.697845458984375
Base,18,True,27,21.065181732177734,70.3199462890625
Base,18,True,28,10.320165634155273,33.36669921875
Base,19,False,0,0.4339756965637207,-11.145722389221191
Base,19,False,1,-0.2364700585603714,-11.310495376586914
Base,19,False,2,-0.06586740911006927,-10.77645492553711
Base,19,False,3,-0.6776626110076904,-10.693368911743164
Base,19,False,4,0.10633885860443115,-10.151126861572266
Base,19,False,5,-0.36722713708877563,-10.028658866882324
Base,19,False,6,0.020672976970672607,-10.035354614257812
Base,19,False,7,0.2586101293563843,-9.95444393157959
Base,19,False,8,0.010784819722175598,-9.790838241577148
Base,19,False,9,-0.06394654512405396,-9.696002006530762
Base,19,False,10,0.6570656299591064,-9.301790237426758
Base,19,False,11,0.48103854060173035,-9.204137802124023
Base,19,False,12,0.6494618058204651,-8.553518295288086
Base,19,False,13,0.7566677927970886,-8.454421997070312
Base,19,False,14,0.7331957817077637,-7.85407829284668
Base,19,False,15,0.804242730140686,-8.133302688598633
Base,19,False,16,1.2967966794967651,-7.403597354888916
Base,19,False,17,1.4105961322784424,-6.4769439697265625
Base,19,False,18,0.9715450406074524,-5.603195667266846
Base,19,False,19,1.7708301544189453,-4.078598976135254
Base,19,False,20,2.268266201019287,-2.6098575592041016
Base,19,False,21,1.8098112344741821,0.761967658996582
Base,19,False,22,1.3883405923843384,7.439455986022949
Base,19,False,23,1.1565402746200562,15.215161323547363
Base,19,False,24,1.0487055778503418,24.54173469543457
Base,19,False,25,0.5338621735572815,37.49420928955078
Base,19,False,26,-0.431851863861084,57.236572265625
Base,19,False,27,-2.677967071533203,67.70207977294922
Base,19,False,28,-1.8839600086212158,33.25812530517578
Base,20,True,0,0.4922894239425659,-11.173730850219727
Base,20,True,1,0.9205092191696167,-11.16061782836914
Base,20,True,2,1.611612319946289,-10.75444507598877
Base,20,True,3,1.91478431224823,-10.96877670288086
Base,20,True,4,3.1592421531677246,-10.538362503051758
Base,20,True,5,3.3136379718780518,-10.36097240447998
Base,20,True,6,3.548694133758545,-10.250741958618164
Base,20,True,7,4.135838508605957,-10.405957221984863
Base,20,True,8,3.8721604347229004,-10.405487060546875
Base,20,True,9,3.6901142597198486,-10.157917022705078
Base,20,True,10,4.147180557250977,-9.87476921081543
Base,20,True,11,4.361606597900391,-9.748266220092773
Base,20,True,12,4.972254276275635,-9.281289100646973
Base,20,True,13,5.495716094970703,-8.992095947265625
Base,20,True,14,5.565961837768555,-8.872725486755371
Base,20,True,15,5.362101078033447,-8.863633155822754
Base,20,True,16,6.204301357269287,-8.018836975097656
Base,20,True,17,6.870254039764404,-7.510421276092529
Base,20,True,18,8.535201072692871,-6.851082801818848
Base,20,True,19,9.673318862915039,-5.274148464202881
Base,20,True,20,10.33653450012207,-4.3567214012146
Base,20,True,21,12.087488174438477,-1.4172937870025635
Base,20,True,22,14.275675773620605,2.0576815605163574
Base,20,True,23,15.581560134887695,8.03156566619873
Base,20,True,24,17.161867141723633,13.101892471313477
Base,20,True,25,19.198383331298828,21.194782257080078
Base,20,True,26,23.794540405273438,27.591955184936523
Base,20,True,27,23.924467086791992,32.15093994140625
Base,20,True,28,13.00355339050293,13.603635787963867
Base,21,False,0,0.4070449471473694,-11.115997314453125
Base,21,False,1,-0.3465164303779602,-11.314062118530273
Base,21,False,2,-0.5310907363891602,-10.993121147155762
Base,21,False,3,-1.2370871305465698,-10.97696304321289
Base,21,False,4,-1.0615955591201782,-10.541450500488281
Base,21,False,5,-1.9217159748077393,-10.201491355895996
Base,21,False,6,-1.9157111644744873,-10.215742111206055
Base,21,False,7,-1.8492364883422852,-10.320880889892578
Base,21,False,8,-2.1407041549682617,-10.083342552185059
Base,21,False,9,-2.7286736965179443,-9.383064270019531
Base,21,False,10,-2.4972119331359863,-9.327707290649414
Base,21,False,11,-2.942922830581665,-8.932256698608398
Base,21,False,12,-3.2092788219451904,-8.928671836853027
Base,21,False,13,-3.4657697677612305,-8.969369888305664
Base,21,False,14,-3.8610076904296875,-8.407601356506348
Base,21,False,15,-3.982760429382324,-8.710314750671387
Base,21,False,16,-3.764587879180908,-7.545389175415039
Base,21,False,17,-5.133028030395508,-6.400807857513428
Base,21,False,18,-5.924921035766602,-6.4897661209106445
Base,21,False,19,-5.601093292236328,-5.799241542816162
Base,21,False,20,-5.837767601013184,-4.462331771850586
Base,21,False,21,-5.885933876037598,-1.1517655849456787
Base,21,False,22,-8.467065811157227,3.575223922729492
Base,21,False,23,-10.487312316894531,11.102945327758789
Base,21,False,24,-12.98155403137207,20.019046783447266
Base,21,False,25,-14.666753768920898,31.530834197998047
Base,21,False,26,-16.373891830444336,48.468505859375
Base,21,False,27,-20.624034881591797,56.82124328613281
Base,21,False,28,-11.032027244567871,25.403121948242188
Base,22,True,0,0.44841405749320984,-11.156192779541016
Base,22,True,1,-0.002968519926071167,-11.504364013671875
Base,22,True,2,0.04009575396776199,-11.052887916564941
Base,22,True,3,0.18423324823379517,-11.190165519714355
Base,22,True,4,0.8344197273254395,-10.66917896270752
Base,22,True,5,0.927301287651062,-10.57923412322998
Base,22,True,6,1.1415519714355469,-10.575109481811523
Base,22,True,7,1.6558024883270264,-10.633598327636719
Base,22,True,8,1.620546817779541,-10.27006721496582
Base,22,True,9,1.8032788038253784,-9.987850189208984
Base,22,True,10,2.2959656715393066,-10.05007266998291
Base,22,True,11,2.103727102279663,-9.86415958404541
Base,22,True,12,2.4996676445007324,-9.184486389160156
Base,22,True,13,2.507277250289917,-8.921303749084473
Base,22,True,14,2.7445411682128906,-8.65733814239502
Base,22,True,15,2.9646356105804443,-8.609458923339844
Base,22,True,16,3.1223435401916504,-7.242508888244629
Base,22,True,17,3.145766258239746,-6.606722831726074
Base,22,True,18,2.9238693714141846,-5.718746662139893
Base,22,True,19,3.8748998641967773,-3.761854648590088
Base,22,True,20,4.883081436157227,-2.57073974609375
Base,22,True,21,5.976541996002197,0.3661748468875885
Base,22,True,22,6.703351974487305,6.69245719909668
Base,22,True,23,7.967739105224609,13.218545913696289
Base,22,True,24,8.051006317138672,21.87316131591797
Base,22,True,25,9.024686813354492,34.147743225097656
Base,22,True,26,10.029029846191406,50.284278869628906
Base,22,True,27,10.965150833129883,58.99030303955078
Base,22,True,28,5.9798994064331055,26.102628707885742
Base,23,True,0,0.4324144124984741,-11.161561012268066
Base,23,True,1,-0.30720824003219604,-11.37428092956543
Base,23,True,2,-0.03987541049718857,-11.08191204071045
Base,23,True,3,-0.2037910521030426,-11.136001586914062
Base,23,True,4,0.31258225440979004,-10.454828262329102
Base,23,True,5,0.18239101767539978,-10.176776885986328
Base,23,True,6,0.7146990299224854,-10.159530639648438
Base,23,True,7,0.9804878830909729,-9.916930198669434
Base,23,True,8,0.6115974187850952,-9.68301773071289
Base,23,True,9,0.8755344152450562,-9.637618064880371
Base,23,True,10,1.4756343364715576,-9.669023513793945
Base,23,True,11,1.2799053192138672,-9.35173225402832
Base,23,True,12,1.2459402084350586,-8.964625358581543
Base,23,True,13,1.2261130809783936,-8.64785385131836
Base,23,True,14,1.6773042678833008,-8.093997955322266
Base,23,True,15,1.785015344619751,-8.156526565551758
Base,23,True,16,2.1925015449523926,-6.661494255065918
Base,23,True,17,2.1290135383605957,-6.295041084289551
Base,23,True,18,1.9424809217453003,-5.272019863128662
Base,23,True,19,2.5793094635009766,-3.4055142402648926
Base,23,True,20,3.3166494369506836,-1.9488794803619385
Base,23,True,21,3.902432441711426,1.1724021434783936
Base,23,True,22,4.402003288269043,7.035199165344238
Base,23,True,23,4.181447982788086,13.692770957946777
Base,23,True,24,3.7989799976348877,21.015541076660156
Base,23,True,25,3.3823533058166504,32.88013458251953
Base,23,True,26,4.509558200836182,49.712196350097656
Base,23,True,27,4.213210105895996,56.061981201171875
Base,23,True,28,3.2937512397766113,21.831945419311523
Base,24,False,0,0.42649656534194946,-11.15581226348877
Base,24,False,1,-0.3388611674308777,-11.409448623657227
Base,24,False,2,-0.153938427567482,-10.923606872558594
Base,24,False,3,-0.5373056530952454,-10.955068588256836
Base,24,False,4,-0.2329011857509613,-10.378528594970703
Base,24,False,5,-0.6277645230293274,-10.046737670898438
Base,24,False,6,-0.33417361974716187,-10.213335990905762
Base,24,False,7,-0.22452881932258606,-9.925518035888672
Base,24,False,8,-0.668158769607544,-9.618183135986328
Base,24,False,9,-0.853801965713501,-9.111221313476562
Base,24,False,10,-0.44659337401390076,-9.26259994506836
Base,24,False,11,-0.8816028833389282,-9.032547950744629
Base,24,False,12,-0.5280324220657349,-8.952564239501953
Base,24,False,13,-0.9705873131752014,-8.74354362487793
Base,24,False,14,-1.0218329429626465,-8.480497360229492
Base,24,False,15,-1.010411262512207,-8.623678207397461
Base,24,False,16,-1.414103627204895,-7.682185649871826
Base,24,False,17,-1.9959733486175537,-6.869656562805176
Base,24,False,18,-2.673135757446289,-6.119842529296875
Base,24,False,19,-2.7302610874176025,-5.138749122619629
Base,24,False,20,-3.7712559700012207,-4.144415855407715
Base,24,False,21,-3.5605578422546387,-0.8396110534667969
Base,24,False,22,-4.255141735076904,4.7793450355529785
Base,24,False,23,-5.201865196228027,11.043448448181152
Base,24,False,24,-6.25718879699707,18.656112670898438
Base,24,False,25,-7.658158302307129,30.34522247314453
Base,24,False,26,-8.523265838623047,44.12943649291992
Base,24,False,27,-9.119003295898438,50.838626861572266
Base,24,False,28,-3.2684555053710938,23.233741760253906
Base,25,True,0,0.4610607624053955,-11.148100852966309
Base,25,True,1,0.5499510169029236,-11.275413513183594
Base,25,True,2,1.036995530128479,-10.841952323913574
Base,25,True,3,1.4507780075073242,-10.956670761108398
Base,25,True,4,2.9018232822418213,-10.389688491821289
Base,25,True,5,2.9854955673217773,-10.39504623413086
Base,25,True,6,3.088209867477417,-10.233002662658691
Base,25,True,7,3.672445058822632,-10.085092544555664
Base,25,True,8,3.437880039215088,-9.952880859375
Base,25,True,9,3.4081614017486572,-10.009586334228516
Base,25,True,10,3.8079833984375,-9.7473726272583
Base,25,True,11,3.851177215576172,-9.679154396057129
Base,25,True,12,4.736808776855469,-9.155105590820312
Base,25,True,13,4.825067520141602,-8.707075119018555
Base,25,True,14,4.93568754196167,-8.81195068359375
Base,25,True,15,4.712954521179199,-8.853070259094238
Base,25,True,16,6.260219097137451,-7.900873184204102
Base,25,True,17,6.734504699707031,-6.851978302001953
Base,25,True,18,8.35592269897461,-5.988409042358398
Base,25,True,19,9.657429695129395,-4.348943710327148
Base,25,True,20,9.816360473632812,-3.4602303504943848
Base,25,True,21,12.235710144042969,0.49786949157714844
Base,25,True,22,14.660611152648926,6.073822975158691
Base,25,True,23,15.487480163574219,12.268962860107422
Base,25,True,24,17.52496337890625,19.90727996826172
Base,25,True,25,18.747194290161133,30.38111114501953
Base,25,True,26,20.81475830078125,43.44331741333008
Base,25,True,27,22.53044319152832,50.99517822265625
Base,25,True,28,15.010547637939453,27.75521469116211
Base,26,True,0,0.4319492280483246,-11.141481399536133
Base,26,True,1,-0.027800440788269043,-11.36703109741211
Base,26,True,2,0.05034632235765457,-11.058601379394531
Base,26,True,3,0.12226232141256332,-11.217191696166992
Base,26,True,4,1.1176706552505493,-10.538776397705078
Base,26,True,5,0.8162002563476562,-10.6050386428833
Base,26,True,6,1.2455259561538696,-10.335168838500977
Base,26,True,7,1.6498668193817139,-10.060242652893066
Base,26,True,8,1.6007497310638428,-9.72040843963623
Base,26,True,9,1.7732110023498535,-9.535994529724121
Base,26,True,10,1.9308183193206787,-9.192644119262695
Base,26,True,11,1.6129276752471924,-9.278247833251953
Base,26,True,12,2.5099868774414062,-8.797021865844727
Base,26,True,13,2.4500904083251953,-8.688078880310059
Base,26,True,14,2.2442517280578613,-8.52391242980957
Base,26,True,15,2.19759464263916,-8.641122817993164
Base,26,True,16,2.5398120880126953,-7.539246559143066
Base,26,True,17,2.7607920169830322,-6.5590314865112305
Base,26,True,18,2.1198606491088867,-5.564850807189941
Base,26,True,19,2.740464210510254,-4.300563812255859
Base,26,True,20,3.715672731399536,-3.016847848892212
Base,26,True,21,4.113921165466309,0.5987140536308289
Base,26,True,22,4.662724018096924,6.705191135406494
Base,26,True,23,4.3002166748046875,14.672101020812988
Base,26,True,24,3.9602251052856445,23.135417938232422
Base,26,True,25,4.3637871742248535,34.988277435302734
Base,26,True,26,3.971930980682373,53.90321731567383
Base,26,True,27,2.9365673065185547,63.20352554321289
Base,26,True,28,1.4340535402297974,25.486658096313477
Base,27,False,0,0.4072907269001007,-11.13621711730957
Base,27,False,1,-1.043859839439392,-11.462970733642578
Base,27,False,2,-1.1647220849990845,-11.066506385803223
Base,27,False,3,-1.974250078201294,-11.02752685546875
Base,27,False,4,-2.08514666557312,-10.38297176361084
Base,27,False,5,-2.6281371116638184,-10.304353713989258
Base,27,False,6,-2.1881980895996094,-10.300054550170898
Base,27,False,7,-2.0469958782196045,-10.398059844970703
Base,27,False,8,-2.2929859161376953,-10.167396545410156
Base,27,False,9,-2.8187084197998047,-9.740789413452148
Base,27,False,10,-2.647336006164551,-9.752335548400879
Base,27,False,11,-3.2814126014709473,-9.325846672058105
Base,27,False,12,-2.9653189182281494,-8.755424499511719
Base,27,False,13,-3.0006613731384277,-8.322654724121094
Base,27,False,14,-3.3590683937072754,-8.176629066467285
Base,27,False,15,-3.424628257751465,-8.519248962402344
Base,27,False,16,-3.770721197128296,-7.26010274887085
Base,27,False,17,-4.639508247375488,-6.564968585968018
Base,27,False,18,-5.475242614746094,-5.894345283508301
Base,27,False,19,-5.958403587341309,-4.707709789276123
Base,27,False,20,-6.345035552978516,-3.083672046661377
Base,27,False,21,-7.175731658935547,-0.0492442362010479
Base,27,False,22,-8.792469024658203,6.556346893310547
Base,27,False,23,-10.038372039794922,13.783159255981445
Base,27,False,24,-12.043453216552734,21.912357330322266
Base,27,False,25,-14.734936714172363,33.81481170654297
Base,27,False,26,-16.827476501464844,50.247798919677734
Base,27,False,27,-18.813278198242188,57.8240966796875
Base,27,False,28,-10.279677391052246,28.812334060668945
Base,28,True,0,0.44981712102890015,-11.226907730102539
Base,28,True,1,0.950884222984314,-11.415237426757812
Base,28,True,2,1.755777359008789,-10.959680557250977
Base,28,True,3,1.7954738140106201,-11.905179977416992
Base,28,True,4,2.402876853942871,-11.85261058807373
Base,28,True,5,2.995084762573242,-11.088184356689453
Base,28,True,6,3.033623218536377,-10.982090950012207
Base,28,True,7,3.3273940086364746,-10.633960723876953
Base,28,True,8,4.354652404785156,-11.372726440429688
Base,28,True,9,4.109641075134277,-11.251449584960938
Base,28,True,10,4.54655647277832,-11.302533149719238
Base,28,True,11,3.39333176612854,-11.283473014831543
Base,28,True,12,2.116726875305176,-10.38372802734375
Base,28,True,13,2.1179001331329346,-10.938726425170898
Base,28,True,14,2.0719127655029297,-10.33633041381836
Base,28,True,15,2.871079921722412,-10.521749496459961
Base,28,True,16,2.237964153289795,-9.914299011230469
Base,28,True,17,2.1086196899414062,-9.708999633789062
Base,28,True,18,2.089261293411255,-9.210916519165039
Base,28,True,19,2.0348076820373535,-8.48599624633789
Base,28,True,20,3.5486292839050293,-5.899211883544922
Base,28,True,21,3.9293627738952637,-2.9739623069763184
Base,28,True,22,2.7157578468322754,1.75888192653656
Base,28,True,23,4.256962776184082,8.16815185546875
Base,28,True,24,3.9880406856536865,13.968637466430664
Base,28,True,25,5.284430503845215,23.068946838378906
Base,28,True,26,5.204563140869141,28.279882431030273
Base,28,True,27,2.7215070724487305,34.51669692993164
Base,28,True,28,3.6750752925872803,13.78609848022461
Base,29,False,0,0.4425428807735443,-11.160623550415039
Base,29,False,1,0.2995232939720154,-11.35862922668457
Base,29,False,2,0.5893756747245789,-10.949536323547363
Base,29,False,3,0.4012777805328369,-10.926838874816895
Base,29,False,4,1.2146817445755005,-10.388233184814453
Base,29,False,5,1.2712595462799072,-10.314536094665527
Base,29,False,6,1.3426733016967773,-10.15245246887207
Base,29,False,7,1.8005824089050293,-10.226377487182617
Base,29,False,8,1.3945631980895996,-9.716974258422852
Base,29,False,9,1.3667911291122437,-9.554381370544434
Base,29,False,10,1.7033370733261108,-9.489469528198242
Base,29,False,11,1.3778061866760254,-9.437389373779297
Base,29,False,12,1.9291670322418213,-8.927865028381348
Base,29,False,13,2.116316318511963,-8.705191612243652
Base,29,False,14,1.8777810335159302,-8.618955612182617
Base,29,False,15,1.8923251628875732,-8.94638442993164
Base,29,False,16,2.266270160675049,-8.170309066772461
Base,29,False,17,2.0433144569396973,-7.620271682739258
Base,29,False,18,1.4462233781814575,-7.079276084899902
Base,29,False,19,2.130716323852539,-5.417971134185791
Base,29,False,20,2.5778250694274902,-4.943363189697266
Base,29,False,21,3.470252513885498,-2.514869213104248
Base,29,False,22,4.261453628540039,2.686231851577759
Base,29,False,23,4.6569976806640625,8.691253662109375
Base,29,False,24,4.64157772064209,16.20238494873047
Base,29,False,25,4.664815902709961,26.800119400024414
Base,29,False,26,4.9656982421875,40.754669189453125
Base,29,False,27,4.589017868041992,50.690731048583984
Base,29,False,28,1.156266212463379,21.788219451904297
Base,30,True,0,0.41255873441696167,-11.124411582946777
Base,30,True,1,-0.24711652100086212,-11.55140495300293
Base,30,True,2,-0.10710528492927551,-11.33049488067627
Base,30,True,3,-0.3581877648830414,-11.408477783203125
Base,30,True,4,0.3925434947013855,-10.652833938598633
Base,30,True,5,-0.14517708122730255,-10.554792404174805
Base,30,True,6,-0.03285457193851471,-10.589564323425293
Base,30,True,7,0.48915672302246094,-10.135149002075195
Base,30,True,8,0.4797164797782898,-10.225019454956055
Base,30,True,9,0.3768855333328247,-9.831554412841797
Base,30,True,10,0.7745789289474487,-10.042524337768555
Base,30,True,11,0.9562569260597229,-9.707857131958008
Base,30,True,12,1.3603119850158691,-9.189647674560547
Base,30,True,13,1.6057928800582886,-9.092357635498047
Base,30,True,14,1.645920991897583,-8.489741325378418
Base,30,True,15,1.7989554405212402,-8.975517272949219
Base,30,True,16,1.972766399383545,-7.688143253326416
Base,30,True,17,2.4981255531311035,-6.8234782218933105
Base,30,True,18,2.089125633239746,-5.542132377624512
Base,30,True,19,2.9546518325805664,-4.025113105773926
Base,30,True,20,3.9042587280273438,-2.2944655418395996
Base,30,True,21,4.284298896789551,1.1735316514968872
Base,30,True,22,4.4411115646362305,6.791681289672852
Base,30,True,23,6.126074314117432,15.39898681640625
Base,30,True,24,6.5839433670043945,25.624317169189453
Base,30,True,25,6.861572742462158,38.2222900390625
Base,30,True,26,6.68567419052124,60.59954833984375
Base,30,True,27,4.581425189971924,70.66131591796875
Base,30,True,28,2.3956165313720703,29.245952606201172
Base,31,False,0,0.4047461450099945,-11.124000549316406
Base,31,False,1,-0.8209618926048279,-11.453990936279297
Base,31,False,2,-0.7601926922798157,-11.154535293579102
Base,31,False,3,-1.4636640548706055,-10.990047454833984
Base,31,False,4,-1.206096887588501,-10.52609634399414
Base,31,False,5,-1.7973449230194092,-10.354843139648438
Base,31,False,6,-1.5868074893951416,-10.31441879272461
Base,31,False,7,-1.13852059841156,-10.5280179977417
Base,31,False,8,-1.5328902006149292,-10.191761016845703
Base,31,False,9,-2.0543389320373535,-9.841073036193848
Base,31,False,10,-1.950811505317688,-9.83919620513916
Base,31,False,11,-2.6943178176879883,-9.594619750976562
Base,31,False,12,-2.3246755599975586,-9.086517333984375
Base,31,False,13,-2.0734331607818604,-8.800176620483398
Base,31,False,14,-2.5217933654785156,-8.576881408691406
Base,31,False,15,-2.6960339546203613,-8.837573051452637
Base,31,False,16,-2.866293430328369,-7.670396327972412
Base,31,False,17,-3.288451671600342,-6.926441192626953
Base,31,False,18,-4.272552013397217,-6.3471598625183105
Base,31,False,19,-4.6153244972229,-4.760305881500244
Base,31,False,20,-4.96433162689209,-3.454770088195801
Base,31,False,21,-5.792598724365234,-0.6509875059127808
Base,31,False,22,-7.438355445861816,4.7538604736328125
Base,31,False,23,-8.530445098876953,11.843957901000977
Base,31,False,24,-10.675699234008789,20.491241455078125
Base,31,False,25,-13.013908386230469,33.0036506652832
Base,31,False,26,-15.386438369750977,50.757198333740234
Base,31,False,27,-19.083724975585938,60.28480529785156
Base,31,False,28,-10.695685386657715,28.565628051757812
Base,32,False,0,0.4075343906879425,-11.144357681274414
Base,32,False,1,-0.8925585746765137,-11.43087100982666
Base,32,False,2,-0.8785752058029175,-10.857975959777832
Base,32,False,3,-1.4329010248184204,-11.06811237335205
Base,32,False,4,-1.4831408262252808,-10.277953147888184
Base,32,False,5,-1.9445728063583374,-9.999920845031738
Base,32,False,6,-1.4959160089492798,-10.135854721069336
Base,32,False,7,-1.5255382061004639,-10.147058486938477
Base,32,False,8,-1.8365082740783691,-10.071269035339355
Base,32,False,9,-2.403347969055176,-9.426660537719727
Base,32,False,10,-2.1829423904418945,-9.390300750732422
Base,32,False,11,-3.003117561340332,-9.051898956298828
Base,32,False,12,-2.8176109790802,-8.773884773254395
Base,32,False,13,-2.892019748687744,-8.314329147338867
Base,32,False,14,-2.952901840209961,-7.883191108703613
Base,32,False,15,-2.927809476852417,-8.1265869140625
Base,32,False,16,-3.361938714981079,-6.945459365844727
Base,32,False,17,-3.874685764312744,-6.143531799316406
Base,32,False,18,-4.6609625816345215,-5.200856685638428
Base,32,False,19,-4.8664398193359375,-4.01688814163208
Base,32,False,20,-5.1116180419921875,-2.5536975860595703
Base,32,False,21,-5.832096099853516,0.5897021293640137
Base,32,False,22,-7.4627227783203125,7.294480800628662
Base,32,False,23,-9.0145263671875,14.912147521972656
Base,32,False,24,-10.682283401489258,23.096187591552734
Base,32,False,25,-12.140138626098633,35.7979850769043
Base,32,False,26,-15.978588104248047,51.31584167480469
Base,32,False,27,-16.650650024414062,58.376434326171875
Base,32,False,28,-8.474715232849121,29.076499938964844
Base,33,True,0,0.43174394965171814,-11.149181365966797
Base,33,True,1,-0.10918539762496948,-11.332308769226074
Base,33,True,2,0.28317025303840637,-10.971506118774414
Base,33,True,3,0.3984687924385071,-10.94929313659668
Base,33,True,4,1.3287197351455688,-10.145174026489258
Base,33,True,5,1.2618718147277832,-10.068954467773438
Base,33,True,6,1.4687988758087158,-9.889181137084961
Base,33,True,7,2.161485433578491,-9.92858600616455
Base,33,True,8,2.1885623931884766,-9.695798873901367
Base,33,True,9,1.9703924655914307,-9.824247360229492
Base,33,True,10,2.2421886920928955,-9.683029174804688
Base,33,True,11,2.205073833465576,-9.11690902709961
Base,33,True,12,2.506009340286255,-8.771092414855957
Base,33,True,13,3.0080173015594482,-8.592321395874023
Base,33,True,14,3.0647521018981934,-7.990166187286377
Base,33,True,15,3.1363682746887207,-8.358137130737305
Base,33,True,16,3.8252618312835693,-7.2181291580200195
Base,33,True,17,3.96270751953125,-6.342770576477051
Base,33,True,18,3.519124984741211,-5.175065994262695
Base,33,True,19,4.244114875793457,-3.8132715225219727
Base,33,True,20,4.85986328125,-2.8488833904266357
Base,33,True,21,5.355260848999023,0.6315832138061523
Base,33,True,22,7.197245121002197,6.658559799194336
Base,33,True,23,8.830488204956055,14.770649909973145
Base,33,True,24,9.851608276367188,24.149614334106445
Base,33,True,25,10.367010116577148,37.159454345703125
Base,33,True,26,10.204625129699707,55.434322357177734
Base,33,True,27,7.572488307952881,65.45713806152344
Base,33,True,28,4.086297035217285,27.866348266601562
Base,34,True,0,0.44561803340911865,-11.175592422485352
Base,34,True,1,0.03583970665931702,-11.436027526855469
Base,34,True,2,0.3845350742340088,-11.066561698913574
Base,34,True,3,0.5380250215530396,-11.118759155273438
Base,34,True,4,1.454988718032837,-10.626640319824219
Base,34,True,5,1.4823298454284668,-10.607074737548828
Base,34,True,6,1.5631970167160034,-10.340929985046387
Base,34,True,7,2.2413201332092285,-10.33779239654541
Base,34,True,8,2.1012043952941895,-10.330182075500488
Base,34,True,9,2.113661766052246,-10.212213516235352
Base,34,True,10,2.4547505378723145,-10.080183982849121
Base,34,True,11,2.3694748878479004,-10.042376518249512
Base,34,True,12,2.881617784500122,-9.75035285949707
Base,34,True,13,3.3412227630615234,-9.348030090332031
Base,34,True,14,3.023386240005493,-9.166146278381348
Base,34,True,15,3.160231828689575,-9.608388900756836
Base,34,True,16,4.108338356018066,-8.691131591796875
Base,34,True,17,4.383760452270508,-7.833383560180664
Base,34,True,18,5.565441131591797,-7.0257792472839355
Base,34,True,19,6.78272819519043,-5.708260536193848
Base,34,True,20,7.101188659667969,-4.821495056152344
Base,34,True,21,8.380420684814453,-1.6048195362091064
Base,34,True,22,10.021045684814453,4.274328231811523
Base,34,True,23,10.681504249572754,10.468551635742188
Base,34,True,24,12.035717010498047,17.579118728637695
Base,34,True,25,12.816887855529785,27.26909637451172
Base,34,True,26,14.64926815032959,39.32587432861328
Base,34,True,27,12.329580307006836,46.002559661865234
Base,34,True,28,8.807205200195312,23.05365753173828
Base,35,True,0,0.41968703269958496,-11.14146614074707
Base,35,True,1,-0.4118211269378662,-11.401402473449707
Base,35,True,2,-0.4835186004638672,-11.039613723754883
Base,35,True,3,-1.0833446979522705,-11.002180099487305
Base,35,True,4,-1.2998871803283691,-10.548412322998047
Base,35,True,5,-2.0863842964172363,-10.460662841796875
Base,35,True,6,-2.177464485168457,-10.526809692382812
Base,35,True,7,-2.339698076248169,-10.319559097290039
Base,35,True,8,-2.750703811645508,-10.301223754882812
Base,35,True,9,-3.095012664794922,-9.476017951965332
Base,35,True,10,-2.4245529174804688,-9.801705360412598
Base,35,True,11,-2.9597792625427246,-9.430320739746094
Base,35,True,12,-3.317999839782715,-9.227970123291016
Base,35,True,13,-3.3602261543273926,-9.178054809570312
Base,35,True,14,-3.458676338195801,-8.713247299194336
Base,35,True,15,-3.490569591522217,-8.894149780273438
Base,35,True,16,-3.7669479846954346,-7.965793609619141
Base,35,True,17,-5.20784854888916,-7.249363899230957
Base,35,True,18,-6.082690238952637,-7.021844387054443
Base,35,True,19,-6.119531631469727,-6.248814582824707
Base,35,True,20,-6.541193962097168,-5.4430999755859375
Base,35,True,21,-6.998045444488525,-2.3138017654418945
Base,35,True,22,-10.692901611328125,2.476546287536621
Base,35,True,23,-13.645204544067383,9.237921714782715
Base,35,True,24,-16.726322174072266,16.09189224243164
Base,35,True,25,-19.672842025756836,26.342113494873047
Base,35,True,26,-21.153404235839844,39.197723388671875
Base,35,True,27,-25.572269439697266,46.24504852294922
Base,35,True,28,-15.132999420166016,21.002811431884766
Base,36,False,0,0.3930216133594513,-11.129312515258789
Base,36,False,1,-1.5464712381362915,-11.533477783203125
Base,36,False,2,-1.6677188873291016,-11.115530967712402
Base,36,False,3,-2.638174295425415,-10.995217323303223
Base,36,False,4,-2.9613425731658936,-10.357156753540039
Base,36,False,5,-3.6685829162597656,-10.265406608581543
Base,36,False,6,-3.260110855102539,-10.204976081848145
Base,36,False,7,-3.094785213470459,-10.306549072265625
Base,36,False,8,-3.334815740585327,-10.140087127685547
Base,36,False,9,-3.95426082611084,-9.71122932434082
Base,36,False,10,-4.00495719909668,-9.718626022338867
Base,36,False,11,-4.688558578491211,-9.204845428466797
Base,36,False,12,-4.530336856842041,-8.590250015258789
Base,36,False,13,-4.587852478027344,-8.202435493469238
Base,36,False,14,-5.0425920486450195,-8.053553581237793
Base,36,False,15,-5.226374626159668,-8.496078491210938
Base,36,False,16,-5.699508190155029,-7.22769832611084
Base,36,False,17,-6.702330589294434,-6.411017417907715
Base,36,False,18,-7.834051132202148,-5.696462631225586
Base,36,False,19,-8.22972297668457,-4.517043113708496
Base,36,False,20,-9.02943229675293,-2.7143778800964355
Base,36,False,21,-10.222101211547852,0.3769872784614563
Base,36,False,22,-12.495789527893066,6.7648468017578125
Base,36,False,23,-14.193706512451172,14.21585750579834
Base,36,False,24,-16.97731590270996,22.45348358154297
Base,36,False,25,-20.767086029052734,34.988426208496094
Base,36,False,26,-23.68381118774414,51.60758972167969
Base,36,False,27,-26.84683609008789,59.757484436035156
Base,36,False,28,-15.37551212310791,29.9587345123291
Base,37,False,0,0.4481253921985626,-11.148123741149902
Base,37,False,1,0.12201081216335297,-11.320291519165039
Base,37,False,2,0.4401698112487793,-10.803142547607422
Base,37,False,3,0.5324907302856445,-10.949150085449219
Base,37,False,4,1.4873384237289429,-10.293636322021484
Base,37,False,5,1.5640087127685547,-10.43297004699707
Base,37,False,6,1.8167262077331543,-10.263518333435059
Base,37,False,7,2.405078887939453,-10.249212265014648
Base,37,False,8,2.1880764961242676,-10.180593490600586
Base,37,False,9,1.9223496913909912,-9.995622634887695
Base,37,False,10,2.3215205669403076,-9.686803817749023
Base,37,False,11,2.2505836486816406,-9.576116561889648
Base,37,False,12,2.8928322792053223,-9.030574798583984
Base,37,False,13,3.0813302993774414,-8.56643295288086
Base,37,False,14,2.999833106994629,-8.422191619873047
Base,37,False,15,2.8122363090515137,-8.603761672973633
Base,37,False,16,3.8045504093170166,-7.790095806121826
Base,37,False,17,3.8544323444366455,-6.820645332336426
Base,37,False,18,4.595067024230957,-6.28681755065918
Base,37,False,19,5.2920355796813965,-4.75229024887085
Base,37,False,20,5.279045104980469,-4.045815467834473
Base,37,False,21,6.720053672790527,-0.669867753982544
Base,37,False,22,7.5758137702941895,4.568221569061279
Base,37,False,23,7.819573402404785,10.790283203125
Base,37,False,24,8.538457870483398,18.33279037475586
Base,37,False,25,9.136104583740234,27.74642562866211
Base,37,False,26,9.667661666870117,41.44549560546875
Base,37,False,27,10.78637409210205,49.888999938964844
Base,37,False,28,7.500993728637695,26.648605346679688
Base,38,False,0,0.4117259979248047,-11.138265609741211
Base,38,False,1,-0.7780759334564209,-11.359299659729004
Base,38,False,2,-0.7483624219894409,-10.813976287841797
Base,38,False,3,-1.1109619140625,-10.981213569641113
Base,38,False,4,-1.0474193096160889,-10.425859451293945
Base,38,False,5,-1.5881385803222656,-10.383292198181152
Base,38,False,6,-0.9519798755645752,-10.41383171081543
Base,38,False,7,-0.8557342290878296,-10.425106048583984
Base,38,False,8,-1.4279544353485107,-10.133041381835938
Base,38,False,9,-1.6035630702972412,-9.880523681640625
Base,38,False,10,-1.3021771907806396,-9.57270622253418
Base,38,False,11,-2.105787992477417,-9.316221237182617
Base,38,False,12,-1.8606406450271606,-8.929901123046875
Base,38,False,13,-1.7875728607177734,-8.449111938476562
Base,38,False,14,-2.2260801792144775,-8.372662544250488
Base,38,False,15,-2.412764549255371,-8.480585098266602
Base,38,False,16,-2.7798831462860107,-7.366199970245361
Base,38,False,17,-3.190464496612549,-6.178181171417236
Base,38,False,18,-3.919217586517334,-5.263973712921143
Base,38,False,19,-4.079016208648682,-4.345675468444824
Base,38,False,20,-4.2287211418151855,-2.7734789848327637
Base,38,False,21,-4.382452964782715,0.7470191121101379
Base,38,False,22,-5.844104766845703,7.095614433288574
Base,38,False,23,-8.326730728149414,14.107131004333496
Base,38,False,24,-9.821549415588379,21.920368194580078
Base,38,False,25,-11.65431022644043,35.00600814819336
Base,38,False,26,-15.443611145019531,52.55693817138672
Base,38,False,27,-18.213924407958984,61.418758392333984
Base,38,False,28,-9.600360870361328,30.637325286865234
Base,39,True,0,0.46397215127944946,-11.167922973632812
Base,39,True,1,0.2324531078338623,-11.188008308410645
Base,39,True,2,0.9335750341415405,-10.90593433380127
Base,39,True,3,1.063704252243042,-10.870201110839844
Base,39,True,4,2.130074977874756,-10.42449951171875
Base,39,True,5,1.841063380241394,-10.375025749206543
Base,39,True,6,2.0800156593322754,-10.25941276550293
Base,39,True,7,2.336815357208252,-10.228126525878906
Base,39,True,8,2.16890025138855,-10.180488586425781
Base,39,True,9,2.2426366806030273,-10.024537086486816
Base,39,True,10,3.057398557662964,-9.67226791381836
Base,39,True,11,2.9245872497558594,-9.666446685791016
Base,39,True,12,3.4298348426818848,-9.433018684387207
Base,39,True,13,3.788137197494507,-9.152935028076172
Base,39,True,14,3.7350902557373047,-9.00166130065918
Base,39,True,15,3.742584466934204,-9.185525894165039
Base,39,True,16,4.591997146606445,-8.358762741088867
Base,39,True,17,4.695132255554199,-7.456401824951172
Base,39,True,18,6.2699456214904785,-6.941982269287109
Base,39,True,19,7.396984577178955,-5.15731143951416
Base,39,True,20,7.243197441101074,-4.614998817443848
Base,39,True,21,7.870151996612549,-0.8790134191513062
Base,39,True,22,9.666175842285156,3.8997929096221924
Base,39,True,23,10.004630088806152,9.736739158630371
Base,39,True,24,11.192426681518555,16.70648956298828
Base,39,True,25,12.843389511108398,25.280776977539062
Base,39,True,26,16.45117950439453,34.662803649902344
Base,39,True,27,14.46713638305664,41.00048828125
Base,39,True,28,8.205642700195312,20.565505981445312
Base,40,False,0,0.41421324014663696,-11.155234336853027
Base,40,False,1,-0.7120333909988403,-11.459217071533203
Base,40,False,2,-0.7359559535980225,-11.019418716430664
Base,40,False,3,-1.3152986764907837,-11.035911560058594
Base,40,False,4,-1.5582042932510376,-10.658807754516602
Base,40,False,5,-2.3048629760742188,-10.51535415649414
Base,40,False,6,-2.525198459625244,-10.68726921081543
Base,40,False,7,-2.9413771629333496,-10.212312698364258
Base,40,False,8,-3.3137173652648926,-10.291643142700195
Base,40,False,9,-3.8062281608581543,-9.47057056427002
Base,40,False,10,-3.1900439262390137,-9.912399291992188
Base,40,False,11,-3.9432802200317383,-9.60118293762207
Base,40,False,12,-4.313488960266113,-9.420024871826172
Base,40,False,13,-4.347729682922363,-9.299577713012695
Base,40,False,14,-4.247618675231934,-8.941239356994629
Base,40,False,15,-4.145659446716309,-9.100305557250977
Base,40,False,16,-4.394223690032959,-8.42088508605957
Base,40,False,17,-5.534261703491211,-7.945634841918945
Base,40,False,18,-6.140325546264648,-7.5437116622924805
Base,40,False,19,-6.149325847625732,-6.691797733306885
Base,40,False,20,-6.781742095947266,-6.109601020812988
Base,40,False,21,-7.527997970581055,-2.5742366313934326
Base,40,False,22,-11.803926467895508,2.6873035430908203
Base,40,False,23,-15.07223892211914,9.488444328308105
Base,40,False,24,-17.59370231628418,15.042617797851562
Base,40,False,25,-20.511045455932617,24.121990203857422
Base,40,False,26,-21.74402618408203,35.73167419433594
Base,40,False,27,-24.564006805419922,42.471412658691406
Base,40,False,28,-14.374472618103027,20.374107360839844
Base,41,False,0,0.4488416314125061,-11.194948196411133
Base,41,False,1,0.040698885917663574,-11.423215866088867
Base,41,False,2,0.2638789415359497,-11.069649696350098
Base,41,False,3,0.0667160153388977,-10.896373748779297
Base,41,False,4,0.9608443379402161,-10.480339050292969
Base,41,False,5,0.5413280725479126,-10.503811836242676
Base,41,False,6,0.7723566889762878,-10.384037017822266
Base,41,False,7,1.0308794975280762,-10.387364387512207
Base,41,False,8,0.7697920799255371,-10.324475288391113
Base,41,False,9,0.7600771188735962,-10.428117752075195
Base,41,False,10,1.2866990566253662,-10.134554862976074
Base,41,False,11,0.9494776725769043,-9.920053482055664
Base,41,False,12,1.3167346715927124,-9.799488067626953
Base,41,False,13,1.564561128616333,-9.420146942138672
Base,41,False,14,1.7861361503601074,-9.126239776611328
Base,41,False,15,1.533497929573059,-9.429780960083008
Base,41,False,16,2.652796983718872,-8.801528930664062
Base,41,False,17,3.1329612731933594,-8.156230926513672
Base,41,False,18,4.322342872619629,-7.716349124908447
Base,41,False,19,5.7297515869140625,-6.557245254516602
Base,41,False,20,5.383340835571289,-5.442141532897949
Base,41,False,21,5.525959491729736,-2.4641571044921875
Base,41,False,22,6.796231269836426,2.0801620483398438
Base,41,False,23,7.035633087158203,6.895556449890137
Base,41,False,24,8.521808624267578,12.765300750732422
Base,41,False,25,8.847085952758789,20.6005916595459
Base,41,False,26,10.526802062988281,31.661911010742188
Base,41,False,27,8.930168151855469,37.97727584838867
Base,41,False,28,5.1902241706848145,18.020565032958984
Base,42,False,0,0.40952157974243164,-11.145606994628906
Base,42,False,1,-0.8018525838851929,-11.424484252929688
Base,42,False,2,-0.7721652984619141,-10.859670639038086
Base,42,False,3,-1.3128414154052734,-11.065810203552246
Base,42,False,4,-1.3094476461410522,-10.284612655639648
Base,42,False,5,-1.7370165586471558,-9.983101844787598
Base,42,False,6,-1.2958723306655884,-10.16639232635498
Base,42,False,7,-1.3007121086120605,-10.165864944458008
Base,42,False,8,-1.6308777332305908,-10.083667755126953
Base,42,False,9,-2.2523906230926514,-9.414860725402832
Base,42,False,10,-1.9927477836608887,-9.431072235107422
Base,42,False,11,-2.8292768001556396,-9.098806381225586
Base,42,False,12,-2.6242637634277344,-8.754758834838867
Base,42,False,13,-2.709907054901123,-8.312671661376953
Base,42,False,14,-2.7470598220825195,-7.942145347595215
Base,42,False,15,-2.748462200164795,-8.1688814163208
Base,42,False,16,-3.161290407180786,-6.977814197540283
Base,42,False,17,-3.5857396125793457,-6.188011169433594
Base,42,False,18,-4.42851448059082,-5.211991310119629
Base,42,False,19,-4.579680442810059,-4.022838592529297
Base,42,False,20,-4.795923233032227,-2.560828685760498
Base,42,False,21,-5.39515495300293,0.5307830572128296
Base,42,False,22,-6.879613876342773,7.217123031616211
Base,42,False,23,-8.329778671264648,14.610654830932617
Base,42,False,24,-9.90524673461914,22.53676986694336
Base,42,False,25,-11.336124420166016,35.04985046386719
Base,42,False,26,-14.738298416137695,50.285369873046875
Base,42,False,27,-14.962809562683105,57.187252044677734
Base,42,False,28,-7.58916711807251,28.313997268676758
Base,43,False,0,0.4611530900001526,-11.169116973876953
Base,43,False,1,0.2683420479297638,-11.315825462341309
Base,43,False,2,0.6499699354171753,-10.923983573913574
Base,43,False,3,0.9089792966842651,-10.87696647644043
Base,43,False,4,2.0246567726135254,-10.419787406921387
Base,43,False,5,1.9952361583709717,-10.272704124450684
Base,43,False,6,2.219799518585205,-10.2193603515625
Base,43,False,7,2.618471145629883,-10.39855670928955
Base,43,False,8,2.32822847366333,-10.13346004486084
Base,43,False,9,1.9039924144744873,-10.413594245910645
Base,43,False,10,2.3786489963531494,-9.950212478637695
Base,43,False,11,2.3328404426574707,-9.791267395019531
Base,43,False,12,2.9711177349090576,-9.336394309997559
Base,43,False,13,3.0008559226989746,-9.111079216003418
Base,43,False,14,3.1998891830444336,-8.970911979675293
Base,43,False,15,3.1275668144226074,-9.199646949768066
Base,43,False,16,3.932633638381958,-8.423993110656738
Base,43,False,17,3.904109477996826,-7.433053016662598
Base,43,False,18,4.714972972869873,-6.93405818939209
Base,43,False,19,5.317132949829102,-5.353082656860352
Base,43,False,20,5.076659202575684,-4.302902698516846
Base,43,False,21,6.7557268142700195,-0.5645512342453003
Base,43,False,22,8.077162742614746,4.261054515838623
Base,43,False,23,9.046942710876465,10.348355293273926
Base,43,False,24,11.131051063537598,17.724645614624023
Base,43,False,25,12.003606796264648,27.501239776611328
Base,43,False,26,12.527603149414062,40.66447448730469
Base,43,False,27,13.952933311462402,47.99895477294922
Base,43,False,28,9.52692699432373,23.217327117919922
Base,44,False,0,0.3973395824432373,-11.129400253295898
Base,44,False,1,-1.2904589176177979,-11.49171257019043
Base,44,False,2,-1.3657249212265015,-11.085753440856934
Base,44,False,3,-2.1520392894744873,-10.97894287109375
Base,44,False,4,-2.289754867553711,-10.334786415100098
Base,44,False,5,-3.031764507293701,-10.21241569519043
Base,44,False,6,-2.670651912689209,-10.193532943725586
Base,44,False,7,-2.4638729095458984,-10.244675636291504
Base,44,False,8,-2.6788101196289062,-10.015960693359375
Base,44,False,9,-3.240013837814331,-9.623616218566895
Base,44,False,10,-3.202979803085327,-9.638320922851562
Base,44,False,11,-3.7587027549743652,-9.29723072052002
Base,44,False,12,-3.571021556854248,-8.628475189208984
Base,44,False,13,-3.6505537033081055,-8.179110527038574
Base,44,False,14,-3.9835336208343506,-8.147333145141602
Base,44,False,15,-4.166298866271973,-8.491222381591797
Base,44,False,16,-4.475444316864014,-7.293734550476074
Base,44,False,17,-5.354630947113037,-6.45686149597168
Base,44,False,18,-6.431034088134766,-5.787557601928711
Base,44,False,19,-6.713608741760254,-4.498327255249023
Base,44,False,20,-7.511849403381348,-2.626959800720215
Base,44,False,21,-8.42364501953125,0.5546296834945679
Base,44,False,22,-10.268158912658691,6.927158355712891
Base,44,False,23,-11.606162071228027,14.279277801513672
Base,44,False,24,-13.87326717376709,22.604450225830078
Base,44,False,25,-16.71778106689453,35.40493392944336
Base,44,False,26,-19.123693466186523,51.613319396972656
Base,44,False,27,-21.59066390991211,59.30420684814453
Base,44,False,28,-11.576728820800781,30.523345947265625
Base,45,True,0,0.4983057379722595,-11.170039176940918
Base,45,True,1,0.7100427150726318,-11.030973434448242
Base,45,True,2,1.3789408206939697,-10.695886611938477
Base,45,True,3,1.952042818069458,-10.958671569824219
Base,45,True,4,3.0995543003082275,-10.51766586303711
Base,45,True,5,3.140793800354004,-10.448521614074707
Base,45,True,6,3.386155128479004,-10.408589363098145
Base,45,True,7,3.822357177734375,-10.327049255371094
Base,45,True,8,3.885502815246582,-10.335342407226562
Base,45,True,9,3.8678762912750244,-10.18425464630127
Base,45,True,10,4.305288791656494,-9.850297927856445
Base,45,True,11,4.409647464752197,-9.870712280273438
Base,45,True,12,5.441082000732422,-9.689443588256836
Base,45,True,13,5.676451683044434,-9.301562309265137
Base,45,True,14,5.907831192016602,-8.919565200805664
Base,45,True,15,5.883736610412598,-9.112834930419922
Base,45,True,16,7.111940860748291,-8.10212230682373
Base,45,True,17,7.793325424194336,-7.661879062652588
Base,45,True,18,9.304207801818848,-6.847194671630859
Base,45,True,19,10.508557319641113,-4.928882598876953
Base,45,True,20,10.875053405761719,-4.281067848205566
Base,45,True,21,12.425256729125977,-0.8164305686950684
Base,45,True,22,14.99148941040039,3.256540298461914
Base,45,True,23,16.20650863647461,9.835639953613281
Base,45,True,24,18.25188636779785,17.09463119506836
Base,45,True,25,21.199199676513672,25.189523696899414
Base,45,True,26,26.354093551635742,34.609859466552734
Base,45,True,27,26.479265213012695,38.41259765625
Base,45,True,28,14.363540649414062,17.14864158630371
Base,46,False,0,0.4404692053794861,-11.151825904846191
Base,46,False,1,-0.15631818771362305,-11.32870864868164
Base,46,False,2,0.19278821349143982,-11.061132431030273
Base,46,False,3,0.28434088826179504,-10.874105453491211
Base,46,False,4,0.9610711336135864,-10.25941276550293
Base,46,False,5,0.8548647165298462,-10.08547592163086
Base,46,False,6,1.0246745347976685,-10.216286659240723
Base,46,False,7,1.427396535873413,-10.010098457336426
Base,46,False,8,1.3266897201538086,-9.90124225616455
Base,46,False,9,1.4820873737335205,-9.634455680847168
Base,46,False,10,1.9568428993225098,-9.734088897705078
Base,46,False,11,1.8589975833892822,-9.095566749572754
Base,46,False,12,1.8199173212051392,-8.512699127197266
Base,46,False,13,1.953950047492981,-8.077289581298828
Base,46,False,14,2.033024311065674,-7.7844743728637695
Base,46,False,15,2.2149882316589355,-8.155091285705566
Base,46,False,16,2.7867507934570312,-7.401041030883789
Base,46,False,17,2.8142406940460205,-6.461028099060059
Base,46,False,18,2.353808879852295,-5.54445743560791
Base,46,False,19,2.748655080795288,-4.3023223876953125
Base,46,False,20,3.8607797622680664,-3.5365548133850098
Base,46,False,21,4.918745994567871,-0.2478920817375183
Base,46,False,22,6.324209690093994,6.022295951843262
Base,46,False,23,8.314602851867676,14.163501739501953
Base,46,False,24,8.33427906036377,21.912996292114258
Base,46,False,25,8.834745407104492,34.18510437011719
Base,46,False,26,9.168956756591797,50.992576599121094
Base,46,False,27,7.478921413421631,57.51459503173828
Base,46,False,28,4.809401035308838,27.257287979125977
Base,47,False,0,0.41039812564849854,-11.146956443786621
Base,47,False,1,-0.8280278444290161,-11.458900451660156
Base,47,False,2,-0.9028704166412354,-10.998472213745117
Base,47,False,3,-1.5578293800354004,-11.107929229736328
Base,47,False,4,-1.8054617643356323,-10.629403114318848
Base,47,False,5,-2.6028456687927246,-10.476476669311523
Base,47,False,6,-2.7447385787963867,-10.672842025756836
Base,47,False,7,-3.1132712364196777,-10.178659439086914
Base,47,False,8,-3.4817323684692383,-10.299097061157227
Base,47,False,9,-3.9228031635284424,-9.469988822937012
Base,47,False,10,-3.352415084838867,-9.906044006347656
Base,47,False,11,-4.112898826599121,-9.572864532470703
Base,47,False,12,-4.516558647155762,-9.36495304107666
Base,47,False,13,-4.6025590896606445,-9.161458015441895
Base,47,False,14,-4.525650501251221,-8.754562377929688
Base,47,False,15,-4.449635028839111,-8.91477108001709
Base,47,False,16,-4.611298084259033,-8.249653816223145
Base,47,False,17,-5.80793571472168,-7.7809367179870605
Base,47,False,18,-6.581179618835449,-7.426912307739258
Base,47,False,19,-6.788819313049316,-6.575654983520508
Base,47,False,20,-7.450772285461426,-5.880753517150879
Base,47,False,21,-8.243919372558594,-2.485928535461426
Base,47,False,22,-12.310182571411133,2.6991894245147705
Base,47,False,23,-15.678750038146973,9.988749504089355
Base,47,False,24,-18.292306900024414,15.855472564697266
Base,47,False,25,-21.208946228027344,25.421092987060547
Base,47,False,26,-22.50333023071289,37.82577133178711
Base,47,False,27,-24.805038452148438,44.38179016113281
Base,47,False,28,-14.569124221801758,21.772499084472656
Base,48,False,0,0.4351646900177002,-11.13560676574707
Base,48,False,1,-0.2020837366580963,-11.3562650680542
Base,48,False,2,-0.01126648485660553,-11.013667106628418
Base,48,False,3,-0.21276235580444336,-10.999513626098633
Base,48,False,4,0.5643948316574097,-10.811460494995117
Base,48,False,5,0.5754044651985168,-10.421894073486328
Base,48,False,6,0.7856617569923401,-10.568782806396484
Base,48,False,7,1.2809605598449707,-10.593964576721191
Base,48,False,8,1.1989567279815674,-10.244793891906738
Base,48,False,9,0.8571602702140808,-9.465124130249023
Base,48,False,10,1.2193626165390015,-9.7260160446167
Base,48,False,11,0.8911300897598267,-8.847771644592285
Base,48,False,12,1.1605641841888428,-8.350988388061523
Base,48,False,13,1.3357560634613037,-7.769394874572754
Base,48,False,14,1.2576594352722168,-7.095012664794922
Base,48,False,15,1.1225357055664062,-7.403250694274902
Base,48,False,16,1.5360815525054932,-6.100584506988525
Base,48,False,17,1.6064313650131226,-5.667487144470215
Base,48,False,18,1.0839004516601562,-4.5698323249816895
Base,48,False,19,1.6074774265289307,-2.71427059173584
Base,48,False,20,2.9768636226654053,-1.1985788345336914
Base,48,False,21,2.680722713470459,2.1716084480285645
Base,48,False,22,2.962392807006836,9.464653015136719
Base,48,False,23,3.407108783721924,17.86484718322754
Base,48,False,24,3.821575880050659,26.619731903076172
Base,48,False,25,2.4921998977661133,43.21561050415039
Base,48,False,26,4.018523216247559,63.52356719970703
Base,48,False,27,1.782224178314209,73.62042236328125
Base,48,False,28,1.2225674390792847,34.449798583984375
Base,49,True,0,0.4385842978954315,-11.137218475341797
Base,49,True,1,-0.1437237709760666,-11.330617904663086
Base,49,True,2,0.07375464588403702,-11.018396377563477
Base,49,True,3,0.01231984794139862,-11.001044273376465
Base,49,True,4,0.808586835861206,-10.454010009765625
Base,49,True,5,0.8371819257736206,-10.214611053466797
Base,49,True,6,1.24146568775177,-10.199797630310059
Base,49,True,7,1.6802513599395752,-10.517851829528809
Base,49,True,8,1.404489278793335,-10.291131973266602
Base,49,True,9,1.2774652242660522,-9.807817459106445
Base,49,True,10,1.5454075336456299,-9.840948104858398
Base,49,True,11,1.4191546440124512,-9.793780326843262
Base,49,True,12,2.0570383071899414,-9.091381072998047
Base,49,True,13,2.050302505493164,-8.750844955444336
Base,49,True,14,2.4566290378570557,-8.322391510009766
Base,49,True,15,2.4302825927734375,-8.349655151367188
Base,49,True,16,2.7657580375671387,-7.328124046325684
Base,49,True,17,2.846691846847534,-6.642375469207764
Base,49,True,18,2.803295373916626,-5.364320278167725
Base,49,True,19,3.430953025817871,-3.918651580810547
Base,49,True,20,4.163262367248535,-2.9660985469818115
Base,49,True,21,4.34311580657959,-0.13047480583190918
Base,49,True,22,4.496490478515625,6.101571083068848
Base,49,True,23,4.998093605041504,13.825004577636719
Base,49,True,24,5.96142578125,22.360515594482422
Base,49,True,25,6.0603718757629395,35.37464904785156
Base,49,True,26,5.478816509246826,55.20035934448242
Base,49,True,27,5.356468200683594,63.19817352294922
Base,49,True,28,2.9287476539611816,27.85209846496582
Base,50,True,0,0.47287315130233765,-11.179027557373047
Base,50,True,1,0.7545892596244812,-11.384336471557617
Base,50,True,2,1.207937240600586,-10.916877746582031
Base,50,True,3,1.4737005233764648,-10.841848373413086
Base,50,True,4,2.6995248794555664,-10.17697811126709
Base,50,True,5,2.7336668968200684,-10.282735824584961
Base,50,True,6,2.970658302307129,-10.15856647491455
Base,50,True,7,3.740741729736328,-10.295576095581055
Base,50,True,8,3.7300500869750977,-9.953269958496094
Base,50,True,9,3.3419134616851807,-9.984888076782227
Base,50,True,10,4.056628227233887,-9.566694259643555
Base,50,True,11,4.003642559051514,-9.202479362487793
Base,50,True,12,4.992012977600098,-8.558404922485352
Base,50,True,13,5.0318098068237305,-8.381888389587402
Base,50,True,14,5.16386604309082,-8.31678581237793
Base,50,True,15,5.080739974975586,-8.710980415344238
Base,50,True,16,6.418596267700195,-7.638462066650391
Base,50,True,17,6.618217945098877,-6.874469757080078
Base,50,True,18,7.681540489196777,-6.289547443389893
Base,50,True,19,8.845861434936523,-4.650241851806641
Base,50,True,20,9.272226333618164,-3.5678441524505615
Base,50,True,21,11.473804473876953,0.6640297174453735
Base,50,True,22,13.07014274597168,7.0808281898498535
Base,50,True,23,15.297557830810547,13.294513702392578
Base,50,True,24,19.104442596435547,21.12186622619629
Base,50,True,25,20.433208465576172,31.23472023010254
Base,50,True,26,22.216821670532227,44.3442497253418
Base,50,True,27,24.284217834472656,51.1421012878418
Base,50,True,28,15.346094131469727,27.46776580810547
Base,51,False,0,0.4145575165748596,-11.137166976928711
Base,51,False,1,-0.5922965407371521,-11.388824462890625
Base,51,False,2,-0.7342383861541748,-10.985672950744629
Base,51,False,3,-1.3135418891906738,-10.978096008300781
Base,51,False,4,-1.5508334636688232,-10.528433799743652
Base,51,False,5,-2.4121270179748535,-10.42325210571289
Base,51,False,6,-2.5423169136047363,-10.438008308410645
Base,51,False,7,-2.8477303981781006,-10.303954124450684
Base,51,False,8,-3.2215781211853027,-10.286100387573242
Base,51,False,9,-3.59173583984375,-9.415145874023438
Base,51,False,10,-2.9490537643432617,-9.662750244140625
Base,51,False,11,-3.5434861183166504,-9.377374649047852
Base,51,False,12,-3.9324488639831543,-9.152215957641602
Base,51,False,13,-3.9151968955993652,-9.181305885314941
Base,51,False,14,-3.980100393295288,-8.690518379211426
Base,51,False,15,-4.039000511169434,-8.84593391418457
Base,51,False,16,-4.230090618133545,-7.838434219360352
Base,51,False,17,-5.788278579711914,-7.188676357269287
Base,51,False,18,-6.798635482788086,-7.0148091316223145
Base,51,False,19,-6.929132461547852,-6.279112339019775
Base,51,False,20,-7.531105041503906,-5.655137538909912
Base,51,False,21,-8.040584564208984,-2.358118772506714
Base,51,False,22,-12.131484031677246,2.3512959480285645
Base,51,False,23,-15.43801212310791,9.434486389160156
Base,51,False,24,-18.517248153686523,16.459522247314453
Base,51,False,25,-21.555206298828125,26.71631622314453
Base,51,False,26,-23.637834548950195,39.333465576171875
Base,51,False,27,-28.031620025634766,46.76129150390625
Base,51,False,28,-16.444190979003906,21.279603958129883
Base,52,True,0,0.48291999101638794,-11.170204162597656
Base,52,True,1,0.6223818063735962,-11.1635103225708
Base,52,True,2,1.3544442653656006,-10.865955352783203
Base,52,True,3,1.903918743133545,-10.923548698425293
Base,52,True,4,3.0609662532806396,-10.500897407531738
Base,52,True,5,3.2339682579040527,-10.381448745727539
Base,52,True,6,3.462153196334839,-10.390054702758789
Base,52,True,7,4.065932273864746,-10.346529006958008
Base,52,True,8,3.902256965637207,-10.338172912597656
Base,52,True,9,3.766922950744629,-10.106918334960938
Base,52,True,10,4.398279190063477,-9.833431243896484
Base,52,True,11,4.7088446617126465,-9.734063148498535
Base,52,True,12,5.45920991897583,-9.34679126739502
Base,52,True,13,5.78385066986084,-8.896008491516113
Base,52,True,14,5.752985954284668,-8.872238159179688
Base,52,True,15,5.600074291229248,-8.994644165039062
Base,52,True,16,6.547467231750488,-8.147980690002441
Base,52,True,17,7.236266136169434,-7.329372406005859
Base,52,True,18,8.969962120056152,-6.721493721008301
Base,52,True,19,10.449411392211914,-5.002404689788818
Base,52,True,20,10.791754722595215,-4.324759483337402
Base,52,True,21,12.759346008300781,-0.7555403709411621
Base,52,True,22,15.089317321777344,3.2637367248535156
Base,52,True,23,16.084270477294922,8.841774940490723
Base,52,True,24,18.111007690429688,14.852993965148926
Base,52,True,25,20.63531494140625,23.881376266479492
Base,52,True,26,25.762420654296875,31.272647857666016
Base,52,True,27,25.14228057861328,35.98502731323242
Base,52,True,28,13.629072189331055,17.44999122619629
Base,53,False,0,0.4218226373195648,-11.131462097167969
Base,53,False,1,-0.3357660472393036,-11.419124603271484
Base,53,False,2,-0.40560606122016907,-10.928827285766602
Base,53,False,3,-0.4979301691055298,-11.078765869140625
Base,53,False,4,0.04986393451690674,-10.30183219909668
Base,53,False,5,-0.3997931182384491,-10.371809005737305
Base,53,False,6,0.04415765404701233,-10.257699012756348
Base,53,False,7,0.3976391553878784,-9.960267066955566
Base,53,False,8,0.09685614705085754,-10.00151252746582
Base,53,False,9,0.4168497920036316,-9.730009078979492
Base,53,False,10,0.9737825989723206,-9.255220413208008
Base,53,False,11,0.8937231302261353,-9.353763580322266
Base,53,False,12,1.511589765548706,-8.795673370361328
Base,53,False,13,1.4047129154205322,-8.246660232543945
Base,53,False,14,1.3495311737060547,-7.6429667472839355
Base,53,False,15,1.4818834066390991,-8.118461608886719
Base,53,False,16,1.7883033752441406,-7.054603576660156
Base,53,False,17,1.41046941280365,-6.366623878479004
Base,53,False,18,1.1670962572097778,-5.19534158706665
Base,53,False,19,1.741886019706726,-3.3176021575927734
Base,53,False,20,2.4912424087524414,-2.0833067893981934
Base,53,False,21,3.1137404441833496,1.6457159519195557
Base,53,False,22,2.890751361846924,7.78450870513916
Base,53,False,23,3.08447265625,16.49182891845703
Base,53,False,24,3.056668281555176,25.80657386779785
Base,53,False,25,3.2427873611450195,38.123783111572266
Base,53,False,26,3.154123306274414,57.54029846191406
Base,53,False,27,1.1285057067871094,68.28573608398438
Base,53,False,28,-0.45811519026756287,29.944746017456055
Base,54,True,0,0.4397411346435547,-11.149596214294434
Base,54,True,1,-0.0659802258014679,-11.443246841430664
Base,54,True,2,0.034903451800346375,-11.096364974975586
Base,54,True,3,0.1111065223813057,-11.09095287322998
Base,54,True,4,1.0107519626617432,-10.420488357543945
Base,54,True,5,1.0453293323516846,-10.32302474975586
Base,54,True,6,1.0626215934753418,-10.37747573852539
Base,54,True,7,1.9343104362487793,-10.081242561340332
Base,54,True,8,1.6655662059783936,-10.097396850585938
Base,54,True,9,1.5118482112884521,-9.497224807739258
Base,54,True,10,2.1107139587402344,-9.62788200378418
Base,54,True,11,2.10322642326355,-9.63454818725586
Base,54,True,12,2.9925293922424316,-9.045832633972168
Base,54,True,13,2.7369937896728516,-8.548303604125977
Base,54,True,14,2.700623035430908,-8.282047271728516
Base,54,True,15,2.5127556324005127,-8.660377502441406
Base,54,True,16,2.741534471511841,-7.074554443359375
Base,54,True,17,3.157154083251953,-6.4422287940979
Base,54,True,18,2.8796215057373047,-5.480175018310547
Base,54,True,19,3.531700372695923,-3.6382336616516113
Base,54,True,20,4.709868431091309,-2.312577724456787
Base,54,True,21,6.253607749938965,0.15147170424461365
Base,54,True,22,7.096063613891602,6.379919528961182
Base,54,True,23,9.56010627746582,12.96919059753418
Base,54,True,24,10.988378524780273,20.132844924926758
Base,54,True,25,12.631576538085938,30.45781898498535
Base,54,True,26,13.866214752197266,43.46432113647461
Base,54,True,27,14.096111297607422,51.55171203613281
Base,54,True,28,7.170939922332764,21.420291900634766
Base,55,True,0,0.45839691162109375,-11.187936782836914
Base,55,True,1,0.38196295499801636,-11.32048225402832
Base,55,True,2,0.6216169595718384,-10.822515487670898
Base,55,True,3,0.6896659731864929,-10.854090690612793
Base,55,True,4,1.7689496278762817,-10.33659553527832
Base,55,True,5,1.6977081298828125,-10.07707691192627
Base,55,True,6,1.74759840965271,-9.96524429321289
Base,55,True,7,2.413106918334961,-10.169063568115234
Base,55,True,8,2.3795738220214844,-10.19761848449707
Base,55,True,9,2.188913583755493,-10.09817123413086
Base,55,True,10,2.637725353240967,-9.911327362060547
Base,55,True,11,2.5264902114868164,-9.858282089233398
Base,55,True,12,3.352034091949463,-9.170783996582031
Base,55,True,13,3.6436784267425537,-8.877022743225098
Base,55,True,14,3.808821439743042,-8.694161415100098
Base,55,True,15,3.558258533477783,-9.141745567321777
Base,55,True,16,5.124347686767578,-8.203527450561523
Base,55,True,17,5.430878162384033,-7.3352556228637695
Base,55,True,18,6.8177947998046875,-6.810791015625
Base,55,True,19,8.157350540161133,-5.297738075256348
Base,55,True,20,8.121665954589844,-3.917393684387207
Base,55,True,21,9.81123161315918,-0.9345523715019226
Base,55,True,22,11.931556701660156,4.72445821762085
Base,55,True,23,13.335338592529297,9.840553283691406
Base,55,True,24,14.836133003234863,16.319169998168945
Base,55,True,25,15.290175437927246,25.805103302001953
Base,55,True,26,17.76002311706543,37.53411102294922
Base,55,True,27,19.323284149169922,44.022605895996094
Base,55,True,28,13.328505516052246,22.461997985839844
Base,56,False,0,0.4095112383365631,-11.145259857177734
Base,56,False,1,-0.8574503660202026,-11.420652389526367
Base,56,False,2,-0.832671582698822,-10.866334915161133
Base,56,False,3,-1.3729288578033447,-11.080889701843262
Base,56,False,4,-1.3977081775665283,-10.283064842224121
Base,56,False,5,-1.8370904922485352,-9.992385864257812
Base,56,False,6,-1.3833801746368408,-10.155061721801758
Base,56,False,7,-1.385817050933838,-10.114824295043945
Base,56,False,8,-1.7037734985351562,-10.0392484664917
Base,56,False,9,-2.2705016136169434,-9.429315567016602
Base,56,False,10,-2.0117740631103516,-9.406153678894043
Base,56,False,11,-2.819963216781616,-9.07939338684082
Base,56,False,12,-2.64927077293396,-8.798162460327148
Base,56,False,13,-2.7507548332214355,-8.348437309265137
Base,56,False,14,-2.7871289253234863,-7.938662528991699
Base,56,False,15,-2.794381618499756,-8.153905868530273
Base,56,False,16,-3.219068765640259,-6.990593910217285
Base,56,False,17,-3.575925827026367,-6.180427074432373
Base,56,False,18,-4.3645429611206055,-5.152620315551758
Base,56,False,19,-4.530550003051758,-3.986814498901367
Base,56,False,20,-4.756415367126465,-2.4579412937164307
Base,56,False,21,-5.478817939758301,0.6926486492156982
Base,56,False,22,-6.95282506942749,7.454023361206055
Base,56,False,23,-8.316939353942871,14.926708221435547
Base,56,False,24,-9.936653137207031,23.046184539794922
Base,56,False,25,-11.380516052246094,35.70990753173828
Base,56,False,26,-15.006874084472656,51.228668212890625
Base,56,False,27,-15.545568466186523,58.27998352050781
Base,56,False,28,-7.8454999923706055,28.844717025756836
Base,57,True,0,0.42657703161239624,-11.135690689086914
Base,57,True,1,0.05073273181915283,-11.417402267456055
Base,57,True,2,0.34873396158218384,-11.037304878234863
Base,57,True,3,0.12627267837524414,-10.978463172912598
Base,57,True,4,1.0096644163131714,-10.168058395385742
Base,57,True,5,1.0312620401382446,-10.29236888885498
Base,57,True,6,1.2013697624206543,-10.16850471496582
Base,57,True,7,1.7497601509094238,-10.008159637451172
Base,57,True,8,1.4703081846237183,-9.913619041442871
Base,57,True,9,1.1899387836456299,-9.620508193969727
Base,57,True,10,1.6365479230880737,-9.505802154541016
Base,57,True,11,1.3760707378387451,-9.2008056640625
Base,57,True,12,2.020439863204956,-8.748144149780273
Base,57,True,13,2.0517067909240723,-8.603889465332031
Base,57,True,14,2.179602861404419,-8.23445987701416
Base,57,True,15,1.9515565633773804,-8.433623313903809
Base,57,True,16,2.6073641777038574,-7.434845924377441
Base,57,True,17,2.643878221511841,-6.63349723815918
Base,57,True,18,2.109178304672241,-5.640408515930176
Base,57,True,19,2.609135389328003,-4.009032249450684
Base,57,True,20,2.8157529830932617,-3.149528741836548
Base,57,True,21,4.088992118835449,-0.2770192623138428
Base,57,True,22,4.113801002502441,4.8191914558410645
Base,57,True,23,4.7637763023376465,12.0714693069458
Base,57,True,24,4.902784824371338,20.52317237854004
Base,57,True,25,6.120894432067871,32.01292419433594
Base,57,True,26,6.477705955505371,49.81645965576172
Base,57,True,27,4.923553943634033,59.91611862182617
Base,57,True,28,2.050489902496338,27.1746826171875
Base,58,True,0,0.39198553562164307,-11.112049102783203
Base,58,True,1,-0.511530876159668,-11.228532791137695
Base,58,True,2,-0.4427923560142517,-11.099634170532227
Base,58,True,3,-0.3245393931865692,-11.152692794799805
Base,58,True,4,0.23394817113876343,-10.290628433227539
Base,58,True,5,-0.015079796314239502,-10.15379524230957
Base,58,True,6,0.2815781831741333,-10.135581970214844
Base,58,True,7,0.344044029712677,-9.719178199768066
Base,58,True,8,0.29890817403793335,-9.673593521118164
Base,58,True,9,0.8477617502212524,-9.061227798461914
Base,58,True,10,1.2443703413009644,-8.878067970275879
Base,58,True,11,1.408653974533081,-8.965347290039062
Base,58,True,12,2.3508782386779785,-8.56147289276123
Base,58,True,13,2.014967441558838,-8.313730239868164
Base,58,True,14,2.0216403007507324,-8.142362594604492
Base,58,True,15,1.720637321472168,-8.21114444732666
Base,58,True,16,2.2059850692749023,-7.333009719848633
Base,58,True,17,2.334350824356079,-6.1747026443481445
Base,58,True,18,1.9173449277877808,-5.107564926147461
Base,58,True,19,2.7132067680358887,-3.5864739418029785
Base,58,True,20,3.275317668914795,-1.3981916904449463
Base,58,True,21,4.266996383666992,3.008885145187378
Base,58,True,22,4.857974052429199,9.594696044921875
Base,58,True,23,5.3184895515441895,19.084096908569336
Base,58,True,24,5.525616645812988,28.968765258789062
Base,58,True,25,7.36619758605957,43.37326431274414
Base,58,True,26,6.440079689025879,63.71845626831055
Base,58,True,27,7.865894317626953,70.7247543334961
Base,58,True,28,5.353862762451172,33.29790496826172
Base,59,False,0,0.40960127115249634,-11.140851974487305
Base,59,False,1,-0.6377526521682739,-11.476600646972656
Base,59,False,2,-0.5740137696266174,-11.08247184753418
Base,59,False,3,-1.1373744010925293,-11.015461921691895
Base,59,False,4,-1.1129326820373535,-10.544038772583008
Base,59,False,5,-2.065396308898926,-10.404510498046875
Base,59,False,6,-2.333836555480957,-10.360677719116211
Base,59,False,7,-2.4541940689086914,-10.264616012573242
Base,59,False,8,-3.0062270164489746,-10.154178619384766
Base,59,False,9,-3.679816484451294,-9.314427375793457
Base,59,False,10,-2.907439708709717,-9.56534194946289
Base,59,False,11,-3.4148292541503906,-9.455194473266602
Base,59,False,12,-3.6459686756134033,-9.16500473022461
Base,59,False,13,-3.5299830436706543,-9.076725959777832
Base,59,False,14,-3.4037411212921143,-8.680838584899902
Base,59,False,15,-3.383760452270508,-8.926885604858398
Base,59,False,16,-3.35089111328125,-8.037142753601074
Base,59,False,17,-3.933459758758545,-7.5077033042907715
Base,59,False,18,-4.6405439376831055,-7.075448513031006
Base,59,False,19,-4.841869831085205,-5.913107872009277
Base,59,False,20,-5.2508039474487305,-5.459585189819336
Base,59,False,21,-5.74822998046875,-1.7380200624465942
Base,59,False,22,-9.401044845581055,3.626444101333618
Base,59,False,23,-13.134806632995605,11.059803009033203
Base,59,False,24,-15.601880073547363,17.651336669921875
Base,59,False,25,-18.235668182373047,27.07645034790039
Base,59,False,26,-19.731298446655273,40.750099182128906
Base,59,False,27,-22.952295303344727,48.13307189941406
Base,59,False,28,-14.001496315002441,24.049148559570312
Base,60,False,0,0.4144471287727356,-11.139778137207031
Base,60,False,1,-0.7208836674690247,-11.521589279174805
Base,60,False,2,-0.6601765155792236,-10.915594100952148
Base,60,False,3,-0.9219238758087158,-10.989790916442871
Base,60,False,4,-0.542362630367279,-9.9750394821167
Base,60,False,5,-0.6832156181335449,-9.76577377319336
Base,60,False,6,-0.5055109262466431,-9.765254974365234
Base,60,False,7,0.07796257734298706,-9.967238426208496
Base,60,False,8,-0.2858160138130188,-10.103683471679688
Base,60,False,9,-0.5605239272117615,-9.25979995727539
Base,60,False,10,-0.16011247038841248,-9.187236785888672
Base,60,False,11,-0.7594497799873352,-9.269079208374023
Base,60,False,12,-0.5564020276069641,-8.852727890014648
Base,60,False,13,-0.37437283992767334,-8.475255966186523
Base,60,False,14,0.060313671827316284,-7.991423606872559
Base,60,False,15,0.33550316095352173,-8.404451370239258
Base,60,False,16,0.9383791089057922,-7.587141036987305
Base,60,False,17,1.0920031070709229,-6.179203987121582
Base,60,False,18,1.0935754776000977,-5.400470733642578
Base,60,False,19,1.6128265857696533,-3.999417781829834
Base,60,False,20,2.245485305786133,-2.1478939056396484
Base,60,False,21,2.4300827980041504,1.5067201852798462
Base,60,False,22,2.391486883163452,7.312727451324463
Base,60,False,23,3.4327592849731445,13.967273712158203
Base,60,False,24,3.172614097595215,22.687469482421875
Base,60,False,25,2.3896255493164062,35.16575622558594
Base,60,False,26,1.747908353805542,51.585304260253906
Base,60,False,27,0.625951886177063,58.35101318359375
Base,60,False,28,0.002140820026397705,25.79912567138672
Base,61,True,0,0.40945807099342346,-11.122538566589355
Base,61,True,1,-0.4134615659713745,-11.328851699829102
Base,61,True,2,-0.3412208557128906,-11.051824569702148
Base,61,True,3,-0.5756661891937256,-11.078489303588867
Base,61,True,4,0.10612421482801437,-10.423087120056152
Base,61,True,5,-0.25269898772239685,-10.29538345336914
Base,61,True,6,0.34259188175201416,-10.350448608398438
Base,61,True,7,0.5261183381080627,-9.981477737426758
Base,61,True,8,0.3738182783126831,-9.89154052734375
Base,61,True,9,0.5497219562530518,-9.677294731140137
Base,61,True,10,1.0036981105804443,-9.557113647460938
Base,61,True,11,0.935958981513977,-9.549093246459961
Base,61,True,12,1.7486250400543213,-9.084440231323242
Base,61,True,13,1.4768224954605103,-8.374637603759766
Base,61,True,14,1.293384313583374,-8.292261123657227
Base,61,True,15,1.3242645263671875,-8.249251365661621
Base,61,True,16,1.8565866947174072,-7.21525764465332
Base,61,True,17,2.438105583190918,-6.229434490203857
Base,61,True,18,2.2562289237976074,-5.402274131774902
Base,61,True,19,3.175142288208008,-3.8169682025909424
Base,61,True,20,4.245846271514893,-2.2098443508148193
Base,61,True,21,5.263455390930176,1.5095539093017578
Base,61,True,22,6.070303916931152,7.796032428741455
Base,61,True,23,5.982518672943115,16.195926666259766
Base,61,True,24,6.040618896484375,26.12078857421875
Base,61,True,25,6.801645278930664,38.941612243652344
Base,61,True,26,6.318203926086426,58.94355010986328
Base,61,True,27,7.142812728881836,66.55511474609375
Base,61,True,28,4.493741989135742,28.406478881835938
Base,62,False,0,0.4283002018928528,-11.160245895385742
Base,62,False,1,-0.06761229038238525,-11.176039695739746
Base,62,False,2,0.33220160007476807,-10.878543853759766
Base,62,False,3,0.3874102234840393,-10.906763076782227
Base,62,False,4,1.4472556114196777,-10.492265701293945
Base,62,False,5,1.052656650543213,-10.786534309387207
Base,62,False,6,1.2885888814926147,-10.595123291015625
Base,62,False,7,1.5640366077423096,-10.329202651977539
Base,62,False,8,1.546050786972046,-10.555116653442383
Base,62,False,9,1.413604736328125,-10.390462875366211
Base,62,False,10,1.9279812574386597,-9.867713928222656
Base,62,False,11,1.8968327045440674,-9.854507446289062
Base,62,False,12,2.1279916763305664,-9.382628440856934
Base,62,False,13,2.166181802749634,-9.080484390258789
Base,62,False,14,2.3521082401275635,-8.966686248779297
Base,62,False,15,2.293922185897827,-9.030454635620117
Base,62,False,16,3.0943427085876465,-8.611989974975586
Base,62,False,17,3.4551777839660645,-7.8118181228637695
Base,62,False,18,4.801214218139648,-7.81353759765625
Base,62,False,19,5.7429656982421875,-6.020401954650879
Base,62,False,20,5.523843765258789,-5.146344184875488
Base,62,False,21,6.043213367462158,-1.836016297340393
Base,62,False,22,6.963963508605957,1.7724974155426025
Base,62,False,23,6.641987323760986,7.29989767074585
Base,62,False,24,8.178082466125488,12.755746841430664
Base,62,False,25,9.57777214050293,21.1554012298584
Base,62,False,26,11.990518569946289,30.699695587158203
Base,62,False,27,12.105920791625977,36.44627380371094
Base,62,False,28,8.128787994384766,16.950515747070312
Base,63,True,0,0.4731907248497009,-11.164856910705566
Base,63,True,1,0.5985419750213623,-11.24124526977539
Base,63,True,2,1.3652849197387695,-10.835853576660156
Base,63,True,3,1.7605186700820923,-11.15198040008545
Base,63,True,4,3.0702672004699707,-10.566290855407715
Base,63,True,5,3.0987677574157715,-10.439139366149902
Base,63,True,6,3.4100019931793213,-10.36874771118164
Base,63,True,7,3.742795944213867,-10.283885955810547
Base,63,True,8,3.8921380043029785,-10.300765991210938
Base,63,True,9,3.7566466331481934,-10.158357620239258
Base,63,True,10,4.2217116355896,-9.861416816711426
Base,63,True,11,4.37497615814209,-9.964226722717285
Base,63,True,12,5.315292835235596,-9.719196319580078
Base,63,True,13,5.545795440673828,-9.334917068481445
Base,63,True,14,5.71699333190918,-9.17193603515625
Base,63,True,15,5.609369277954102,-9.283556938171387
Base,63,True,16,7.190385818481445,-8.58363151550293
Base,63,True,17,7.826058387756348,-8.014148712158203
Base,63,True,18,9.921754837036133,-7.246943473815918
Base,63,True,19,11.246135711669922,-5.424570560455322
Base,63,True,20,11.458196640014648,-4.869121551513672
Base,63,True,21,12.983504295349121,-0.6074298620223999
Base,63,True,22,15.103251457214355,3.9524922370910645
Base,63,True,23,15.569770812988281,10.701674461364746
Base,63,True,24,17.591670989990234,16.777488708496094
Base,63,True,25,19.889305114746094,25.655410766601562
Base,63,True,26,23.783824920654297,34.09974670410156
Base,63,True,27,23.578041076660156,39.068321228027344
Base,63,True,28,13.98261833190918,19.683975219726562
Base,64,False,0,0.44389018416404724,-11.183868408203125
Base,64,False,1,-0.19726251065731049,-11.357637405395508
Base,64,False,2,-0.21011172235012054,-10.957575798034668
Base,64,False,3,-0.7891098856925964,-10.841384887695312
Base,64,False,4,-0.8501120209693909,-10.565970420837402
Base,64,False,5,-1.3257516622543335,-10.539823532104492
Base,64,False,6,-1.2121915817260742,-10.383580207824707
Base,64,False,7,-1.0499340295791626,-9.983816146850586
Base,64,False,8,-1.6147263050079346,-9.790243148803711
Base,64,False,9,-1.8920800685882568,-9.911174774169922
Base,64,False,10,-1.9111285209655762,-9.499124526977539
Base,64,False,11,-2.56943416595459,-9.19869613647461
Base,64,False,12,-3.0797085762023926,-8.86656665802002
Base,64,False,13,-2.9003710746765137,-9.0155029296875
Base,64,False,14,-3.1926634311676025,-8.385946273803711
Base,64,False,15,-3.603508710861206,-8.673763275146484
Base,64,False,16,-4.24354362487793,-7.641584873199463
Base,64,False,17,-4.791247367858887,-6.992580413818359
Base,64,False,18,-5.673038482666016,-6.752326965332031
Base,64,False,19,-6.118349075317383,-6.061591625213623
Base,64,False,20,-6.410735607147217,-5.362174987792969
Base,64,False,21,-7.108920097351074,-2.9219794273376465
Base,64,False,22,-8.86661148071289,2.2686328887939453
Base,64,False,23,-9.941734313964844,7.848474502563477
Base,64,False,24,-11.748384475708008,14.809111595153809
Base,64,False,25,-13.93266487121582,23.686973571777344
Base,64,False,26,-14.995563507080078,35.10553741455078
Base,64,False,27,-15.646341323852539,42.38652801513672
Base,64,False,28,-7.210023880004883,19.299291610717773
Base,65,False,0,0.4076477587223053,-11.137321472167969
Base,65,False,1,-1.134316086769104,-11.499279022216797
Base,65,False,2,-1.2048873901367188,-11.058555603027344
Base,65,False,3,-2.095034122467041,-11.070496559143066
Base,65,False,4,-2.3388888835906982,-10.43474006652832
Base,65,False,5,-2.904560089111328,-10.297539710998535
Base,65,False,6,-2.4891257286071777,-10.271711349487305
Base,65,False,7,-2.412283420562744,-10.329564094543457
Base,65,False,8,-2.5329365730285645,-10.134153366088867
Base,65,False,9,-2.975766181945801,-9.728525161743164
Base,65,False,10,-2.9094388484954834,-9.724063873291016
Base,65,False,11,-3.5412468910217285,-9.255167007446289
Base,65,False,12,-3.3956491947174072,-8.742794036865234
Base,65,False,13,-3.3805160522460938,-8.238838195800781
Base,65,False,14,-3.8292486667633057,-7.995241165161133
Base,65,False,15,-3.876220226287842,-8.433300018310547
Base,65,False,16,-4.329955101013184,-7.216473579406738
Base,65,False,17,-5.164803504943848,-6.407885551452637
Base,65,False,18,-5.988519191741943,-5.860851764678955
Base,65,False,19,-6.4141387939453125,-4.409083366394043
Base,65,False,20,-6.848647117614746,-2.9115257263183594
Base,65,False,21,-7.60603141784668,0.25910070538520813
Base,65,False,22,-9.558701515197754,6.819410800933838
Base,65,False,23,-10.664937973022461,13.982904434204102
Base,65,False,24,-12.652621269226074,22.079673767089844
Base,65,False,25,-15.699552536010742,34.45358657836914
Base,65,False,26,-18.05004119873047,51.013450622558594
Base,65,False,27,-21.11722183227539,58.881431579589844
Base,65,False,28,-11.6661376953125,28.66839599609375
Base,66,False,0,0.4013443887233734,-11.135808944702148
Base,66,False,1,-1.3901584148406982,-11.540170669555664
Base,66,False,2,-1.4519689083099365,-11.047040939331055
Base,66,False,3,-2.290281295776367,-10.98177719116211
Base,66,False,4,-2.5677452087402344,-10.357006072998047
Base,66,False,5,-3.1770873069763184,-10.261560440063477
Base,66,False,6,-2.7617104053497314,-10.174853324890137
Base,66,False,7,-2.546396255493164,-10.32868766784668
Base,66,False,8,-2.7737462520599365,-10.108144760131836
Base,66,False,9,-3.3215105533599854,-9.675727844238281
Base,66,False,10,-3.2902090549468994,-9.751443862915039
Base,66,False,11,-3.812607526779175,-9.366771697998047
Base,66,False,12,-3.4936599731445312,-8.819368362426758
Base,66,False,13,-3.488924503326416,-8.263172149658203
Base,66,False,14,-3.8468070030212402,-8.109176635742188
Base,66,False,15,-3.909409999847412,-8.546655654907227
Base,66,False,16,-4.021783351898193,-7.418889999389648
Base,66,False,17,-4.887302875518799,-6.529379844665527
Base,66,False,18,-5.509894371032715,-5.82668399810791
Base,66,False,19,-5.805159091949463,-4.300550937652588
Base,66,False,20,-6.338384628295898,-2.7304649353027344
Base,66,False,21,-7.222596168518066,0.4226078391075134
Base,66,False,22,-9.018766403198242,6.550345420837402
Base,66,False,23,-10.457685470581055,13.09212589263916
Base,66,False,24,-12.488117218017578,21.06106185913086
Base,66,False,25,-15.451763153076172,33.02305221557617
Base,66,False,26,-17.726951599121094,48.35845947265625
Base,66,False,27,-21.126977920532227,56.90890121459961
Base,66,False,28,-12.104467391967773,27.995929718017578
Base,67,False,0,0.41674232482910156,-11.1393404006958
Base,67,False,1,-0.5119581818580627,-11.402496337890625
Base,67,False,2,-0.5352539420127869,-11.031402587890625
Base,67,False,3,-1.1678658723831177,-11.006997108459473
Base,67,False,4,-1.2817274332046509,-10.515216827392578
Base,67,False,5,-2.0809407234191895,-10.440061569213867
Base,67,False,6,-2.2190120220184326,-10.483397483825684
Base,67,False,7,-2.469984292984009,-10.336579322814941
Base,67,False,8,-2.8483095169067383,-10.313397407531738
Base,67,False,9,-3.2350592613220215,-9.481163024902344
Base,67,False,10,-2.5206475257873535,-9.827875137329102
Base,67,False,11,-3.1292104721069336,-9.505138397216797
Base,67,False,12,-3.3751778602600098,-9.289461135864258
Base,67,False,13,-3.448219060897827,-9.227254867553711
Base,67,False,14,-3.5105271339416504,-8.77606201171875
Base,67,False,15,-3.572575092315674,-8.991670608520508
Base,67,False,16,-3.7099454402923584,-7.940143585205078
Base,67,False,17,-5.000144958496094,-7.386907577514648
Base,67,False,18,-5.878812789916992,-7.135186195373535
Base,67,False,19,-6.0208282470703125,-6.155924320220947
Base,67,False,20,-6.365774154663086,-5.3873748779296875
Base,67,False,21,-6.9126691818237305,-2.0863685607910156
Base,67,False,22,-10.809553146362305,2.664158821105957
Base,67,False,23,-13.89993667602539,10.117033004760742
Base,67,False,24,-16.7579402923584,17.282634735107422
Base,67,False,25,-19.797779083251953,27.521940231323242
Base,67,False,26,-21.402008056640625,40.290775299072266
Base,67,False,27,-25.51547622680664,47.278167724609375
Base,67,False,28,-15.311748504638672,22.128320693969727
Base,68,True,0,0.46605628728866577,-11.157184600830078
Base,68,True,1,0.31365537643432617,-11.372102737426758
Base,68,True,2,0.8804441690444946,-10.90614128112793
Base,68,True,3,1.137768268585205,-11.005386352539062
Base,68,True,4,2.397322177886963,-10.336448669433594
Base,68,True,5,2.6084704399108887,-10.289989471435547
Base,68,True,6,2.6634438037872314,-10.181419372558594
Base,68,True,7,3.369771957397461,-10.237550735473633
Base,68,True,8,3.231565475463867,-10.152351379394531
Base,68,True,9,2.798246383666992,-9.796293258666992
Base,68,True,10,3.4349117279052734,-9.980563163757324
Base,68,True,11,3.2152442932128906,-9.929000854492188
Base,68,True,12,4.287613868713379,-9.252534866333008
Base,68,True,13,4.3863205909729,-8.890497207641602
Base,68,True,14,4.370718002319336,-8.725504875183105
Base,68,True,15,4.264899253845215,-9.0397367477417
Base,68,True,16,5.751410007476807,-8.038436889648438
Base,68,True,17,5.881158828735352,-7.179959297180176
Base,68,True,18,7.152675628662109,-6.536952972412109
Base,68,True,19,8.457330703735352,-4.877079963684082
Base,68,True,20,8.319841384887695,-3.4963812828063965
Base,68,True,21,9.970547676086426,0.29359886050224304
Base,68,True,22,11.630575180053711,6.581123352050781
Base,68,True,23,12.233026504516602,12.705072402954102
Base,68,True,24,13.391101837158203,20.0239200592041
Base,68,True,25,13.734759330749512,29.92841339111328
Base,68,True,26,14.983353614807129,42.70884704589844
Base,68,True,27,14.473416328430176,49.531768798828125
Base,68,True,28,10.354239463806152,25.854970932006836
Base,69,False,0,0.4190893769264221,-11.15028190612793
Base,69,False,1,-0.5657476782798767,-11.436819076538086
Base,69,False,2,-0.5719552040100098,-11.015682220458984
Base,69,False,3,-1.16832435131073,-11.032519340515137
Base,69,False,4,-1.5547871589660645,-10.659887313842773
Base,69,False,5,-2.1856212615966797,-10.562520980834961
Base,69,False,6,-2.40556263923645,-10.758268356323242
Base,69,False,7,-2.802124500274658,-10.280789375305176
Base,69,False,8,-3.2522358894348145,-10.313397407531738
Base,69,False,9,-3.581821918487549,-9.42161750793457
Base,69,False,10,-3.0168137550354004,-9.820246696472168
Base,69,False,11,-3.779202461242676,-9.381406784057617
Base,69,False,12,-4.22205924987793,-9.208108901977539
Base,69,False,13,-4.202662467956543,-9.157913208007812
Base,69,False,14,-4.220495223999023,-8.725467681884766
Base,69,False,15,-4.143406391143799,-8.88182258605957
Base,69,False,16,-4.488386154174805,-8.178144454956055
Base,69,False,17,-5.902105331420898,-7.697230815887451
Base,69,False,18,-6.9340949058532715,-7.3997392654418945
Base,69,False,19,-7.2134246826171875,-6.695267677307129
Base,69,False,20,-7.879508018493652,-6.065135955810547
Base,69,False,21,-8.513111114501953,-3.0027356147766113
Base,69,False,22,-12.927183151245117,1.8770540952682495
Base,69,False,23,-15.793378829956055,8.556731224060059
Base,69,False,24,-18.629962921142578,14.252466201782227
Base,69,False,25,-21.890409469604492,23.201705932617188
Base,69,False,26,-22.209400177001953,34.59809112548828
Base,69,False,27,-24.601524353027344,41.39891815185547
Base,69,False,28,-14.555196762084961,19.043994903564453
Base,70,False,0,0.4084608554840088,-11.13254165649414
Base,70,False,1,-0.923948347568512,-11.468411445617676
Base,70,False,2,-0.8518170714378357,-11.110464096069336
Base,70,False,3,-1.451228141784668,-10.975172996520996
Base,70,False,4,-1.333475112915039,-10.331056594848633
Base,70,False,5,-1.9460195302963257,-10.198440551757812
Base,70,False,6,-1.541759967803955,-10.171489715576172
Base,70,False,7,-1.2658807039260864,-10.189285278320312
Base,70,False,8,-1.5338835716247559,-9.928643226623535
Base,70,False,9,-1.9030606746673584,-9.652976989746094
Base,70,False,10,-1.659494161605835,-9.578590393066406
Base,70,False,11,-2.2280564308166504,-9.183666229248047
Base,70,False,12,-1.844935417175293,-8.722918510437012
Base,70,False,13,-1.6759181022644043,-8.348444938659668
Base,70,False,14,-1.9985169172286987,-8.177972793579102
Base,70,False,15,-2.095841884613037,-8.468259811401367
Base,70,False,16,-2.129322052001953,-7.385347366333008
Base,70,False,17,-2.7624359130859375,-6.422326564788818
Base,70,False,18,-3.3286380767822266,-5.6660356521606445
Base,70,False,19,-3.380878448486328,-3.977900743484497
Base,70,False,20,-3.61612606048584,-2.520749092102051
Base,70,False,21,-3.9648776054382324,0.7166991233825684
Base,70,False,22,-5.001302719116211,6.972257614135742
Base,70,False,23,-5.819392204284668,14.455857276916504
Base,70,False,24,-6.728887557983398,23.108455657958984
Base,70,False,25,-8.762553215026855,35.388545989990234
Base,70,False,26,-11.00415325164795,52.32609558105469
Base,70,False,27,-14.391170501708984,61.39624786376953
Base,70,False,28,-8.435868263244629,29.752460479736328
Base,71,False,0,0.41949933767318726,-11.164461135864258
Base,71,False,1,-0.684028685092926,-11.454431533813477
Base,71,False,2,-0.703415036201477,-10.899356842041016
Base,71,False,3,-1.3076304197311401,-10.935604095458984
Base,71,False,4,-1.9969298839569092,-10.470224380493164
Base,71,False,5,-2.77657413482666,-10.401338577270508
Base,71,False,6,-2.9872076511383057,-10.523515701293945
Base,71,False,7,-3.181488513946533,-10.191078186035156
Base,71,False,8,-3.693887710571289,-10.42406940460205
Base,71,False,9,-4.316511154174805,-9.625872611999512
Base,71,False,10,-3.6644442081451416,-9.929922103881836
Base,71,False,11,-4.285948276519775,-9.557991981506348
Base,71,False,12,-4.768300533294678,-9.406362533569336
Base,71,False,13,-4.662233352661133,-9.322197914123535
Base,71,False,14,-4.608577728271484,-8.88905143737793
Base,71,False,15,-4.547008037567139,-9.166491508483887
Base,71,False,16,-4.989791393280029,-8.431779861450195
Base,71,False,17,-5.99571418762207,-8.209173202514648
Base,71,False,18,-6.74173641204834,-7.991766929626465
Base,71,False,19,-6.997356414794922,-7.145206451416016
Base,71,False,20,-7.566679000854492,-6.458611965179443
Base,71,False,21,-8.685588836669922,-3.195328712463379
Base,71,False,22,-13.289003372192383,1.7110472917556763
Base,71,False,23,-17.149730682373047,8.276930809020996
Base,71,False,24,-20.06269645690918,13.387733459472656
Base,71,False,25,-22.97129249572754,21.717905044555664
Base,71,False,26,-23.853843688964844,31.508649826049805
Base,71,False,27,-26.88365364074707,37.54322052001953
Base,71,False,28,-16.44371795654297,18.16842269897461
Base,72,True,0,0.43877851963043213,-11.142529487609863
Base,72,True,1,0.19236427545547485,-11.464341163635254
Base,72,True,2,0.19070425629615784,-11.062538146972656
Base,72,True,3,0.2788306474685669,-11.172689437866211
Base,72,True,4,1.2227141857147217,-10.341218948364258
Base,72,True,5,0.9888623952865601,-10.074771881103516
Base,72,True,6,1.114485263824463,-10.181102752685547
Base,72,True,7,1.5826072692871094,-10.04753303527832
Base,72,True,8,1.4701032638549805,-9.711395263671875
Base,72,True,9,1.4254541397094727,-9.765070915222168
Base,72,True,10,1.8970909118652344,-9.381952285766602
Base,72,True,11,1.6469783782958984,-9.204530715942383
Base,72,True,12,2.3415207862854004,-8.421281814575195
Base,72,True,13,2.3026926517486572,-8.00452709197998
Base,72,True,14,2.4470367431640625,-7.791975021362305
Base,72,True,15,2.300351619720459,-8.000956535339355
Base,72,True,16,2.9095890522003174,-6.828810691833496
Base,72,True,17,3.217665195465088,-6.1815690994262695
Base,72,True,18,3.5923268795013428,-4.689158916473389
Base,72,True,19,4.156120777130127,-3.2519805431365967
Base,72,True,20,5.117712020874023,-1.412704586982727
Base,72,True,21,6.111275672912598,2.038613796234131
Base,72,True,22,6.919567108154297,9.453237533569336
Base,72,True,23,8.50355339050293,17.234375
Base,72,True,24,9.177263259887695,26.37065315246582
Base,72,True,25,9.815479278564453,38.55358123779297
Base,72,True,26,8.844343185424805,57.35881805419922
Base,72,True,27,9.645980834960938,64.7438735961914
Base,72,True,28,4.8231000900268555,29.243297576904297
Base,73,False,0,0.42447295784950256,-11.13281536102295
Base,73,False,1,-0.204844668507576,-11.379379272460938
Base,73,False,2,-0.12537318468093872,-11.03287124633789
Base,73,False,3,-0.617617130279541,-11.044717788696289
Base,73,False,4,-0.04066658020019531,-10.26611042022705
Base,73,False,5,-0.36086305975914,-9.941692352294922
Base,73,False,6,-0.07864174246788025,-9.969341278076172
Base,73,False,7,0.16209155321121216,-9.772005081176758
Base,73,False,8,-0.06526313722133636,-9.760313987731934
Base,73,False,9,-0.40402019023895264,-9.4325590133667
Base,73,False,10,-0.12225078046321869,-9.3948974609375
Base,73,False,11,-0.42765510082244873,-9.118776321411133
Base,73,False,12,-0.09692567586898804,-8.652742385864258
Base,73,False,13,-0.31969642639160156,-8.392797470092773
Base,73,False,14,-0.33586567640304565,-8.139934539794922
Base,73,False,15,-0.3221178948879242,-8.355108261108398
Base,73,False,16,-0.5403916835784912,-7.418618202209473
Base,73,False,17,-0.7757948040962219,-6.845716953277588
Base,73,False,18,-1.5833019018173218,-6.041199684143066
Base,73,False,19,-1.685436725616455,-4.833926677703857
Base,73,False,20,-1.5633221864700317,-3.3565754890441895
Base,73,False,21,-1.420527458190918,-0.3845245838165283
Base,73,False,22,-2.0896172523498535,5.199273109436035
Base,73,False,23,-3.5059120655059814,13.18303108215332
Base,73,False,24,-4.969689846038818,21.230981826782227
Base,73,False,25,-6.348596572875977,33.23097229003906
Base,73,False,26,-7.660639762878418,50.35045623779297
Base,73,False,27,-8.919332504272461,58.785064697265625
Base,73,False,28,-4.2792816162109375,26.182504653930664
Base,74,False,0,0.4163718521595001,-11.124914169311523
Base,74,False,1,-0.23178556561470032,-11.338367462158203
Base,74,False,2,-0.38636645674705505,-11.123834609985352
Base,74,False,3,-0.6494393348693848,-11.113086700439453
Base,74,False,4,0.3836016356945038,-10.294530868530273
Base,74,False,5,-0.033911675214767456,-10.228938102722168
Base,74,False,6,0.10900941491127014,-10.160921096801758
Base,74,False,7,0.4838954210281372,-9.956258773803711
Base,74,False,8,0.5502310991287231,-9.68608283996582
Base,74,False,9,0.5559188723564148,-9.415005683898926
Base,74,False,10,0.9813195466995239,-9.368522644042969
Base,74,False,11,0.5927160978317261,-9.192187309265137
Base,74,False,12,1.6354243755340576,-8.582834243774414
Base,74,False,13,1.3648340702056885,-8.549656867980957
Base,74,False,14,1.3526110649108887,-8.434808731079102
Base,74,False,15,1.4680180549621582,-8.337814331054688
Base,74,False,16,1.9461309909820557,-7.630707740783691
Base,74,False,17,1.9488525390625,-6.971941947937012
Base,74,False,18,1.4067325592041016,-5.696249008178711
Base,74,False,19,1.9715518951416016,-4.131351470947266
Base,74,False,20,2.526101589202881,-2.5589818954467773
Base,74,False,21,2.4926998615264893,1.0971412658691406
Base,74,False,22,2.712216854095459,6.880464553833008
Base,74,False,23,3.6259496212005615,14.380014419555664
Base,74,False,24,2.4199459552764893,24.34036636352539
Base,74,False,25,3.5906007289886475,35.75810623168945
Base,74,False,26,1.3097604513168335,55.67483901977539
Base,74,False,27,-0.9985093474388123,64.57623291015625
Base,74,False,28,-0.28178495168685913,26.304561614990234
Base,75,False,0,0.4036819636821747,-11.137316703796387
Base,75,False,1,-1.2731794118881226,-11.543458938598633
Base,75,False,2,-1.350841760635376,-11.106983184814453
Base,75,False,3,-2.282776355743408,-10.990976333618164
Base,75,False,4,-2.561274528503418,-10.449317932128906
Base,75,False,5,-3.16342830657959,-10.308980941772461
Base,75,False,6,-2.6809849739074707,-10.318225860595703
Base,75,False,7,-2.5873398780822754,-10.401032447814941
Base,75,False,8,-2.8420825004577637,-10.29718017578125
Base,75,False,9,-3.331050395965576,-9.761589050292969
Base,75,False,10,-3.2631125450134277,-9.843792915344238
Base,75,False,11,-3.835068702697754,-9.342041015625
Base,75,False,12,-3.646436929702759,-8.738866806030273
Base,75,False,13,-3.714045286178589,-8.364727020263672
Base,75,False,14,-4.1147074699401855,-8.151247024536133
Base,75,False,15,-4.136165618896484,-8.577959060668945
Base,75,False,16,-4.744274616241455,-7.426138877868652
Base,75,False,17,-5.489747047424316,-6.667945384979248
Base,75,False,18,-6.597607612609863,-5.987009048461914
Base,75,False,19,-6.876224994659424,-4.686745643615723
Base,75,False,20,-7.311860084533691,-2.9647083282470703
Base,75,False,21,-8.338739395141602,-0.13081617653369904
Base,75,False,22,-10.224584579467773,6.494316101074219
Base,75,False,23,-11.450252532958984,13.502645492553711
Base,75,False,24,-13.66738510131836,21.448589324951172
Base,75,False,25,-16.508460998535156,33.459022521972656
Base,75,False,26,-18.950340270996094,50.036865234375
Base,75,False,27,-22.186777114868164,57.966148376464844
Base,75,False,28,-12.03388786315918,27.736988067626953
Base,76,True,0,0.42374908924102783,-11.144824981689453
Base,76,True,1,-0.430059015750885,-11.60128116607666
Base,76,True,2,-0.43683725595474243,-11.280702590942383
Base,76,True,3,-0.6541333198547363,-11.323529243469238
Base,76,True,4,0.240366131067276,-10.689627647399902
Base,76,True,5,0.09541511535644531,-10.728878021240234
Base,76,True,6,0.29441240429878235,-10.548505783081055
Base,76,True,7,0.7412512302398682,-10.474048614501953
Base,76,True,8,0.5171937346458435,-10.413143157958984
Base,76,True,9,0.48895102739334106,-10.208117485046387
Base,76,True,10,0.9205278754234314,-9.971636772155762
Base,76,True,11,0.5206297039985657,-9.629517555236816
Base,76,True,12,0.925178050994873,-9.193826675415039
Base,76,True,13,0.9633839130401611,-8.715681076049805
Base,76,True,14,0.989954948425293,-8.362239837646484
Base,76,True,15,0.9127598404884338,-8.454076766967773
Base,76,True,16,0.9088115096092224,-7.590563774108887
Base,76,True,17,0.9207098484039307,-6.6682209968566895
Base,76,True,18,0.8367746472358704,-5.62062931060791
Base,76,True,19,1.6984801292419434,-3.691488742828369
Base,76,True,20,2.6832756996154785,-2.6079959869384766
Base,76,True,21,3.2443795204162598,0.4410434365272522
Base,76,True,22,4.210204601287842,6.579098701477051
Base,76,True,23,5.203917503356934,14.822103500366211
Base,76,True,24,5.732857704162598,23.21352767944336
Base,76,True,25,6.793431282043457,35.898033142089844
Base,76,True,26,6.973997592926025,55.75414276123047
Base,76,True,27,6.699337482452393,64.93682861328125
Base,76,True,28,2.558622360229492,29.23324203491211
Base,77,True,0,0.44565194845199585,-11.149391174316406
Base,77,True,1,0.15966784954071045,-11.32874584197998
Base,77,True,2,0.49634385108947754,-10.856586456298828
Base,77,True,3,0.39610451459884644,-10.959750175476074
Base,77,True,4,1.7000566720962524,-10.40139389038086
Base,77,True,5,1.734598159790039,-10.314794540405273
Base,77,True,6,1.7029669284820557,-10.071868896484375
Base,77,True,7,2.2401909828186035,-9.992019653320312
Base,77,True,8,1.9172307252883911,-10.132966041564941
Base,77,True,9,1.9853966236114502,-10.10595703125
Base,77,True,10,2.40877628326416,-9.838695526123047
Base,77,True,11,2.3628361225128174,-9.79448413848877
Base,77,True,12,3.279601573944092,-9.376174926757812
Base,77,True,13,3.47957181930542,-8.883758544921875
Base,77,True,14,3.4871644973754883,-8.59433650970459
Base,77,True,15,3.106384515762329,-9.092792510986328
Base,77,True,16,4.475946426391602,-8.04685115814209
Base,77,True,17,4.670863628387451,-7.1242780685424805
Base,77,True,18,5.736812114715576,-6.168113708496094
Base,77,True,19,7.143000602722168,-4.492796421051025
Base,77,True,20,6.938985347747803,-3.1500911712646484
Base,77,True,21,8.780097961425781,-0.14955788850784302
Base,77,True,22,10.733404159545898,6.083804130554199
Base,77,True,23,11.356372833251953,12.85845947265625
Base,77,True,24,13.834403991699219,20.370105743408203
Base,77,True,25,15.498067855834961,30.701019287109375
Base,77,True,26,17.927997589111328,45.57843017578125
Base,77,True,27,17.571218490600586,53.875022888183594
Base,77,True,28,10.724593162536621,26.434547424316406
Base,78,False,0,0.4186544418334961,-11.126757621765137
Base,78,False,1,-0.2126307487487793,-11.310651779174805
Base,78,False,2,-0.1539398431777954,-10.991249084472656
Base,78,False,3,-0.21701696515083313,-10.93986701965332
Base,78,False,4,0.5767998695373535,-10.25084114074707
Base,78,False,5,0.3888412117958069,-10.236839294433594
Base,78,False,6,0.5610495805740356,-10.242402076721191
Base,78,False,7,1.204635500907898,-10.103200912475586
Base,78,False,8,1.0091265439987183,-9.834815979003906
Base,78,False,9,0.9077445268630981,-9.375407218933105
Base,78,False,10,1.2153334617614746,-9.355712890625
Base,78,False,11,1.004069209098816,-9.050423622131348
Base,78,False,12,1.1479315757751465,-8.735973358154297
Base,78,False,13,1.1203540563583374,-8.617385864257812
Base,78,False,14,0.8463473320007324,-8.49405288696289
Base,78,False,15,0.8211081027984619,-8.407939910888672
Base,78,False,16,0.9127860069274902,-7.452720642089844
Base,78,False,17,0.8863159418106079,-6.837383270263672
Base,78,False,18,0.1764778196811676,-6.031009197235107
Base,78,False,19,0.5207995176315308,-4.675590515136719
Base,78,False,20,0.6712693572044373,-3.407076358795166
Base,78,False,21,1.041415810585022,-0.1551697850227356
Base,78,False,22,1.4499964714050293,5.682521820068359
Base,78,False,23,1.5403542518615723,13.634444236755371
Base,78,False,24,0.8869179487228394,22.32632064819336
Base,78,False,25,1.056070327758789,33.91645050048828
Base,78,False,26,0.021291404962539673,54.60252380371094
Base,78,False,27,-1.3678535223007202,64.09175109863281
Base,78,False,28,0.7026791572570801,27.297439575195312
Base,79,False,0,0.4207831919193268,-11.144664764404297
Base,79,False,1,-0.25140103697776794,-11.344438552856445
Base,79,False,2,-0.03411383926868439,-10.956399917602539
Base,79,False,3,-0.22994180023670197,-11.001535415649414
Base,79,False,4,0.4564874768257141,-10.285261154174805
Base,79,False,5,0.19010931253433228,-10.411369323730469
Base,79,False,6,0.4284195899963379,-10.302255630493164
Base,79,False,7,0.48432403802871704,-9.915306091308594
Base,79,False,8,0.12163691222667694,-9.813405990600586
Base,79,False,9,0.27572110295295715,-9.54533863067627
Base,79,False,10,0.894024133682251,-9.320611953735352
Base,79,False,11,0.657856822013855,-9.069812774658203
Base,79,False,12,0.9775300025939941,-8.858957290649414
Base,79,False,13,1.092319130897522,-8.455018043518066
Base,79,False,14,0.8052559494972229,-8.187787055969238
Base,79,False,15,0.6811753511428833,-8.423898696899414
Base,79,False,16,1.0070874691009521,-7.861589431762695
Base,79,False,17,0.715228259563446,-6.34511661529541
Base,79,False,18,1.008239984512329,-5.9851975440979
Base,79,False,19,1.7476985454559326,-5.236979961395264
Base,79,False,20,1.4549205303192139,-4.810615539550781
Base,79,False,21,1.8880795240402222,-1.0102249383926392
Base,79,False,22,2.2880072593688965,4.650513648986816
Base,79,False,23,2.3227572441101074,11.624616622924805
Base,79,False,24,2.1987900733947754,18.18365478515625
Base,79,False,25,1.3892724514007568,28.476806640625
Base,79,False,26,0.04127037525177002,42.01588821411133
Base,79,False,27,-1.297926664352417,50.038177490234375
Base,79,False,28,0.8921493887901306,27.607303619384766
Base,80,True,0,0.45344963669776917,-11.156892776489258
Base,80,True,1,0.0635083019733429,-11.296587944030762
Base,80,True,2,0.3769831657409668,-10.787321090698242
Base,80,True,3,0.40178382396698,-10.985542297363281
Base,80,True,4,1.326059103012085,-10.501778602600098
Base,80,True,5,1.3378357887268066,-10.128448486328125
Base,80,True,6,1.478617548942566,-10.254405975341797
Base,80,True,7,1.9175491333007812,-10.342205047607422
Base,80,True,8,1.819340705871582,-10.18527603149414
Base,80,True,9,1.7781949043273926,-10.151747703552246
Base,80,True,10,2.2526168823242188,-9.830729484558105
Base,80,True,11,2.2762160301208496,-9.929107666015625
Base,80,True,12,3.1411499977111816,-9.279979705810547
Base,80,True,13,3.168264389038086,-8.910989761352539
Base,80,True,14,3.3272786140441895,-8.678773880004883
Base,80,True,15,3.284630298614502,-9.039974212646484
Base,80,True,16,3.9937491416931152,-8.19385051727295
Base,80,True,17,4.322294235229492,-7.200202465057373
Base,80,True,18,5.2740373611450195,-6.731550216674805
Base,80,True,19,6.478334426879883,-5.256940841674805
Base,80,True,20,6.781441688537598,-4.598438262939453
Base,80,True,21,8.212577819824219,-1.5757510662078857
Base,80,True,22,9.769998550415039,3.801056385040283
Base,80,True,23,10.580163955688477,9.638452529907227
Base,80,True,24,11.80501937866211,16.207622528076172
Base,80,True,25,12.197486877441406,26.855587005615234
Base,80,True,26,13.948380470275879,38.89012908935547
Base,80,True,27,15.004375457763672,45.635101318359375
Base,80,True,28,9.49887752532959,22.77696990966797
Base,81,False,0,0.4208225607872009,-11.15526008605957
Base,81,False,1,-0.6065059900283813,-11.451948165893555
Base,81,False,2,-0.6668349504470825,-10.923429489135742
Base,81,False,3,-1.2224092483520508,-11.041679382324219
Base,81,False,4,-1.6293866634368896,-10.572200775146484
Base,81,False,5,-2.2858338356018066,-10.373147010803223
Base,81,False,6,-2.447908878326416,-10.544687271118164
Base,81,False,7,-2.6433396339416504,-10.186637878417969
Base,81,False,8,-3.141129493713379,-10.299827575683594
Base,81,False,9,-3.6033740043640137,-9.491220474243164
Base,81,False,10,-3.080251455307007,-9.917044639587402
Base,81,False,11,-3.7378735542297363,-9.406631469726562
Base,81,False,12,-4.041507720947266,-9.238969802856445
Base,81,False,13,-4.063736915588379,-9.062591552734375
Base,81,False,14,-3.974172353744507,-8.61602783203125
Base,81,False,15,-4.063498497009277,-8.820671081542969
Base,81,False,16,-4.310390949249268,-8.04774284362793
Base,81,False,17,-5.66204309463501,-7.665074348449707
Base,81,False,18,-6.505035400390625,-7.417703628540039
Base,81,False,19,-6.790238380432129,-6.538280963897705
Base,81,False,20,-6.924759387969971,-5.773815155029297
Base,81,False,21,-7.3411359786987305,-2.43723726272583
Base,81,False,22,-11.619277000427246,2.630629777908325
Base,81,False,23,-14.655339241027832,9.784687995910645
Base,81,False,24,-17.627809524536133,15.623632431030273
Base,81,False,25,-20.69287109375,24.46550750732422
Base,81,False,26,-22.326675415039062,36.858089447021484
Base,81,False,27,-25.021305084228516,43.189971923828125
Base,81,False,28,-14.736008644104004,20.666034698486328
Base,82,True,0,0.44570282101631165,-11.162008285522461
Base,82,True,1,0.3866153657436371,-11.327898979187012
Base,82,True,2,0.8051131963729858,-11.084647178649902
Base,82,True,3,1.0433732271194458,-11.059389114379883
Base,82,True,4,2.3809285163879395,-10.443902969360352
Base,82,True,5,2.1641182899475098,-10.431475639343262
Base,82,True,6,2.357208013534546,-10.47958755493164
Base,82,True,7,2.686394214630127,-10.362831115722656
Base,82,True,8,2.706228494644165,-10.318323135375977
Base,82,True,9,2.741227149963379,-10.371636390686035
Base,82,True,10,3.2773451805114746,-10.267738342285156
Base,82,True,11,3.4707589149475098,-10.166301727294922
Base,82,True,12,4.358089447021484,-9.830747604370117
Base,82,True,13,4.6343278884887695,-9.527420043945312
Base,82,True,14,4.732947826385498,-9.077295303344727
Base,82,True,15,4.790868759155273,-9.299334526062012
Base,82,True,16,6.624927520751953,-8.356344223022461
Base,82,True,17,6.896100044250488,-7.802158355712891
Base,82,True,18,7.779375076293945,-6.773880958557129
Base,82,True,19,9.131213188171387,-5.275572776794434
Base,82,True,20,9.357017517089844,-3.947556495666504
Base,82,True,21,11.485013961791992,-0.43485695123672485
Base,82,True,22,13.754154205322266,5.451356887817383
Base,82,True,23,14.92989730834961,11.920454025268555
Base,82,True,24,18.09233283996582,19.750457763671875
Base,82,True,25,20.125898361206055,29.73630142211914
Base,82,True,26,23.02381134033203,43.68840789794922
Base,82,True,27,24.016265869140625,51.59039306640625
Base,82,True,28,13.639735221862793,24.8505859375
Base,83,False,0,0.4207289218902588,-11.155393600463867
Base,83,False,1,-0.46529868245124817,-11.431139945983887
Base,83,False,2,-0.28063398599624634,-11.090360641479492
Base,83,False,3,-0.7272374629974365,-11.040335655212402
Base,83,False,4,-0.41631120443344116,-10.563560485839844
Base,83,False,5,-0.8253209590911865,-10.332529067993164
Base,83,False,6,-0.34231987595558167,-10.365031242370605
Base,83,False,7,-0.18965549767017365,-10.339946746826172
Base,83,False,8,-0.6804829239845276,-10.087369918823242
Base,83,False,9,-1.1292724609375,-9.402655601501465
Base,83,False,10,-0.836795449256897,-9.380640029907227
Base,83,False,11,-1.4182944297790527,-9.154483795166016
Base,83,False,12,-0.9695864319801331,-8.627042770385742
Base,83,False,13,-1.1469957828521729,-8.359445571899414
Base,83,False,14,-1.142456293106079,-8.088666915893555
Base,83,False,15,-1.2466531991958618,-8.359048843383789
Base,83,False,16,-1.5903658866882324,-6.952010154724121
Base,83,False,17,-2.1191201210021973,-6.175935745239258
Base,83,False,18,-3.3132569789886475,-5.316085338592529
Base,83,False,19,-3.4482338428497314,-4.11638879776001
Base,83,False,20,-3.898837089538574,-2.2383761405944824
Base,83,False,21,-3.7902679443359375,0.920245885848999
Base,83,False,22,-5.160433292388916,7.2752885818481445
Base,83,False,23,-7.115993022918701,14.211623191833496
Base,83,False,24,-9.031407356262207,22.38565444946289
Base,83,False,25,-10.207746505737305,33.90838623046875
Base,83,False,26,-11.945404052734375,49.76887512207031
Base,83,False,27,-12.208593368530273,57.12367248535156
Base,83,False,28,-5.531619548797607,26.74435806274414
Base,84,True,0,0.4532710611820221,-11.160674095153809
Base,84,True,1,0.20517697930335999,-11.398353576660156
Base,84,True,2,0.6499424576759338,-11.04428482055664
Base,84,True,3,0.8051552772521973,-10.942428588867188
Base,84,True,4,1.7561014890670776,-10.186028480529785
Base,84,True,5,1.8634569644927979,-10.109092712402344
Base,84,True,6,2.0304372310638428,-9.981193542480469
Base,84,True,7,2.7199013233184814,-10.020709991455078
Base,84,True,8,2.8048863410949707,-9.652141571044922
Base,84,True,9,2.8467938899993896,-9.877965927124023
Base,84,True,10,3.0467283725738525,-9.781091690063477
Base,84,True,11,3.196074962615967,-9.252788543701172
Base,84,True,12,3.351722478866577,-8.745631217956543
Base,84,True,13,3.78559947013855,-8.49251651763916
Base,84,True,14,3.8485724925994873,-7.933701515197754
Base,84,True,15,3.9898886680603027,-8.341691970825195
Base,84,True,16,4.726597785949707,-7.435613632202148
Base,84,True,17,4.947915077209473,-6.570466041564941
Base,84,True,18,4.621551990509033,-5.379588603973389
Base,84,True,19,5.530811309814453,-3.884357213973999
Base,84,True,20,6.386631965637207,-3.107499122619629
Base,84,True,21,7.548945426940918,0.00534173846244812
Base,84,True,22,9.638141632080078,5.789558410644531
Base,84,True,23,12.463348388671875,12.509296417236328
Base,84,True,24,14.067127227783203,21.99985122680664
Base,84,True,25,14.838969230651855,34.678504943847656
Base,84,True,26,14.669599533081055,52.71559524536133
Base,84,True,27,13.327589988708496,60.73619842529297
Base,84,True,28,5.577095985412598,25.3944034576416
Base,85,False,0,0.4224318861961365,-11.130148887634277
Base,85,False,1,-0.49365556240081787,-11.318564414978027
Base,85,False,2,-0.6608571410179138,-10.818927764892578
Base,85,False,3,-1.0409348011016846,-10.980558395385742
Base,85,False,4,-0.5659018754959106,-9.993812561035156
Base,85,False,5,-1.0922614336013794,-9.939695358276367
Base,85,False,6,-0.7831488847732544,-9.824467658996582
Base,85,False,7,-0.2889252305030823,-9.920703887939453
Base,85,False,8,-0.6790440082550049,-9.71745777130127
Base,85,False,9,-1.0629544258117676,-9.979555130004883
Base,85,False,10,-1.3171184062957764,-9.269474029541016
Base,85,False,11,-2.0354628562927246,-8.864816665649414
Base,85,False,12,-1.7706711292266846,-8.534564018249512
Base,85,False,13,-1.7436277866363525,-8.349696159362793
Base,85,False,14,-2.086001396179199,-7.407471656799316
Base,85,False,15,-1.9992314577102661,-8.230552673339844
Base,85,False,16,-1.6928515434265137,-7.495196342468262
Base,85,False,17,-2.2822837829589844,-6.189944267272949
Base,85,False,18,-3.395875930786133,-6.333672523498535
Base,85,False,19,-3.1811752319335938,-4.973598003387451
Base,85,False,20,-2.8760485649108887,-2.590332508087158
Base,85,False,21,-1.881101369857788,0.9446493983268738
Base,85,False,22,-2.228090286254883,7.304816722869873
Base,85,False,23,-1.6168538331985474,15.163040161132812
Base,85,False,24,-2.1070427894592285,24.694297790527344
Base,85,False,25,-1.9614593982696533,37.41386413574219
Base,85,False,26,-2.7707509994506836,60.02181625366211
Base,85,False,27,-4.258522033691406,68.93804931640625
Base,85,False,28,-1.4569692611694336,33.153038024902344
Base,86,True,0,0.4411843419075012,-11.169473648071289
Base,86,True,1,0.20379680395126343,-11.371246337890625
Base,86,True,2,0.4379288852214813,-10.964685440063477
Base,86,True,3,0.30475345253944397,-11.192349433898926
Base,86,True,4,0.6840358376502991,-10.510394096374512
Base,86,True,5,0.821729302406311,-10.171470642089844
Base,86,True,6,1.2034671306610107,-10.325929641723633
Base,86,True,7,1.6138334274291992,-10.104841232299805
Base,86,True,8,1.6581413745880127,-10.000401496887207
Base,86,True,9,1.756671667098999,-9.805575370788574
Base,86,True,10,2.0834579467773438,-9.787948608398438
Base,86,True,11,1.953850507736206,-9.533445358276367
Base,86,True,12,2.5824050903320312,-9.010438919067383
Base,86,True,13,2.6294960975646973,-8.690319061279297
Base,86,True,14,2.7792439460754395,-8.444148063659668
Base,86,True,15,2.9370360374450684,-8.646112442016602
Base,86,True,16,3.2937331199645996,-7.443743705749512
Base,86,True,17,3.4278218746185303,-6.819129943847656
Base,86,True,18,2.621565341949463,-6.070330619812012
Base,86,True,19,3.431407928466797,-3.872342586517334
Base,86,True,20,4.163662910461426,-2.401212215423584
Base,86,True,21,4.633281707763672,0.3193652629852295
Base,86,True,22,5.048940181732178,6.560752868652344
Base,86,True,23,6.0924787521362305,13.422365188598633
Base,86,True,24,6.749094486236572,20.699562072753906
Base,86,True,25,7.89016056060791,31.005699157714844
Base,86,True,26,8.764847755432129,45.44765853881836
Base,86,True,27,9.363227844238281,52.981605529785156
Base,86,True,28,4.5944647789001465,22.422687530517578
Base,87,False,0,0.43147796392440796,-11.16423225402832
Base,87,False,1,0.06401944160461426,-11.353333473205566
Base,87,False,2,0.33668434619903564,-10.977907180786133
Base,87,False,3,0.5595602989196777,-10.82022476196289
Base,87,False,4,1.4216701984405518,-10.03016471862793
Base,87,False,5,1.0688960552215576,-10.142578125
Base,87,False,6,1.0009872913360596,-10.066445350646973
Base,87,False,7,1.4122636318206787,-9.890251159667969
Base,87,False,8,1.0400362014770508,-10.091348648071289
Base,87,False,9,1.027577519416809,-9.898944854736328
Base,87,False,10,1.6431840658187866,-9.692975997924805
Base,87,False,11,1.5874876976013184,-9.607593536376953
Base,87,False,12,2.3070266246795654,-9.308813095092773
Base,87,False,13,2.430976152420044,-9.090776443481445
Base,87,False,14,2.396120071411133,-8.946670532226562
Base,87,False,15,2.2528789043426514,-8.894071578979492
Base,87,False,16,3.4803502559661865,-8.31088638305664
Base,87,False,17,3.3717041015625,-7.486030578613281
Base,87,False,18,3.9346656799316406,-7.010843276977539
Base,87,False,19,5.234430313110352,-5.428654670715332
Base,87,False,20,5.074063301086426,-4.380908966064453
Base,87,False,21,4.975265026092529,-0.4315126836299896
Base,87,False,22,5.359926223754883,4.19731330871582
Base,87,False,23,5.065296649932861,10.615533828735352
Base,87,False,24,6.867804527282715,17.587120056152344
Base,87,False,25,7.201580047607422,27.97120475769043
Base,87,False,26,8.01651382446289,41.82782745361328
Base,87,False,27,8.82262897491455,48.65544891357422
Base,87,False,28,6.8188371658325195,24.89542007446289
Base,88,False,0,0.4013198912143707,-11.130069732666016
Base,88,False,1,-0.9773874282836914,-11.450399398803711
Base,88,False,2,-0.9542296528816223,-11.114548683166504
Base,88,False,3,-1.6737130880355835,-10.911450386047363
Base,88,False,4,-1.8293395042419434,-10.409268379211426
Base,88,False,5,-2.493267774581909,-10.347209930419922
Base,88,False,6,-2.2293248176574707,-10.200202941894531
Base,88,False,7,-1.868077039718628,-10.23802375793457
Base,88,False,8,-2.2079081535339355,-10.0052490234375
Base,88,False,9,-2.663771867752075,-9.597938537597656
Base,88,False,10,-2.637519359588623,-9.571121215820312
Base,88,False,11,-3.371152400970459,-9.124250411987305
Base,88,False,12,-3.278897523880005,-8.673736572265625
Base,88,False,13,-2.987663507461548,-8.402427673339844
Base,88,False,14,-3.3878848552703857,-8.312110900878906
Base,88,False,15,-3.4594268798828125,-8.742907524108887
Base,88,False,16,-3.566384792327881,-7.627959251403809
Base,88,False,17,-4.071478843688965,-6.899258613586426
Base,88,False,18,-5.030900955200195,-5.9782609939575195
Base,88,False,19,-5.224327087402344,-4.472657203674316
Base,88,False,20,-5.961103439331055,-2.9553117752075195
Base,88,False,21,-6.813671112060547,-0.22901976108551025
Base,88,False,22,-8.251320838928223,5.3145751953125
Base,88,False,23,-9.314311027526855,12.02363395690918
Base,88,False,24,-11.037109375,20.136917114257812
Base,88,False,25,-12.965278625488281,32.02479553222656
Base,88,False,26,-14.517461776733398,47.046958923339844
Base,88,False,27,-17.60114288330078,56.92957305908203
Base,88,False,28,-10.13924789428711,26.750070571899414
Base,89,False,0,0.451694130897522,-11.162310600280762
Base,89,False,1,0.23726502060890198,-11.299296379089355
Base,89,False,2,0.5680785179138184,-10.857746124267578
Base,89,False,3,0.6032807230949402,-10.916343688964844
Base,89,False,4,1.3654632568359375,-10.42477035522461
Base,89,False,5,1.325815200805664,-10.23904037475586
Base,89,False,6,1.475907325744629,-10.283369064331055
Base,89,False,7,1.8071951866149902,-10.365710258483887
Base,89,False,8,1.6051288843154907,-10.022506713867188
Base,89,False,9,1.550513744354248,-9.766178131103516
Base,89,False,10,1.8701735734939575,-9.640872955322266
Base,89,False,11,1.6616172790527344,-9.64222240447998
Base,89,False,12,2.364229679107666,-9.00657844543457
Base,89,False,13,2.229463577270508,-8.715522766113281
Base,89,False,14,2.227231979370117,-8.368149757385254
Base,89,False,15,2.179816246032715,-8.760510444641113
Base,89,False,16,2.6003332138061523,-8.03281021118164
Base,89,False,17,2.4040822982788086,-7.281503677368164
Base,89,False,18,2.85514497756958,-6.643712997436523
Base,89,False,19,3.4686906337738037,-5.56544828414917
Base,89,False,20,3.5361623764038086,-4.879661560058594
Base,89,False,21,4.514413356781006,-2.0257644653320312
Base,89,False,22,5.594934463500977,3.760432004928589
Base,89,False,23,6.234877109527588,9.375819206237793
Base,89,False,24,7.1315388679504395,16.384071350097656
Base,89,False,25,7.191539764404297,26.865402221679688
Base,89,False,26,7.368840217590332,39.52202224731445
Base,89,False,27,8.072484016418457,46.38056945800781
Base,89,False,28,5.9623260498046875,23.771289825439453
Base,90,False,0,0.412093847990036,-11.14383316040039
Base,90,False,1,-0.7556689977645874,-11.447681427001953
Base,90,False,2,-0.7170605659484863,-10.863439559936523
Base,90,False,3,-1.2322888374328613,-11.044855117797852
Base,90,False,4,-1.096619725227356,-10.302637100219727
Base,90,False,5,-1.5428341627120972,-10.042791366577148
Base,90,False,6,-1.1410987377166748,-10.167396545410156
Base,90,False,7,-1.052814245223999,-10.219882011413574
Base,90,False,8,-1.3164751529693604,-10.147613525390625
Base,90,False,9,-1.8925323486328125,-9.512151718139648
Base,90,False,10,-1.5683667659759521,-9.530147552490234
Base,90,False,11,-2.304577350616455,-9.297342300415039
Base,90,False,12,-2.0232455730438232,-8.890487670898438
Base,90,False,13,-2.1142444610595703,-8.378975868225098
Base,90,False,14,-2.081587076187134,-8.024110794067383
Base,90,False,15,-2.054995536804199,-8.238286018371582
Base,90,False,16,-2.3758385181427,-6.939610004425049
Base,90,False,17,-2.730222463607788,-6.180028915405273
Base,90,False,18,-3.3449034690856934,-5.2924885749816895
Base,90,False,19,-3.400984764099121,-4.088712692260742
Base,90,False,20,-3.518407106399536,-2.5069689750671387
Base,90,False,21,-4.0269598960876465,0.6310415863990784
Base,90,False,22,-5.1017937660217285,7.195279121398926
Base,90,False,23,-6.5253190994262695,14.611404418945312
Base,90,False,24,-8.1436128616333,22.462909698486328
Base,90,False,25,-9.623831748962402,34.851898193359375
Base,90,False,26,-13.100672721862793,50.68799591064453
Base,90,False,27,-13.514188766479492,57.687034606933594
Base,90,False,28,-7.099353790283203,29.287891387939453
Base,91,False,0,0.43483543395996094,-11.176695823669434
Base,91,False,1,-0.06440579891204834,-11.327882766723633
Base,91,False,2,-0.058656707406044006,-10.982786178588867
Base,91,False,3,-0.15514549612998962,-10.620795249938965
Base,91,False,4,0.07061655819416046,-10.388775825500488
Base,91,False,5,-0.03203587979078293,-10.516504287719727
Base,91,False,6,0.0723414421081543,-10.351266860961914
Base,91,False,7,0.3913622498512268,-10.436731338500977
Base,91,False,8,0.12851017713546753,-10.299616813659668
Base,91,False,9,-0.14715178310871124,-9.960503578186035
Base,91,False,10,0.08597243577241898,-10.087217330932617
Base,91,False,11,-0.14795976877212524,-9.97014045715332
Base,91,False,12,0.06337957084178925,-9.737825393676758
Base,91,False,13,0.1737777590751648,-9.488936424255371
Base,91,False,14,-0.2653169631958008,-9.169025421142578
Base,91,False,15,-0.2430676817893982,-9.50671100616455
Base,91,False,16,0.26273113489151,-8.72216510772705
Base,91,False,17,-0.0952325165271759,-8.138925552368164
Base,91,False,18,-0.33311766386032104,-7.340867042541504
Base,91,False,19,-0.15242856740951538,-6.242488861083984
Base,91,False,20,-0.12470319867134094,-5.548410892486572
Base,91,False,21,0.033890143036842346,-3.6448073387145996
Base,91,False,22,0.014965832233428955,0.8212027549743652
Base,91,False,23,0.240329772233963,5.265923023223877
Base,91,False,24,-0.0925697386264801,10.236021041870117
Base,91,False,25,-0.85204017162323,18.460357666015625
Base,91,False,26,0.532977819442749,29.669776916503906
Base,91,False,27,-1.2216694355010986,36.4035530090332
Base,91,False,28,-0.3006865978240967,14.931648254394531
Base,92,True,0,0.43970412015914917,-11.164798736572266
Base,92,True,1,-0.0238359272480011,-11.414542198181152
Base,92,True,2,0.23078100383281708,-11.094817161560059
Base,92,True,3,0.3023067116737366,-11.148526191711426
Base,92,True,4,1.383743405342102,-10.80855941772461
Base,92,True,5,1.0990595817565918,-10.998529434204102
Base,92,True,6,1.24350905418396,-10.731002807617188
Base,92,True,7,1.8643701076507568,-10.358648300170898
Base,92,True,8,1.881245493888855,-10.311003684997559
Base,92,True,9,1.8518316745758057,-9.998067855834961
Base,92,True,10,2.233792304992676,-9.875007629394531
Base,92,True,11,2.2689857482910156,-9.898853302001953
Base,92,True,12,2.8007099628448486,-9.814240455627441
Base,92,True,13,3.4495954513549805,-9.396438598632812
Base,92,True,14,3.357663631439209,-9.056519508361816
Base,92,True,15,3.3069372177124023,-9.354462623596191
Base,92,True,16,4.132800102233887,-8.358245849609375
Base,92,True,17,3.9835782051086426,-7.407756805419922
Base,92,True,18,5.188582897186279,-6.564494609832764
Base,92,True,19,6.586829662322998,-5.5882568359375
Base,92,True,20,7.030181884765625,-5.106957912445068
Base,92,True,21,7.957911014556885,-2.149881601333618
Base,92,True,22,9.788537979125977,2.463186264038086
Base,92,True,23,10.913420677185059,7.893922328948975
Base,92,True,24,12.022671699523926,14.759185791015625
Base,92,True,25,12.964076042175293,23.508880615234375
Base,92,True,26,14.68716049194336,34.644744873046875
Base,92,True,27,13.476215362548828,41.21318817138672
Base,92,True,28,8.447463989257812,19.36817741394043
Base,93,False,0,0.40617936849594116,-11.186832427978516
Base,93,False,1,-0.7302268743515015,-11.426201820373535
Base,93,False,2,-0.8798542618751526,-11.136040687561035
Base,93,False,3,-1.651401400566101,-10.915107727050781
Base,93,False,4,-2.1382455825805664,-10.68398666381836
Base,93,False,5,-3.0468215942382812,-10.51338005065918
Base,93,False,6,-3.0881035327911377,-10.337433815002441
Base,93,False,7,-3.1562247276306152,-9.995830535888672
Base,93,False,8,-3.4500763416290283,-9.967039108276367
Base,93,False,9,-3.1887426376342773,-10.429950714111328
Base,93,False,10,-3.368161916732788,-9.882410049438477
Base,93,False,11,-4.11442756652832,-9.59360408782959
Base,93,False,12,-4.679145812988281,-9.221837997436523
Base,93,False,13,-4.464331150054932,-9.341146469116211
Base,93,False,14,-4.169049263000488,-8.63998031616211
Base,93,False,15,-4.214231491088867,-8.751846313476562
Base,93,False,16,-3.865206718444824,-7.8895745277404785
Base,93,False,17,-4.25551700592041,-7.3084821701049805
Base,93,False,18,-6.236776828765869,-7.168179988861084
Base,93,False,19,-6.260564804077148,-5.800056457519531
Base,93,False,20,-7.014665603637695,-3.2238969802856445
Base,93,False,21,-7.6550726890563965,-1.1735068559646606
Base,93,False,22,-10.070602416992188,4.283427715301514
Base,93,False,23,-12.680488586425781,11.664294242858887
Base,93,False,24,-15.959211349487305,19.767284393310547
Base,93,False,25,-17.54794692993164,30.004413604736328
Base,93,False,26,-21.027679443359375,50.64855194091797
Base,93,False,27,-22.944374084472656,57.55940246582031
Base,93,False,28,-10.844636917114258,25.813404083251953
Base,94,False,0,0.4526098370552063,-11.166257858276367
Base,94,False,1,0.2269689440727234,-11.398921966552734
Base,94,False,2,0.6283519268035889,-11.069546699523926
Base,94,False,3,0.7684122323989868,-10.98794174194336
Base,94,False,4,1.6772209405899048,-10.419235229492188
Base,94,False,5,1.806965708732605,-10.440164566040039
Base,94,False,6,1.919250249862671,-10.414497375488281
Base,94,False,7,2.4846010208129883,-10.27311897277832
Base,94,False,8,2.234231948852539,-10.031912803649902
Base,94,False,9,2.131516933441162,-9.788468360900879
Base,94,False,10,2.782576084136963,-10.022687911987305
Base,94,False,11,2.4347705841064453,-9.99282455444336
Base,94,False,12,3.0222244262695312,-9.549196243286133
Base,94,False,13,3.3507866859436035,-9.316974639892578
Base,94,False,14,3.0035181045532227,-9.048685073852539
Base,94,False,15,3.179898500442505,-9.512277603149414
Base,94,False,16,3.8187975883483887,-8.69487190246582
Base,94,False,17,3.7370266914367676,-8.12446403503418
Base,94,False,18,3.5486748218536377,-7.514769554138184
Base,94,False,19,4.696255683898926,-6.176337718963623
Base,94,False,20,5.094057559967041,-5.42908239364624
Base,94,False,21,6.476639270782471,-2.714412212371826
Base,94,False,22,7.842956066131592,2.1112263202667236
Base,94,False,23,9.103652954101562,8.07343864440918
Base,94,False,24,10.342302322387695,14.758626937866211
Base,94,False,25,11.077091217041016,24.167423248291016
Base,94,False,26,13.184664726257324,36.77330780029297
Base,94,False,27,13.171759605407715,44.741939544677734
Base,94,False,28,7.517339706420898,20.54263687133789
Base,95,True,0,0.4570425748825073,-11.156721115112305
Base,95,True,1,0.18473869562149048,-11.431669235229492
Base,95,True,2,0.610470175743103,-11.028940200805664
Base,95,True,3,0.7380498647689819,-10.991508483886719
Base,95,True,4,1.9390296936035156,-10.456047058105469
Base,95,True,5,1.8269798755645752,-10.42935562133789
Base,95,True,6,1.6831496953964233,-10.312460899353027
Base,95,True,7,2.3128838539123535,-10.364927291870117
Base,95,True,8,2.1635591983795166,-10.378182411193848
Base,95,True,9,1.716705560684204,-10.0136137008667
Base,95,True,10,2.080202579498291,-10.00394058227539
Base,95,True,11,1.9360098838806152,-10.002389907836914
Base,95,True,12,2.6385087966918945,-9.400758743286133
Base,95,True,13,2.7813560962677,-9.063264846801758
Base,95,True,14,2.9163479804992676,-8.921977996826172
Base,95,True,15,2.910719156265259,-9.143985748291016
Base,95,True,16,3.7249293327331543,-8.255388259887695
Base,95,True,17,3.8680458068847656,-7.256052017211914
Base,95,True,18,4.970323085784912,-6.382857322692871
Base,95,True,19,6.010768413543701,-4.853878974914551
Base,95,True,20,5.884946823120117,-3.620865821838379
Base,95,True,21,7.091620445251465,-0.10237312316894531
Base,95,True,22,8.147560119628906,5.791066646575928
Base,95,True,23,8.332307815551758,11.977635383605957
Base,95,True,24,9.217525482177734,19.149425506591797
Base,95,True,25,9.272847175598145,29.611148834228516
Base,95,True,26,10.039508819580078,42.14596939086914
Base,95,True,27,10.646869659423828,50.173213958740234
Base,95,True,28,7.8762922286987305,26.218135833740234
Base,96,False,0,0.42162591218948364,-11.165506362915039
Base,96,False,1,-0.6603420376777649,-11.42934799194336
Base,96,False,2,-0.7437756061553955,-10.890335083007812
Base,96,False,3,-1.4135098457336426,-10.912504196166992
Base,96,False,4,-2.0534157752990723,-10.488685607910156
Base,96,False,5,-2.91219425201416,-10.424764633178711
Base,96,False,6,-3.2384660243988037,-10.496642112731934
Base,96,False,7,-3.5768303871154785,-10.175416946411133
Base,96,False,8,-4.248319625854492,-10.262250900268555
Base,96,False,9,-4.908371925354004,-9.4664945602417
Base,96,False,10,-4.33579158782959,-9.898969650268555
Base,96,False,11,-5.315850257873535,-9.438308715820312
Base,96,False,12,-5.8357038497924805,-9.328596115112305
Base,96,False,13,-5.7524261474609375,-9.31713581085205
Base,96,False,14,-5.733039379119873,-8.91745376586914
Base,96,False,15,-5.952436447143555,-9.183244705200195
Base,96,False,16,-6.462672233581543,-8.162688255310059
Base,96,False,17,-7.7284088134765625,-7.7538957595825195
Base,96,False,18,-8.966480255126953,-7.469847679138184
Base,96,False,19,-9.579216003417969,-6.498541831970215
Base,96,False,20,-9.813505172729492,-5.892437934875488
Base,96,False,21,-10.787508964538574,-2.3956685066223145
Base,96,False,22,-15.870509147644043,2.5666325092315674
Base,96,False,23,-19.808454513549805,9.582289695739746
Base,96,False,24,-23.53385353088379,15.087564468383789
Base,96,False,25,-27.313674926757812,24.48418426513672
Base,96,False,26,-29.460739135742188,35.97516632080078
Base,96,False,27,-33.543434143066406,42.26285171508789
Base,96,False,28,-18.91718101501465,19.449810028076172
Base,97,False,0,0.4148961305618286,-11.140954971313477
Base,97,False,1,-0.8161850571632385,-11.47965145111084
Base,97,False,2,-0.7397300004959106,-11.117701530456543
Base,97,False,3,-1.3217519521713257,-10.948184967041016
Base,97,False,4,-1.252150535583496,-10.329948425292969
Base,97,False,5,-1.7269829511642456,-10.223068237304688
Base,97,False,6,-1.2810778617858887,-10.174625396728516
Base,97,False,7,-0.93013596534729,-10.228753089904785
Base,97,False,8,-1.1586122512817383,-9.952547073364258
Base,97,False,9,-1.5398948192596436,-9.663252830505371
Base,97,False,10,-1.3862497806549072,-9.627973556518555
Base,97,False,11,-1.805482029914856,-9.240854263305664
Base,97,False,12,-1.5097352266311646,-8.712489128112793
Base,97,False,13,-1.3103818893432617,-8.342428207397461
Base,97,False,14,-1.614437460899353,-8.200462341308594
Base,97,False,15,-1.6981573104858398,-8.533967971801758
Base,97,False,16,-1.689276099205017,-7.571613788604736
Base,97,False,17,-2.0034775733947754,-6.684182167053223
Base,97,False,18,-2.6336944103240967,-5.941113471984863
Base,97,False,19,-2.593881607055664,-4.185754299163818
Base,97,False,20,-2.8731284141540527,-2.930880069732666
Base,97,False,21,-3.0095205307006836,-0.11993122100830078
Base,97,False,22,-3.698641300201416,5.832345962524414
Base,97,False,23,-4.031065464019775,12.769538879394531
Base,97,False,24,-5.061257362365723,21.01380729675293
Base,97,False,25,-6.527673721313477,33.123416900634766
Base,97,False,26,-7.942746639251709,48.31655502319336
Base,97,False,27,-10.29468059539795,57.36827850341797
Base,97,False,28,-6.374904632568359,27.36745834350586
Base,98,False,0,0.43784940242767334,-11.171769142150879
Base,98,False,1,-0.1698017418384552,-11.375907897949219
Base,98,False,2,0.09580498933792114,-10.754576683044434
Base,98,False,3,0.08828768134117126,-11.071270942687988
Base,98,False,4,0.9049416780471802,-10.406106948852539
Base,98,False,5,0.622600257396698,-10.512788772583008
Base,98,False,6,0.8804998993873596,-10.370128631591797
Base,98,False,7,1.287409782409668,-10.27790641784668
Base,98,False,8,1.0553292036056519,-10.249353408813477
Base,98,False,9,0.7113895416259766,-10.253968238830566
Base,98,False,10,1.1816941499710083,-9.924432754516602
Base,98,False,11,1.0504530668258667,-9.78027057647705
Base,98,False,12,1.3431580066680908,-9.274169921875
Base,98,False,13,1.3290239572525024,-8.840494155883789
Base,98,False,14,1.6266911029815674,-8.817278861999512
Base,98,False,15,1.3867566585540771,-8.972183227539062
Base,98,False,16,2.462686061859131,-8.367016792297363
Base,98,False,17,2.3285157680511475,-7.320929050445557
Base,98,False,18,3.6132888793945312,-7.031953811645508
Base,98,False,19,4.392210960388184,-5.410224914550781
Base,98,False,20,4.090518951416016,-4.773770809173584
Base,98,False,21,4.61423397064209,-1.0069514513015747
Base,98,False,22,4.960326194763184,3.5878474712371826
Base,98,False,23,4.544460296630859,9.049135208129883
Base,98,False,24,5.115628242492676,14.726400375366211
Base,98,False,25,5.37713098526001,24.322345733642578
Base,98,False,26,7.123907566070557,36.546775817871094
Base,98,False,27,7.167804718017578,43.68177795410156
Base,98,False,28,5.454704761505127,22.887126922607422
Base,99,False,0,0.4131993055343628,-11.143606185913086
Base,99,False,1,-0.8777040839195251,-11.449071884155273
Base,99,False,2,-0.8854753971099854,-11.082115173339844
Base,99,False,3,-1.5330089330673218,-10.888463973999023
Base,99,False,4,-1.4954004287719727,-10.313577651977539
Base,99,False,5,-2.0716657638549805,-10.283605575561523
Base,99,False,6,-1.723085880279541,-10.222963333129883
Base,99,False,7,-1.670538306236267,-10.16482162475586
Base,99,False,8,-1.974547266960144,-9.862998962402344
Base,99,False,9,-2.3050575256347656,-9.681391716003418
Base,99,False,10,-2.025416374206543,-9.515823364257812
Base,99,False,11,-2.5733375549316406,-9.081707954406738
Base,99,False,12,-2.6189005374908447,-8.597159385681152
Base,99,False,13,-2.4723939895629883,-8.253279685974121
Base,99,False,14,-2.588289737701416,-8.038901329040527
Base,99,False,15,-2.7649219036102295,-8.353787422180176
Base,99,False,16,-2.804080009460449,-7.531656265258789
Base,99,False,17,-3.360258102416992,-6.749684810638428
Base,99,False,18,-3.8013131618499756,-6.220351219177246
Base,99,False,19,-3.7558209896087646,-4.776078224182129
Base,99,False,20,-4.385009288787842,-3.6244637966156006
Base,99,False,21,-4.956770420074463,-0.9654300212860107
Base,99,False,22,-6.337183952331543,4.943015098571777
Base,99,False,23,-7.226618766784668,12.017439842224121
Base,99,False,24,-8.643434524536133,19.757469177246094
Base,99,False,25,-11.547832489013672,31.631498336791992
Base,99,False,26,-13.726563453674316,46.251949310302734
Base,99,False,27,-16.545562744140625,54.408546447753906
Base,99,False,28,-10.585782051086426,26.47172737121582
Instruct,0,False,0,-6.086380958557129,-11.563325881958008
Instruct,0,False,1,-6.747673511505127,-11.476424217224121
Instruct,0,False,2,-6.671011924743652,-11.190022468566895
Instruct,0,False,3,-6.629891395568848,-11.096901893615723
Instruct,0,False,4,-6.279667854309082,-10.263648986816406
Instruct,0,False,5,-6.095145225524902,-10.215702056884766
Instruct,0,False,6,-6.43088436126709,-10.40261459350586
Instruct,0,False,7,-5.810744285583496,-10.012511253356934
Instruct,0,False,8,-5.9166951179504395,-10.006736755371094
Instruct,0,False,9,-5.706530570983887,-9.98143482208252
Instruct,0,False,10,-5.618500709533691,-9.392306327819824
Instruct,0,False,11,-5.513077735900879,-9.447599411010742
Instruct,0,False,12,-5.680880069732666,-8.540471076965332
Instruct,0,False,13,-5.33846378326416,-8.199418067932129
Instruct,0,False,14,-5.203836441040039,-8.208675384521484
Instruct,0,False,15,-5.174243450164795,-8.41148567199707
Instruct,0,False,16,-4.3539814949035645,-7.525595664978027
Instruct,0,False,17,-3.8535449504852295,-6.47474479675293
Instruct,0,False,18,-3.124335765838623,-6.421928405761719
Instruct,0,False,19,-2.6117067337036133,-4.677590370178223
Instruct,0,False,20,-2.240039587020874,-3.4361348152160645
Instruct,0,False,21,-1.4143983125686646,0.6759477853775024
Instruct,0,False,22,-1.8456368446350098,7.92690372467041
Instruct,0,False,23,-2.9865870475769043,15.906000137329102
Instruct,0,False,24,-5.134204864501953,23.99329948425293
Instruct,0,False,25,-7.120924949645996,36.569793701171875
Instruct,0,False,26,-8.307296752929688,50.61781692504883
Instruct,0,False,27,-10.413581848144531,60.491668701171875
Instruct,0,False,28,-10.112353324890137,27.78370475769043
Instruct,1,True,0,-6.022802352905273,-11.544262886047363
Instruct,1,True,1,-5.385601997375488,-11.72707748413086
Instruct,1,True,2,-4.903449535369873,-11.460790634155273
Instruct,1,True,3,-3.9151735305786133,-11.686433792114258
Instruct,1,True,4,-3.2878565788269043,-11.502179145812988
Instruct,1,True,5,-2.4661598205566406,-11.456854820251465
Instruct,1,True,6,-2.9200048446655273,-11.635796546936035
Instruct,1,True,7,-1.757359266281128,-11.229186058044434
Instruct,1,True,8,-1.0065512657165527,-11.48513126373291
Instruct,1,True,9,-0.8940081000328064,-11.236294746398926
Instruct,1,True,10,-0.2728663682937622,-11.002908706665039
Instruct,1,True,11,0.8274105191230774,-11.333440780639648
Instruct,1,True,12,1.3533861637115479,-10.622404098510742
Instruct,1,True,13,1.6266374588012695,-10.295745849609375
Instruct,1,True,14,2.000717878341675,-10.303853988647461
Instruct,1,True,15,1.863916277885437,-10.447508811950684
Instruct,1,True,16,2.9817428588867188,-9.933014869689941
Instruct,1,True,17,4.267304420471191,-9.296196937561035
Instruct,1,True,18,5.9290361404418945,-7.855179309844971
Instruct,1,True,19,7.979694366455078,-6.026200294494629
Instruct,1,True,20,9.014036178588867,-4.719548225402832
Instruct,1,True,21,11.784924507141113,-1.214632272720337
Instruct,1,True,22,13.0299711227417,5.70692253112793
Instruct,1,True,23,14.929651260375977,12.54680347442627
Instruct,1,True,24,16.761627197265625,19.515522003173828
Instruct,1,True,25,20.884645462036133,31.296531677246094
Instruct,1,True,26,23.24030113220215,43.84729766845703
Instruct,1,True,27,24.211715698242188,50.16481018066406
Instruct,1,True,28,8.933104515075684,22.78369140625
Instruct,2,True,0,-6.064582824707031,-11.51899528503418
Instruct,2,True,1,-6.0240254402160645,-11.428670883178711
Instruct,2,True,2,-5.603052139282227,-11.111292839050293
Instruct,2,True,3,-4.791419506072998,-11.375255584716797
Instruct,2,True,4,-4.542174339294434,-10.983919143676758
Instruct,2,True,5,-3.8765690326690674,-11.098079681396484
Instruct,2,True,6,-4.201621055603027,-11.080504417419434
Instruct,2,True,7,-3.32212495803833,-10.423954010009766
Instruct,2,True,8,-2.9953432083129883,-10.440985679626465
Instruct,2,True,9,-2.916468620300293,-10.181787490844727
Instruct,2,True,10,-2.99847149848938,-9.808206558227539
Instruct,2,True,11,-2.1734468936920166,-10.326522827148438
Instruct,2,True,12,-1.8038438558578491,-9.690309524536133
Instruct,2,True,13,-1.5960613489151,-9.457448959350586
Instruct,2,True,14,-1.1885629892349243,-9.536667823791504
Instruct,2,True,15,-1.5141878128051758,-9.463574409484863
Instruct,2,True,16,-0.8420719504356384,-8.8050537109375
Instruct,2,True,17,-0.36607158184051514,-7.974760055541992
Instruct,2,True,18,0.9367296695709229,-6.981645107269287
Instruct,2,True,19,2.2361512184143066,-5.410244941711426
Instruct,2,True,20,2.223855495452881,-4.298387050628662
Instruct,2,True,21,4.16748046875,0.5484127402305603
Instruct,2,True,22,4.710910797119141,7.125162124633789
Instruct,2,True,23,4.556939125061035,15.629676818847656
Instruct,2,True,24,4.623602390289307,24.726272583007812
Instruct,2,True,25,5.896243572235107,38.20530700683594
Instruct,2,True,26,8.106779098510742,52.05243682861328
Instruct,2,True,27,7.715721130371094,59.05262756347656
Instruct,2,True,28,0.07005682587623596,29.57817840576172
Instruct,3,True,0,-6.028570652008057,-11.541885375976562
Instruct,3,True,1,-5.3025617599487305,-11.80693244934082
Instruct,3,True,2,-4.774718284606934,-11.372641563415527
Instruct,3,True,3,-3.5409462451934814,-11.67680549621582
Instruct,3,True,4,-3.111192464828491,-11.255560874938965
Instruct,3,True,5,-2.4542486667633057,-11.528457641601562
Instruct,3,True,6,-2.571802854537964,-11.306921005249023
Instruct,3,True,7,-1.7146966457366943,-11.486482620239258
Instruct,3,True,8,-0.86170494556427,-11.3827486038208
Instruct,3,True,9,-0.9853771328926086,-11.072723388671875
Instruct,3,True,10,-0.6156136989593506,-10.717018127441406
Instruct,3,True,11,0.21450191736221313,-10.819600105285645
Instruct,3,True,12,0.3821977972984314,-9.860795974731445
Instruct,3,True,13,0.9325989484786987,-10.155324935913086
Instruct,3,True,14,1.3916903734207153,-9.974302291870117
Instruct,3,True,15,1.5286006927490234,-10.131786346435547
Instruct,3,True,16,2.4430551528930664,-9.010025024414062
Instruct,3,True,17,3.0610713958740234,-8.024494171142578
Instruct,3,True,18,4.017598628997803,-7.2519073486328125
Instruct,3,True,19,5.564499378204346,-5.856734752655029
Instruct,3,True,20,6.304887771606445,-4.345058441162109
Instruct,3,True,21,8.43198013305664,-0.8611515760421753
Instruct,3,True,22,9.001060485839844,7.268453598022461
Instruct,3,True,23,9.255451202392578,16.59349822998047
Instruct,3,True,24,11.12173843383789,25.885160446166992
Instruct,3,True,25,11.29444408416748,40.19701385498047
Instruct,3,True,26,12.549683570861816,53.42071533203125
Instruct,3,True,27,10.07693099975586,60.12668991088867
Instruct,3,True,28,0.02915424108505249,25.1864070892334
Instruct,4,False,0,-6.053426742553711,-11.547727584838867
Instruct,4,False,1,-6.053126335144043,-11.75589370727539
Instruct,4,False,2,-5.658037185668945,-11.180295944213867
Instruct,4,False,3,-4.878016471862793,-11.293905258178711
Instruct,4,False,4,-4.53538179397583,-10.773017883300781
Instruct,4,False,5,-4.0571136474609375,-10.659540176391602
Instruct,4,False,6,-4.233066558837891,-10.73516845703125
Instruct,4,False,7,-3.342860698699951,-10.621383666992188
Instruct,4,False,8,-2.7929844856262207,-10.596539497375488
Instruct,4,False,9,-2.878286361694336,-10.500794410705566
Instruct,4,False,10,-2.707852840423584,-9.983086585998535
Instruct,4,False,11,-2.6908154487609863,-10.132146835327148
Instruct,4,False,12,-2.8472352027893066,-9.25960922241211
Instruct,4,False,13,-2.5891566276550293,-9.063434600830078
Instruct,4,False,14,-2.4987614154815674,-8.951126098632812
Instruct,4,False,15,-2.4704537391662598,-9.176389694213867
Instruct,4,False,16,-1.9019476175308228,-8.222757339477539
Instruct,4,False,17,-1.9683659076690674,-7.136107444763184
Instruct,4,False,18,-1.2038893699645996,-6.5728631019592285
Instruct,4,False,19,-0.20160207152366638,-4.894035339355469
Instruct,4,False,20,0.20991840958595276,-3.7578365802764893
Instruct,4,False,21,1.7516798973083496,0.1487421691417694
Instruct,4,False,22,1.4907017946243286,7.9497480392456055
Instruct,4,False,23,0.9092575311660767,15.765533447265625
Instruct,4,False,24,1.18184494972229,23.92728614807129
Instruct,4,False,25,0.6199201345443726,38.259212493896484
Instruct,4,False,26,0.41554316878318787,52.02253723144531
Instruct,4,False,27,-1.2777369022369385,58.47317886352539
Instruct,4,False,28,-4.460264682769775,24.411476135253906
Instruct,5,True,0,-6.041599273681641,-11.54730224609375
Instruct,5,True,1,-5.449405193328857,-11.643566131591797
Instruct,5,True,2,-5.022853374481201,-11.233133316040039
Instruct,5,True,3,-4.1374664306640625,-11.654726028442383
Instruct,5,True,4,-3.594111919403076,-11.08736801147461
Instruct,5,True,5,-3.0247395038604736,-11.015292167663574
Instruct,5,True,6,-3.241305351257324,-11.15825366973877
Instruct,5,True,7,-2.548628330230713,-10.938047409057617
Instruct,5,True,8,-1.9072396755218506,-10.890243530273438
Instruct,5,True,9,-1.8195314407348633,-10.656156539916992
Instruct,5,True,10,-1.5526039600372314,-10.286813735961914
Instruct,5,True,11,-1.0284959077835083,-10.562532424926758
Instruct,5,True,12,-0.7864022254943848,-9.95193099975586
Instruct,5,True,13,-0.6535412073135376,-9.736458778381348
Instruct,5,True,14,-0.5738822817802429,-9.737218856811523
Instruct,5,True,15,-0.5391753911972046,-9.750277519226074
Instruct,5,True,16,0.07445335388183594,-8.87924861907959
Instruct,5,True,17,0.575930655002594,-8.453286170959473
Instruct,5,True,18,1.618652105331421,-7.186591148376465
Instruct,5,True,19,2.9127357006073,-5.530547142028809
Instruct,5,True,20,3.268329620361328,-4.113093852996826
Instruct,5,True,21,5.242860794067383,-0.2489180862903595
Instruct,5,True,22,5.94757080078125,6.9478440284729
Instruct,5,True,23,6.4041290283203125,15.308282852172852
Instruct,5,True,24,6.6010050773620605,24.075206756591797
Instruct,5,True,25,7.758845806121826,37.292449951171875
Instruct,5,True,26,10.143104553222656,50.1512451171875
Instruct,5,True,27,8.528072357177734,58.2011833190918
Instruct,5,True,28,-0.27003586292266846,25.269094467163086
Instruct,6,True,0,-6.062551498413086,-11.547783851623535
Instruct,6,True,1,-5.674551010131836,-11.923772811889648
Instruct,6,True,2,-5.193840026855469,-11.721385955810547
Instruct,6,True,3,-4.271123886108398,-11.757835388183594
Instruct,6,True,4,-3.405486583709717,-11.140084266662598
Instruct,6,True,5,-2.648664712905884,-11.200542449951172
Instruct,6,True,6,-2.9744300842285156,-11.303240776062012
Instruct,6,True,7,-1.767002820968628,-11.169541358947754
Instruct,6,True,8,-1.1155128479003906,-11.17129898071289
Instruct,6,True,9,-1.0468276739120483,-11.2354154586792
Instruct,6,True,10,-0.3474266529083252,-11.365090370178223
Instruct,6,True,11,0.4826388657093048,-11.254981994628906
Instruct,6,True,12,1.1634939908981323,-10.501083374023438
Instruct,6,True,13,1.347226858139038,-10.42024040222168
Instruct,6,True,14,1.7108550071716309,-10.314737319946289
Instruct,6,True,15,1.9282704591751099,-10.496928215026855
Instruct,6,True,16,3.2880828380584717,-9.540973663330078
Instruct,6,True,17,4.249528408050537,-9.230777740478516
Instruct,6,True,18,5.1199235916137695,-8.160935401916504
Instruct,6,True,19,6.20163106918335,-6.512450218200684
Instruct,6,True,20,7.151711940765381,-5.66237211227417
Instruct,6,True,21,10.728336334228516,-3.070802927017212
Instruct,6,True,22,11.765667915344238,4.1342973709106445
Instruct,6,True,23,14.096640586853027,11.611974716186523
Instruct,6,True,24,16.711084365844727,19.801109313964844
Instruct,6,True,25,18.959030151367188,29.86236572265625
Instruct,6,True,26,19.12421989440918,43.12181091308594
Instruct,6,True,27,18.80636978149414,52.23712921142578
Instruct,6,True,28,6.722400188446045,22.04166030883789
Instruct,7,False,0,-6.041405200958252,-11.527833938598633
Instruct,7,False,1,-5.773273468017578,-11.730502128601074
Instruct,7,False,2,-5.470293045043945,-11.296042442321777
Instruct,7,False,3,-4.5386810302734375,-11.66781997680664
Instruct,7,False,4,-4.316332817077637,-11.114374160766602
Instruct,7,False,5,-3.8684349060058594,-11.257349014282227
Instruct,7,False,6,-4.081661224365234,-10.949480056762695
Instruct,7,False,7,-3.181857109069824,-11.009913444519043
Instruct,7,False,8,-2.5602774620056152,-11.071956634521484
Instruct,7,False,9,-2.79296612739563,-10.876060485839844
Instruct,7,False,10,-2.839627742767334,-10.3829345703125
Instruct,7,False,11,-2.716972589492798,-10.423517227172852
Instruct,7,False,12,-3.019946575164795,-9.64265251159668
Instruct,7,False,13,-3.0238213539123535,-9.415618896484375
Instruct,7,False,14,-2.7677998542785645,-9.279415130615234
Instruct,7,False,15,-2.87017822265625,-9.31130599975586
Instruct,7,False,16,-2.6058735847473145,-8.461338996887207
Instruct,7,False,17,-2.464224338531494,-7.493295192718506
Instruct,7,False,18,-1.6998581886291504,-6.735257148742676
Instruct,7,False,19,-0.5061116218566895,-5.552820205688477
Instruct,7,False,20,-0.3839070498943329,-4.376223564147949
Instruct,7,False,21,-0.07597893476486206,0.4580448865890503
Instruct,7,False,22,-0.15194177627563477,6.487029552459717
Instruct,7,False,23,-0.5343590378761292,15.027719497680664
Instruct,7,False,24,-0.08540794253349304,23.33856773376465
Instruct,7,False,25,-0.2784574627876282,36.31380844116211
Instruct,7,False,26,0.07633137702941895,51.18394470214844
Instruct,7,False,27,-1.5738039016723633,57.978233337402344
Instruct,7,False,28,-5.375650882720947,24.970020294189453
Instruct,8,False,0,-6.065732479095459,-11.551076889038086
Instruct,8,False,1,-6.654048919677734,-11.46024227142334
Instruct,8,False,2,-6.520991325378418,-11.122236251831055
Instruct,8,False,3,-6.209408760070801,-11.226410865783691
Instruct,8,False,4,-6.171329021453857,-10.73472785949707
Instruct,8,False,5,-6.280764102935791,-10.745077133178711
Instruct,8,False,6,-6.467451095581055,-10.734720230102539
Instruct,8,False,7,-6.122746467590332,-10.437192916870117
Instruct,8,False,8,-5.610023498535156,-10.49342155456543
Instruct,8,False,9,-5.67625617980957,-10.354608535766602
Instruct,8,False,10,-5.5545454025268555,-9.812370300292969
Instruct,8,False,11,-5.310243606567383,-10.296964645385742
Instruct,8,False,12,-5.4341559410095215,-9.397468566894531
Instruct,8,False,13,-5.235067367553711,-8.958052635192871
Instruct,8,False,14,-5.3104143142700195,-9.000259399414062
Instruct,8,False,15,-5.135219573974609,-8.962629318237305
Instruct,8,False,16,-5.037314414978027,-8.143227577209473
Instruct,8,False,17,-4.864667892456055,-7.345041275024414
Instruct,8,False,18,-4.048687934875488,-6.756962776184082
Instruct,8,False,19,-3.251344680786133,-5.387163162231445
Instruct,8,False,20,-3.402315378189087,-4.547539710998535
Instruct,8,False,21,-4.316267490386963,0.10054963827133179
Instruct,8,False,22,-5.587982177734375,6.868741989135742
Instruct,8,False,23,-7.021771430969238,14.16220474243164
Instruct,8,False,24,-8.97045612335205,21.9190616607666
Instruct,8,False,25,-11.891347885131836,33.66770935058594
Instruct,8,False,26,-12.722562789916992,46.201114654541016
Instruct,8,False,27,-15.222643852233887,54.62549591064453
Instruct,8,False,28,-13.39272689819336,26.405948638916016
Instruct,9,True,0,-6.07904577255249,-11.553607940673828
Instruct,9,True,1,-6.175042152404785,-11.426496505737305
Instruct,9,True,2,-5.868289947509766,-11.195825576782227
Instruct,9,True,3,-5.500855445861816,-11.311223030090332
Instruct,9,True,4,-5.205109119415283,-10.658563613891602
Instruct,9,True,5,-4.503371238708496,-10.658012390136719
Instruct,9,True,6,-4.765295505523682,-10.763954162597656
Instruct,9,True,7,-3.8001794815063477,-10.516263961791992
Instruct,9,True,8,-3.561920404434204,-10.617997169494629
Instruct,9,True,9,-3.4729976654052734,-10.346465110778809
Instruct,9,True,10,-3.444253921508789,-9.711645126342773
Instruct,9,True,11,-2.7407171726226807,-9.946496963500977
Instruct,9,True,12,-2.654125690460205,-9.051166534423828
Instruct,9,True,13,-2.155148506164551,-8.919319152832031
Instruct,9,True,14,-1.9586870670318604,-9.0880126953125
Instruct,9,True,15,-1.9054780006408691,-9.09739875793457
Instruct,9,True,16,-1.496305227279663,-8.182952880859375
Instruct,9,True,17,-0.7941842675209045,-7.785497665405273
Instruct,9,True,18,-0.3889552652835846,-6.538414001464844
Instruct,9,True,19,0.7821021676063538,-5.067826271057129
Instruct,9,True,20,0.866750955581665,-3.983522653579712
Instruct,9,True,21,1.9098995923995972,0.49129587411880493
Instruct,9,True,22,0.575410783290863,7.591192245483398
Instruct,9,True,23,-0.2760342061519623,15.748894691467285
Instruct,9,True,24,-0.8472520112991333,24.595273971557617
Instruct,9,True,25,-0.9517372250556946,35.76587677001953
Instruct,9,True,26,-1.8228861093521118,47.320343017578125
Instruct,9,True,27,-3.5588912963867188,55.81144714355469
Instruct,9,True,28,-5.770986557006836,28.57680892944336
Instruct,10,True,0,-6.056460380554199,-11.546065330505371
Instruct,10,True,1,-6.150341033935547,-11.659029006958008
Instruct,10,True,2,-5.790509223937988,-11.357807159423828
Instruct,10,True,3,-5.102837562561035,-11.549511909484863
Instruct,10,True,4,-4.641796112060547,-11.036653518676758
Instruct,10,True,5,-4.308269500732422,-10.937549591064453
Instruct,10,True,6,-4.6471333503723145,-11.02877140045166
Instruct,10,True,7,-3.79805588722229,-10.853738784790039
Instruct,10,True,8,-3.0235371589660645,-11.012065887451172
Instruct,10,True,9,-2.848287582397461,-10.960331916809082
Instruct,10,True,10,-2.645073890686035,-10.75281047821045
Instruct,10,True,11,-2.015812635421753,-10.794631958007812
Instruct,10,True,12,-1.5068968534469604,-10.25979995727539
Instruct,10,True,13,-1.5150774717330933,-9.99798583984375
Instruct,10,True,14,-1.0244998931884766,-9.749807357788086
Instruct,10,True,15,-0.9929234385490417,-9.95591926574707
Instruct,10,True,16,-0.2262326180934906,-9.033763885498047
Instruct,10,True,17,0.48834028840065,-8.597660064697266
Instruct,10,True,18,2.0785694122314453,-7.1738433837890625
Instruct,10,True,19,3.632568597793579,-5.586056709289551
Instruct,10,True,20,4.094471454620361,-4.6352386474609375
Instruct,10,True,21,5.732810020446777,-0.4477371871471405
Instruct,10,True,22,6.64957332611084,6.495143890380859
Instruct,10,True,23,7.538412094116211,14.747650146484375
Instruct,10,True,24,8.408970832824707,23.077281951904297
Instruct,10,True,25,10.807836532592773,33.788673400878906
Instruct,10,True,26,13.558284759521484,48.46696472167969
Instruct,10,True,27,13.960271835327148,55.725486755371094
Instruct,10,True,28,3.6742630004882812,25.53654670715332
Instruct,11,False,0,-6.049933910369873,-11.536134719848633
Instruct,11,False,1,-5.905380725860596,-11.591472625732422
Instruct,11,False,2,-5.499554634094238,-11.32414722442627
Instruct,11,False,3,-4.652118682861328,-11.473062515258789
Instruct,11,False,4,-4.041882514953613,-10.912553787231445
Instruct,11,False,5,-3.6180014610290527,-11.054710388183594
Instruct,11,False,6,-3.8998286724090576,-11.186613082885742
Instruct,11,False,7,-3.2909343242645264,-10.684663772583008
Instruct,11,False,8,-2.7674341201782227,-10.415371894836426
Instruct,11,False,9,-2.578063488006592,-10.464960098266602
Instruct,11,False,10,-2.4015135765075684,-9.989799499511719
Instruct,11,False,11,-1.6532578468322754,-10.135184288024902
Instruct,11,False,12,-1.37223482131958,-9.612882614135742
Instruct,11,False,13,-0.8569722175598145,-9.50196361541748
Instruct,11,False,14,-0.528949499130249,-9.661115646362305
Instruct,11,False,15,-0.5455611944198608,-9.582584381103516
Instruct,11,False,16,0.2114853858947754,-8.741769790649414
Instruct,11,False,17,0.777930498123169,-7.934380531311035
Instruct,11,False,18,1.9792308807373047,-6.679154396057129
Instruct,11,False,19,3.2934415340423584,-5.505298614501953
Instruct,11,False,20,4.0839643478393555,-4.1468305587768555
Instruct,11,False,21,6.615633010864258,0.11577358841896057
Instruct,11,False,22,7.472867012023926,7.165148735046387
Instruct,11,False,23,7.885994911193848,15.607357025146484
Instruct,11,False,24,7.318315505981445,24.575702667236328
Instruct,11,False,25,8.7232666015625,36.89716339111328
Instruct,11,False,26,9.292839050292969,49.232112884521484
Instruct,11,False,27,8.780077934265137,57.83969497680664
Instruct,11,False,28,0.1738327443599701,25.79681396484375
Instruct,12,True,0,-6.050701141357422,-11.543256759643555
Instruct,12,True,1,-5.950673580169678,-11.557140350341797
Instruct,12,True,2,-5.555991172790527,-11.19615364074707
Instruct,12,True,3,-4.990353584289551,-11.22459888458252
Instruct,12,True,4,-4.722607612609863,-10.631237030029297
Instruct,12,True,5,-4.449930191040039,-10.757737159729004
Instruct,12,True,6,-4.472886562347412,-10.960188865661621
Instruct,12,True,7,-3.6431069374084473,-10.44857406616211
Instruct,12,True,8,-3.556917667388916,-10.37983512878418
Instruct,12,True,9,-3.320725917816162,-10.185791969299316
Instruct,12,True,10,-3.523268699645996,-9.513326644897461
Instruct,12,True,11,-2.8781189918518066,-9.504829406738281
Instruct,12,True,12,-2.992288827896118,-8.803394317626953
Instruct,12,True,13,-2.7079691886901855,-8.662718772888184
Instruct,12,True,14,-2.226095676422119,-8.779203414916992
Instruct,12,True,15,-2.26090669631958,-8.87044906616211
Instruct,12,True,16,-1.8743886947631836,-8.019088745117188
Instruct,12,True,17,-1.6310021877288818,-7.21881628036499
Instruct,12,True,18,-0.4300355315208435,-6.302393913269043
Instruct,12,True,19,0.3104022145271301,-4.872008323669434
Instruct,12,True,20,0.305315762758255,-3.8473024368286133
Instruct,12,True,21,2.148792266845703,1.046592354774475
Instruct,12,True,22,1.6199240684509277,7.144098281860352
Instruct,12,True,23,1.0473077297210693,15.570402145385742
Instruct,12,True,24,1.091964602470398,23.5914363861084
Instruct,12,True,25,1.612540364265442,36.66696548461914
Instruct,12,True,26,3.667072296142578,50.70595932006836
Instruct,12,True,27,2.428882598876953,57.2913818359375
Instruct,12,True,28,-3.110933780670166,28.789623260498047
Instruct,13,True,0,-6.04534912109375,-11.522773742675781
Instruct,13,True,1,-5.596397876739502,-11.683483123779297
Instruct,13,True,2,-5.2095184326171875,-11.3409423828125
Instruct,13,True,3,-4.152707576751709,-11.645561218261719
Instruct,13,True,4,-3.730794906616211,-11.176860809326172
Instruct,13,True,5,-3.1143746376037598,-11.305322647094727
Instruct,13,True,6,-3.3590755462646484,-11.49516773223877
Instruct,13,True,7,-2.0961203575134277,-11.537487983703613
Instruct,13,True,8,-1.7811437845230103,-11.622442245483398
Instruct,13,True,9,-1.9060906171798706,-11.393871307373047
Instruct,13,True,10,-1.6410636901855469,-10.96192741394043
Instruct,13,True,11,-1.0400428771972656,-11.029132843017578
Instruct,13,True,12,-0.9150464534759521,-10.435627937316895
Instruct,13,True,13,-0.7122349739074707,-10.06726360321045
Instruct,13,True,14,-0.3197087049484253,-9.931487083435059
Instruct,13,True,15,-0.48898032307624817,-9.989291191101074
Instruct,13,True,16,-0.24449612200260162,-9.392086029052734
Instruct,13,True,17,0.9346042275428772,-8.853811264038086
Instruct,13,True,18,2.372281551361084,-7.916884899139404
Instruct,13,True,19,3.912338972091675,-6.408337116241455
Instruct,13,True,20,4.254810810089111,-5.5613484382629395
Instruct,13,True,21,6.1222991943359375,-1.7732973098754883
Instruct,13,True,22,6.864128112792969,3.8781380653381348
Instruct,13,True,23,8.33687973022461,11.367345809936523
Instruct,13,True,24,9.979415893554688,18.90665054321289
Instruct,13,True,25,11.892868041992188,31.06041145324707
Instruct,13,True,26,13.796728134155273,43.55982208251953
Instruct,13,True,27,13.524478912353516,50.758216857910156
Instruct,13,True,28,2.836106061935425,22.15000343322754
Instruct,14,True,0,-6.0529022216796875,-11.540536880493164
Instruct,14,True,1,-6.154544830322266,-11.683401107788086
Instruct,14,True,2,-5.679353713989258,-11.415548324584961
Instruct,14,True,3,-5.033102035522461,-11.530471801757812
Instruct,14,True,4,-4.618284225463867,-11.195432662963867
Instruct,14,True,5,-4.226178169250488,-10.8696870803833
Instruct,14,True,6,-4.373613357543945,-10.951810836791992
Instruct,14,True,7,-3.6397545337677,-11.109758377075195
Instruct,14,True,8,-2.864042282104492,-11.404400825500488
Instruct,14,True,9,-2.8468055725097656,-11.097375869750977
Instruct,14,True,10,-2.6143407821655273,-10.674469947814941
Instruct,14,True,11,-2.0481269359588623,-10.879150390625
Instruct,14,True,12,-1.8052445650100708,-10.399707794189453
Instruct,14,True,13,-1.6598303318023682,-9.931873321533203
Instruct,14,True,14,-1.1428881883621216,-9.795465469360352
Instruct,14,True,15,-0.9324350357055664,-9.84950065612793
Instruct,14,True,16,-0.038359880447387695,-9.157483100891113
Instruct,14,True,17,0.911628246307373,-8.679570198059082
Instruct,14,True,18,2.604999542236328,-7.534682750701904
Instruct,14,True,19,3.8837099075317383,-6.122701644897461
Instruct,14,True,20,4.111529350280762,-4.842560768127441
Instruct,14,True,21,5.840270042419434,-0.9689502716064453
Instruct,14,True,22,6.095696449279785,5.6479034423828125
Instruct,14,True,23,7.004347801208496,12.849639892578125
Instruct,14,True,24,8.031645774841309,21.22975730895996
Instruct,14,True,25,10.492317199707031,32.429283142089844
Instruct,14,True,26,13.372455596923828,46.58601760864258
Instruct,14,True,27,13.840749740600586,53.597625732421875
Instruct,14,True,28,3.4787116050720215,24.455169677734375
Instruct,15,False,0,-6.061395645141602,-11.54316520690918
Instruct,15,False,1,-6.097458839416504,-11.737527847290039
Instruct,15,False,2,-5.869152069091797,-11.415975570678711
Instruct,15,False,3,-5.234456539154053,-11.462606430053711
Instruct,15,False,4,-4.908822536468506,-10.98729133605957
Instruct,15,False,5,-4.526092529296875,-11.122196197509766
Instruct,15,False,6,-4.968234539031982,-10.952130317687988
Instruct,15,False,7,-4.211966514587402,-10.653999328613281
Instruct,15,False,8,-4.0308051109313965,-10.922456741333008
Instruct,15,False,9,-3.793036460876465,-10.599273681640625
Instruct,15,False,10,-4.029422283172607,-10.165874481201172
Instruct,15,False,11,-3.3035974502563477,-10.140692710876465
Instruct,15,False,12,-3.425185441970825,-9.486376762390137
Instruct,15,False,13,-3.2061541080474854,-9.564562797546387
Instruct,15,False,14,-3.0021023750305176,-9.315433502197266
Instruct,15,False,15,-2.7604150772094727,-9.372945785522461
Instruct,15,False,16,-2.177406072616577,-9.012029647827148
Instruct,15,False,17,-1.8081039190292358,-8.55884838104248
Instruct,15,False,18,-0.8828434944152832,-7.495964050292969
Instruct,15,False,19,0.28631556034088135,-6.317906379699707
Instruct,15,False,20,0.2543516755104065,-5.169519424438477
Instruct,15,False,21,1.3843737840652466,-1.3256511688232422
Instruct,15,False,22,0.5367703437805176,4.513622283935547
Instruct,15,False,23,0.3198123276233673,11.93056869506836
Instruct,15,False,24,0.6116077303886414,20.472856521606445
Instruct,15,False,25,1.30574369430542,34.53102111816406
Instruct,15,False,26,2.302659034729004,48.996337890625
Instruct,15,False,27,0.33125513792037964,56.89292907714844
Instruct,15,False,28,-3.7300844192504883,22.98897933959961
Instruct,16,False,0,-6.068065166473389,-11.55474853515625
Instruct,16,False,1,-6.496939659118652,-11.536199569702148
Instruct,16,False,2,-6.058401584625244,-11.245467185974121
Instruct,16,False,3,-5.669034004211426,-11.266105651855469
Instruct,16,False,4,-5.5348920822143555,-10.946568489074707
Instruct,16,False,5,-5.503772735595703,-11.086336135864258
Instruct,16,False,6,-5.592720031738281,-11.002874374389648
Instruct,16,False,7,-4.912118911743164,-10.445073127746582
Instruct,16,False,8,-4.313736915588379,-10.652242660522461
Instruct,16,False,9,-4.362335681915283,-10.637755393981934
Instruct,16,False,10,-3.7138476371765137,-10.215789794921875
Instruct,16,False,11,-3.1124019622802734,-10.39425277709961
Instruct,16,False,12,-2.975416660308838,-9.755160331726074
Instruct,16,False,13,-2.504042148590088,-9.660099029541016
Instruct,16,False,14,-2.651008129119873,-9.493637084960938
Instruct,16,False,15,-2.588247060775757,-9.351655960083008
Instruct,16,False,16,-2.051623821258545,-8.690698623657227
Instruct,16,False,17,-2.268275737762451,-7.435851097106934
Instruct,16,False,18,-0.5797586441040039,-6.346074104309082
Instruct,16,False,19,0.5977662801742554,-4.731618404388428
Instruct,16,False,20,0.6471865177154541,-3.5014944076538086
Instruct,16,False,21,0.261452317237854,0.5455754995346069
Instruct,16,False,22,-0.31071171164512634,6.90885066986084
Instruct,16,False,23,-1.1928520202636719,13.60737419128418
Instruct,16,False,24,-2.4522290229797363,20.8468017578125
Instruct,16,False,25,-3.964888572692871,31.03401756286621
Instruct,16,False,26,-2.3705363273620605,44.232540130615234
Instruct,16,False,27,-3.9244089126586914,52.20194625854492
Instruct,16,False,28,-6.733670234680176,25.501312255859375
Instruct,17,False,0,-6.051185131072998,-11.545036315917969
Instruct,17,False,1,-5.983138084411621,-11.646951675415039
Instruct,17,False,2,-5.630146503448486,-11.178384780883789
Instruct,17,False,3,-4.840538024902344,-11.352304458618164
Instruct,17,False,4,-4.678956508636475,-10.88412094116211
Instruct,17,False,5,-4.0088419914245605,-10.9841947555542
Instruct,17,False,6,-4.1725077629089355,-10.817293167114258
Instruct,17,False,7,-3.3535451889038086,-10.771446228027344
Instruct,17,False,8,-3.1270461082458496,-10.705254554748535
Instruct,17,False,9,-3.1136388778686523,-10.473920822143555
Instruct,17,False,10,-3.3130011558532715,-9.928483009338379
Instruct,17,False,11,-2.9454026222229004,-10.181528091430664
Instruct,17,False,12,-2.990859031677246,-9.257465362548828
Instruct,17,False,13,-2.6279079914093018,-9.343937873840332
Instruct,17,False,14,-2.4328184127807617,-9.322256088256836
Instruct,17,False,15,-2.288179874420166,-9.389322280883789
Instruct,17,False,16,-2.088482618331909,-8.457817077636719
Instruct,17,False,17,-1.8318839073181152,-7.715559005737305
Instruct,17,False,18,-0.7055662274360657,-6.9438371658325195
Instruct,17,False,19,0.26747265458106995,-5.483946323394775
Instruct,17,False,20,0.7007012963294983,-4.516401290893555
Instruct,17,False,21,2.247272491455078,-0.6925930976867676
Instruct,17,False,22,1.7546427249908447,6.1639790534973145
Instruct,17,False,23,0.5390278697013855,14.146947860717773
Instruct,17,False,24,0.7663792371749878,22.78192901611328
Instruct,17,False,25,0.34610867500305176,35.482635498046875
Instruct,17,False,26,1.1298493146896362,48.35688400268555
Instruct,17,False,27,-1.8942115306854248,54.7966194152832
Instruct,17,False,28,-5.308314323425293,23.23904037475586
Instruct,18,False,0,-6.0687479972839355,-11.551801681518555
Instruct,18,False,1,-6.138957977294922,-11.662858963012695
Instruct,18,False,2,-5.987528324127197,-11.30715274810791
Instruct,18,False,3,-5.715097427368164,-11.352542877197266
Instruct,18,False,4,-5.425510406494141,-10.477741241455078
Instruct,18,False,5,-5.239009857177734,-10.502786636352539
Instruct,18,False,6,-5.315149307250977,-10.612812042236328
Instruct,18,False,7,-4.616061687469482,-10.390033721923828
Instruct,18,False,8,-4.223568916320801,-10.208837509155273
Instruct,18,False,9,-4.097560882568359,-10.207033157348633
Instruct,18,False,10,-4.025384902954102,-9.607728004455566
Instruct,18,False,11,-3.509113073348999,-9.967874526977539
Instruct,18,False,12,-3.377838134765625,-8.768243789672852
Instruct,18,False,13,-3.1512351036071777,-8.737987518310547
Instruct,18,False,14,-2.9448201656341553,-8.47395133972168
Instruct,18,False,15,-2.836646795272827,-8.845535278320312
Instruct,18,False,16,-1.86650550365448,-7.745632171630859
Instruct,18,False,17,-1.4383602142333984,-6.762079238891602
Instruct,18,False,18,-0.7921558618545532,-6.062723159790039
Instruct,18,False,19,-0.3075219988822937,-4.76747989654541
Instruct,18,False,20,0.15074370801448822,-3.5630855560302734
Instruct,18,False,21,1.360884189605713,1.1374330520629883
Instruct,18,False,22,1.0321637392044067,9.76596450805664
Instruct,18,False,23,0.33698558807373047,18.833698272705078
Instruct,18,False,24,-1.3175384998321533,28.035083770751953
Instruct,18,False,25,-0.9398735165596008,42.52223205566406
Instruct,18,False,26,-3.20451021194458,56.752105712890625
Instruct,18,False,27,-5.453036308288574,65.45433044433594
Instruct,18,False,28,-7.332891464233398,28.809587478637695
Instruct,19,True,0,-6.040958404541016,-11.539419174194336
Instruct,19,True,1,-5.763097763061523,-11.678817749023438
Instruct,19,True,2,-5.495903015136719,-11.217097282409668
Instruct,19,True,3,-4.707108497619629,-11.423425674438477
Instruct,19,True,4,-4.226338863372803,-11.021596908569336
Instruct,19,True,5,-3.972843647003174,-11.199785232543945
Instruct,19,True,6,-4.518773078918457,-10.941450119018555
Instruct,19,True,7,-3.5855913162231445,-10.938005447387695
Instruct,19,True,8,-3.1445412635803223,-10.87319564819336
Instruct,19,True,9,-3.2085800170898438,-10.764605522155762
Instruct,19,True,10,-3.0403409004211426,-10.078167915344238
Instruct,19,True,11,-2.3647568225860596,-10.581928253173828
Instruct,19,True,12,-2.7679085731506348,-9.555436134338379
Instruct,19,True,13,-2.3712122440338135,-9.742034912109375
Instruct,19,True,14,-2.2298359870910645,-9.678484916687012
Instruct,19,True,15,-2.3359577655792236,-9.637258529663086
Instruct,19,True,16,-1.856661319732666,-8.46664810180664
Instruct,19,True,17,-1.4310334920883179,-7.96183967590332
Instruct,19,True,18,-0.7845600843429565,-6.796297073364258
Instruct,19,True,19,0.412370890378952,-5.796670913696289
Instruct,19,True,20,0.5252922773361206,-4.724040985107422
Instruct,19,True,21,1.0450961589813232,-0.6150212287902832
Instruct,19,True,22,0.33250170946121216,6.78957462310791
Instruct,19,True,23,-0.652314305305481,14.827415466308594
Instruct,19,True,24,-0.8557210564613342,23.571456909179688
Instruct,19,True,25,-2.298618793487549,36.126075744628906
Instruct,19,True,26,-0.7591646909713745,50.30744552612305
Instruct,19,True,27,-3.878166913986206,59.21579360961914
Instruct,19,True,28,-7.306591987609863,26.556747436523438
Instruct,20,False,0,-6.05021858215332,-11.560548782348633
Instruct,20,False,1,-6.02469539642334,-11.678290367126465
Instruct,20,False,2,-5.684783935546875,-11.36539077758789
Instruct,20,False,3,-5.135874271392822,-11.570516586303711
Instruct,20,False,4,-4.691864490509033,-11.124290466308594
Instruct,20,False,5,-4.153882026672363,-11.083067893981934
Instruct,20,False,6,-4.50078821182251,-11.088093757629395
Instruct,20,False,7,-3.747943878173828,-11.059629440307617
Instruct,20,False,8,-3.41725492477417,-10.991878509521484
Instruct,20,False,9,-3.4694323539733887,-10.597246170043945
Instruct,20,False,10,-3.2478220462799072,-10.235986709594727
Instruct,20,False,11,-3.1852779388427734,-10.42464542388916
Instruct,20,False,12,-3.2338690757751465,-9.581815719604492
Instruct,20,False,13,-3.329308032989502,-9.181022644042969
Instruct,20,False,14,-3.0125765800476074,-9.244597434997559
Instruct,20,False,15,-3.331026315689087,-9.310821533203125
Instruct,20,False,16,-3.212132692337036,-8.69169807434082
Instruct,20,False,17,-2.919222354888916,-8.097810745239258
Instruct,20,False,18,-1.8950297832489014,-6.9327545166015625
Instruct,20,False,19,-0.8931269645690918,-5.853638172149658
Instruct,20,False,20,-0.6601382493972778,-3.9343745708465576
Instruct,20,False,21,-0.10196956992149353,-0.2707870602607727
Instruct,20,False,22,-0.9007430076599121,5.709423542022705
Instruct,20,False,23,-0.5377911925315857,12.689756393432617
Instruct,20,False,24,-1.048496961593628,19.95711898803711
Instruct,20,False,25,-1.736852765083313,30.327674865722656
Instruct,20,False,26,-2.7429416179656982,41.50950622558594
Instruct,20,False,27,-2.6319119930267334,48.66535949707031
Instruct,20,False,28,-5.5441484451293945,22.72431182861328
Instruct,21,False,0,-6.067997932434082,-11.56490707397461
Instruct,21,False,1,-6.280974388122559,-11.86770248413086
Instruct,21,False,2,-6.043928623199463,-11.500240325927734
Instruct,21,False,3,-5.323723793029785,-11.621265411376953
Instruct,21,False,4,-4.8363237380981445,-11.123305320739746
Instruct,21,False,5,-4.389080047607422,-11.25391960144043
Instruct,21,False,6,-4.679974555969238,-11.267204284667969
Instruct,21,False,7,-3.717775583267212,-10.835599899291992
Instruct,21,False,8,-3.341790199279785,-10.978408813476562
Instruct,21,False,9,-3.2782421112060547,-10.774747848510742
Instruct,21,False,10,-3.3070051670074463,-10.291257858276367
Instruct,21,False,11,-2.797165870666504,-10.227293014526367
Instruct,21,False,12,-3.034052848815918,-9.75499439239502
Instruct,21,False,13,-3.1192615032196045,-9.615760803222656
Instruct,21,False,14,-2.8439722061157227,-9.908793449401855
Instruct,21,False,15,-2.687082290649414,-9.844051361083984
Instruct,21,False,16,-2.2489993572235107,-9.194128036499023
Instruct,21,False,17,-2.1570777893066406,-8.381315231323242
Instruct,21,False,18,-1.894815444946289,-7.556081771850586
Instruct,21,False,19,-0.9370936155319214,-6.168342590332031
Instruct,21,False,20,-0.9813205003738403,-6.167398452758789
Instruct,21,False,21,0.45760637521743774,-3.052903652191162
Instruct,21,False,22,0.6939753293991089,2.8393237590789795
Instruct,21,False,23,0.7825603485107422,9.06351089477539
Instruct,21,False,24,1.2917118072509766,15.786185264587402
Instruct,21,False,25,1.972224473953247,26.748424530029297
Instruct,21,False,26,0.6254770755767822,40.98225402832031
Instruct,21,False,27,-0.4273747205734253,49.78614044189453
Instruct,21,False,28,-4.947559356689453,20.492523193359375
Instruct,22,True,0,-6.030519485473633,-11.55077075958252
Instruct,22,True,1,-5.228026866912842,-11.859844207763672
Instruct,22,True,2,-4.559009075164795,-11.695884704589844
Instruct,22,True,3,-3.5815529823303223,-12.076074600219727
Instruct,22,True,4,-2.748323678970337,-11.540353775024414
Instruct,22,True,5,-2.2104427814483643,-11.53641128540039
Instruct,22,True,6,-2.328143358230591,-11.582597732543945
Instruct,22,True,7,-1.5017344951629639,-11.20566177368164
Instruct,22,True,8,-0.661137044429779,-11.157829284667969
Instruct,22,True,9,-0.8748693466186523,-11.241737365722656
Instruct,22,True,10,-0.3756643533706665,-11.112571716308594
Instruct,22,True,11,0.13361285626888275,-11.200603485107422
Instruct,22,True,12,0.9677852988243103,-10.671607971191406
Instruct,22,True,13,0.7604835033416748,-10.310272216796875
Instruct,22,True,14,1.288666844367981,-10.2553071975708
Instruct,22,True,15,1.1724377870559692,-10.241575241088867
Instruct,22,True,16,1.8255969285964966,-9.228979110717773
Instruct,22,True,17,2.411583423614502,-8.200559616088867
Instruct,22,True,18,3.5249741077423096,-7.612937927246094
Instruct,22,True,19,4.933433532714844,-6.042285919189453
Instruct,22,True,20,5.892873287200928,-4.321322441101074
Instruct,22,True,21,8.762018203735352,-0.350567489862442
Instruct,22,True,22,10.208118438720703,7.445436954498291
Instruct,22,True,23,11.659319877624512,14.401491165161133
Instruct,22,True,24,13.559550285339355,22.917715072631836
Instruct,22,True,25,17.681732177734375,36.5348014831543
Instruct,22,True,26,18.774250030517578,49.76787185668945
Instruct,22,True,27,19.645736694335938,57.31681823730469
Instruct,22,True,28,7.33680534362793,27.710861206054688
Instruct,23,True,0,-6.05047607421875,-11.559654235839844
Instruct,23,True,1,-6.007476329803467,-11.612224578857422
Instruct,23,True,2,-5.673260688781738,-11.2831392288208
Instruct,23,True,3,-5.116669654846191,-11.404443740844727
Instruct,23,True,4,-4.922578811645508,-10.844741821289062
Instruct,23,True,5,-4.8092265129089355,-10.674586296081543
Instruct,23,True,6,-5.047348499298096,-10.736480712890625
Instruct,23,True,7,-4.363315582275391,-10.140151977539062
Instruct,23,True,8,-3.984673500061035,-10.200850486755371
Instruct,23,True,9,-4.118533134460449,-10.288483619689941
Instruct,23,True,10,-3.8942391872406006,-9.717819213867188
Instruct,23,True,11,-3.590432643890381,-9.819377899169922
Instruct,23,True,12,-3.705554962158203,-9.167501449584961
Instruct,23,True,13,-3.3926663398742676,-9.043357849121094
Instruct,23,True,14,-3.1021690368652344,-8.673086166381836
Instruct,23,True,15,-2.8332386016845703,-9.034241676330566
Instruct,23,True,16,-2.0623745918273926,-7.920388221740723
Instruct,23,True,17,-1.8070335388183594,-7.251850128173828
Instruct,23,True,18,-0.6929791569709778,-6.035627365112305
Instruct,23,True,19,0.6213685870170593,-4.776291370391846
Instruct,23,True,20,0.8384767770767212,-3.7354226112365723
Instruct,23,True,21,0.7968560457229614,1.8090503215789795
Instruct,23,True,22,0.4453423023223877,9.040525436401367
Instruct,23,True,23,-0.08029866218566895,15.681968688964844
Instruct,23,True,24,2.1054725646972656,21.83692169189453
Instruct,23,True,25,2.8967738151550293,33.06643295288086
Instruct,23,True,26,4.916281700134277,46.913848876953125
Instruct,23,True,27,3.4759042263031006,52.97384262084961
Instruct,23,True,28,-1.980336308479309,25.70804214477539
Instruct,24,True,0,-6.065721035003662,-11.547654151916504
Instruct,24,True,1,-5.967710494995117,-11.740324020385742
Instruct,24,True,2,-5.779914855957031,-11.539825439453125
Instruct,24,True,3,-5.403830528259277,-11.641122817993164
Instruct,24,True,4,-5.0150532722473145,-11.07474422454834
Instruct,24,True,5,-4.4396071434021,-11.156839370727539
Instruct,24,True,6,-4.868899822235107,-11.166399955749512
Instruct,24,True,7,-4.131173133850098,-10.888465881347656
Instruct,24,True,8,-3.4883315563201904,-11.057979583740234
Instruct,24,True,9,-2.8151698112487793,-10.860997200012207
Instruct,24,True,10,-2.5186212062835693,-10.240757942199707
Instruct,24,True,11,-1.6273472309112549,-10.297353744506836
Instruct,24,True,12,-1.4306602478027344,-9.757901191711426
Instruct,24,True,13,-1.2235066890716553,-9.815305709838867
Instruct,24,True,14,-0.9999887943267822,-9.868359565734863
Instruct,24,True,15,-0.5539467334747314,-10.041686058044434
Instruct,24,True,16,0.187698632478714,-9.081514358520508
Instruct,24,True,17,0.40284448862075806,-8.423299789428711
Instruct,24,True,18,0.7314625382423401,-7.679983139038086
Instruct,24,True,19,1.8491895198822021,-6.620643138885498
Instruct,24,True,20,2.016819953918457,-5.536561965942383
Instruct,24,True,21,3.839993953704834,-1.375368356704712
Instruct,24,True,22,4.303462982177734,6.542458534240723
Instruct,24,True,23,4.777953147888184,14.937810897827148
Instruct,24,True,24,5.455301284790039,24.40489387512207
Instruct,24,True,25,6.656806468963623,36.95877456665039
Instruct,24,True,26,7.409845352172852,50.526451110839844
Instruct,24,True,27,6.4039201736450195,59.92554473876953
Instruct,24,True,28,-0.1348644495010376,27.28491973876953
Instruct,25,True,0,-6.040812969207764,-11.52505874633789
Instruct,25,True,1,-5.55797815322876,-11.661613464355469
Instruct,25,True,2,-5.139415740966797,-11.338760375976562
Instruct,25,True,3,-4.397737979888916,-11.519617080688477
Instruct,25,True,4,-3.9091153144836426,-10.814878463745117
Instruct,25,True,5,-3.2950339317321777,-10.839858055114746
Instruct,25,True,6,-3.5510785579681396,-11.19937515258789
Instruct,25,True,7,-2.686687707901001,-10.774295806884766
Instruct,25,True,8,-2.3092942237854004,-10.580392837524414
Instruct,25,True,9,-2.1880054473876953,-10.478089332580566
Instruct,25,True,10,-2.2534115314483643,-10.075276374816895
Instruct,25,True,11,-1.634827733039856,-10.3392333984375
Instruct,25,True,12,-1.1503406763076782,-9.540742874145508
Instruct,25,True,13,-1.011223316192627,-9.127699851989746
Instruct,25,True,14,-0.5412421226501465,-9.530827522277832
Instruct,25,True,15,-0.5192521214485168,-9.536558151245117
Instruct,25,True,16,0.17080989480018616,-8.610147476196289
Instruct,25,True,17,1.326875925064087,-7.643502235412598
Instruct,25,True,18,2.619424819946289,-6.2929368019104
Instruct,25,True,19,3.876149892807007,-4.943845748901367
Instruct,25,True,20,4.600602149963379,-3.7876672744750977
Instruct,25,True,21,7.367581367492676,1.37140691280365
Instruct,25,True,22,8.49328327178955,8.51563549041748
Instruct,25,True,23,9.689615249633789,17.53478240966797
Instruct,25,True,24,10.848830223083496,26.974449157714844
Instruct,25,True,25,13.471036911010742,39.68024444580078
Instruct,25,True,26,15.552303314208984,53.78267288208008
Instruct,25,True,27,16.900501251220703,61.77313232421875
Instruct,25,True,28,5.738648414611816,30.440053939819336
Instruct,26,False,0,-6.081380844116211,-11.511350631713867
Instruct,26,False,1,-6.518161296844482,-11.586836814880371
Instruct,26,False,2,-6.437641143798828,-11.254532814025879
Instruct,26,False,3,-6.452006816864014,-11.363616943359375
Instruct,26,False,4,-6.007155418395996,-10.673860549926758
Instruct,26,False,5,-5.693881988525391,-10.842381477355957
Instruct,26,False,6,-5.905902862548828,-10.948736190795898
Instruct,26,False,7,-4.936738967895508,-10.262266159057617
Instruct,26,False,8,-4.442647933959961,-10.020215034484863
Instruct,26,False,9,-3.949587821960449,-10.038290023803711
Instruct,26,False,10,-3.499974250793457,-9.365861892700195
Instruct,26,False,11,-2.7218291759490967,-9.753695487976074
Instruct,26,False,12,-2.2513973712921143,-9.059122085571289
Instruct,26,False,13,-1.8055511713027954,-8.891857147216797
Instruct,26,False,14,-1.6379938125610352,-8.768377304077148
Instruct,26,False,15,-1.690462589263916,-8.784063339233398
Instruct,26,False,16,-0.8163111209869385,-8.312771797180176
Instruct,26,False,17,-0.746816873550415,-7.156634330749512
Instruct,26,False,18,-0.15286310017108917,-7.177482604980469
Instruct,26,False,19,0.5374431610107422,-5.838988304138184
Instruct,26,False,20,1.720721960067749,-4.329525947570801
Instruct,26,False,21,3.742283582687378,-0.6182175874710083
Instruct,26,False,22,5.717960357666016,6.479540824890137
Instruct,26,False,23,5.131643295288086,16.97924041748047
Instruct,26,False,24,4.343105316162109,26.715211868286133
Instruct,26,False,25,4.751006603240967,40.316864013671875
Instruct,26,False,26,5.0203938484191895,55.96458435058594
Instruct,26,False,27,4.572725296020508,66.82040405273438
Instruct,26,False,28,-0.9618005752563477,28.65313720703125
Instruct,27,True,0,-6.044253349304199,-11.550405502319336
Instruct,27,True,1,-5.948086738586426,-11.470697402954102
Instruct,27,True,2,-5.728335380554199,-11.266983032226562
Instruct,27,True,3,-5.298446178436279,-11.349115371704102
Instruct,27,True,4,-4.844974517822266,-10.536218643188477
Instruct,27,True,5,-4.439970970153809,-10.545782089233398
Instruct,27,True,6,-4.703575134277344,-10.669206619262695
Instruct,27,True,7,-3.9464244842529297,-10.521512031555176
Instruct,27,True,8,-3.4238882064819336,-10.249404907226562
Instruct,27,True,9,-3.3425474166870117,-10.375360488891602
Instruct,27,True,10,-3.150789499282837,-9.754254341125488
Instruct,27,True,11,-2.463257312774658,-9.707892417907715
Instruct,27,True,12,-2.299286127090454,-8.387130737304688
Instruct,27,True,13,-1.9747791290283203,-8.432633399963379
Instruct,27,True,14,-1.6591534614562988,-8.678750991821289
Instruct,27,True,15,-1.6895415782928467,-9.103275299072266
Instruct,27,True,16,-0.8983885645866394,-7.783649444580078
Instruct,27,True,17,-0.26869332790374756,-6.984480857849121
Instruct,27,True,18,0.6063617467880249,-6.539393901824951
Instruct,27,True,19,1.5413696765899658,-5.061811447143555
Instruct,27,True,20,2.335468292236328,-3.6525936126708984
Instruct,27,True,21,3.6957578659057617,0.6927077770233154
Instruct,27,True,22,3.881157636642456,9.33725643157959
Instruct,27,True,23,4.697305679321289,18.39889144897461
Instruct,27,True,24,4.741822242736816,28.04944610595703
Instruct,27,True,25,5.58936882019043,41.47789764404297
Instruct,27,True,26,5.514392852783203,55.26345443725586
Instruct,27,True,27,5.9369215965271,63.03248596191406
Instruct,27,True,28,-1.0102598667144775,29.80501937866211
Instruct,28,True,0,-6.05399227142334,-11.541828155517578
Instruct,28,True,1,-5.947696685791016,-11.749715805053711
Instruct,28,True,2,-5.423083305358887,-11.277120590209961
Instruct,28,True,3,-4.475152969360352,-11.460479736328125
Instruct,28,True,4,-4.044440746307373,-11.015298843383789
Instruct,28,True,5,-3.269223213195801,-11.277894973754883
Instruct,28,True,6,-3.3017916679382324,-11.142572402954102
Instruct,28,True,7,-2.3485429286956787,-11.080467224121094
Instruct,28,True,8,-1.9379184246063232,-11.255289077758789
Instruct,28,True,9,-1.8745558261871338,-10.887457847595215
Instruct,28,True,10,-1.143815517425537,-10.896221160888672
Instruct,28,True,11,-0.49057236313819885,-10.94923210144043
Instruct,28,True,12,-0.1481693983078003,-10.612239837646484
Instruct,28,True,13,0.037437230348587036,-10.336129188537598
Instruct,28,True,14,0.5673838257789612,-10.290647506713867
Instruct,28,True,15,0.5046292543411255,-10.28424072265625
Instruct,28,True,16,1.4381901025772095,-9.274629592895508
Instruct,28,True,17,1.880612850189209,-8.923102378845215
Instruct,28,True,18,2.6116559505462646,-8.481444358825684
Instruct,28,True,19,3.859302520751953,-7.040874481201172
Instruct,28,True,20,4.881217956542969,-5.881188869476318
Instruct,28,True,21,7.149857521057129,-2.5488061904907227
Instruct,28,True,22,7.785032749176025,4.493145942687988
Instruct,28,True,23,7.8576884269714355,12.50308895111084
Instruct,28,True,24,8.909399032592773,20.955242156982422
Instruct,28,True,25,8.793334007263184,32.93901824951172
Instruct,28,True,26,9.598721504211426,44.868507385253906
Instruct,28,True,27,6.991909027099609,51.4371452331543
Instruct,28,True,28,-0.34677016735076904,22.855680465698242
Instruct,29,False,0,-6.050443649291992,-11.527483940124512
Instruct,29,False,1,-5.830260276794434,-11.892461776733398
Instruct,29,False,2,-5.378732681274414,-11.534727096557617
Instruct,29,False,3,-4.597100257873535,-11.780609130859375
Instruct,29,False,4,-4.0813398361206055,-11.061086654663086
Instruct,29,False,5,-3.1705520153045654,-11.195772171020508
Instruct,29,False,6,-3.556887626647949,-11.564576148986816
Instruct,29,False,7,-2.4991559982299805,-11.12666130065918
Instruct,29,False,8,-1.9754207134246826,-11.050965309143066
Instruct,29,False,9,-1.8420600891113281,-11.076404571533203
Instruct,29,False,10,-1.4452521800994873,-10.962787628173828
Instruct,29,False,11,-0.5685619711875916,-10.797225952148438
Instruct,29,False,12,-0.5343343019485474,-10.27122688293457
Instruct,29,False,13,0.05281519889831543,-10.200174331665039
Instruct,29,False,14,0.5084772706031799,-10.040828704833984
Instruct,29,False,15,0.584280252456665,-10.223661422729492
Instruct,29,False,16,1.3539868593215942,-9.304060935974121
Instruct,29,False,17,2.111215591430664,-8.814149856567383
Instruct,29,False,18,3.648726463317871,-7.91055965423584
Instruct,29,False,19,5.158415794372559,-6.569644927978516
Instruct,29,False,20,5.485172271728516,-5.670931816101074
Instruct,29,False,21,8.419736862182617,-1.757800817489624
Instruct,29,False,22,9.842320442199707,5.366288185119629
Instruct,29,False,23,10.587837219238281,14.481504440307617
Instruct,29,False,24,11.696893692016602,23.739025115966797
Instruct,29,False,25,13.19703483581543,37.04414367675781
Instruct,29,False,26,14.598358154296875,50.80086898803711
Instruct,29,False,27,15.060957908630371,59.48556137084961
Instruct,29,False,28,3.6505484580993652,25.777862548828125
Instruct,30,True,0,-6.052223205566406,-11.53180980682373
Instruct,30,True,1,-5.823308944702148,-11.799874305725098
Instruct,30,True,2,-5.415839195251465,-11.476078033447266
Instruct,30,True,3,-4.5336527824401855,-11.723190307617188
Instruct,30,True,4,-4.0010480880737305,-11.342798233032227
Instruct,30,True,5,-3.521082878112793,-11.51714038848877
Instruct,30,True,6,-3.739351749420166,-11.518608093261719
Instruct,30,True,7,-2.473245620727539,-11.174385070800781
Instruct,30,True,8,-2.0153515338897705,-11.551935195922852
Instruct,30,True,9,-1.9109523296356201,-11.36133861541748
Instruct,30,True,10,-1.6405878067016602,-11.224494934082031
Instruct,30,True,11,-0.5661145448684692,-11.225008010864258
Instruct,30,True,12,-0.4286648631095886,-10.499333381652832
Instruct,30,True,13,-0.3786942660808563,-10.40707015991211
Instruct,30,True,14,-0.20530655980110168,-10.35338020324707
Instruct,30,True,15,-0.1997370719909668,-10.558130264282227
Instruct,30,True,16,0.41691476106643677,-10.082521438598633
Instruct,30,True,17,1.2828139066696167,-9.118165969848633
Instruct,30,True,18,2.8014416694641113,-7.744114875793457
Instruct,30,True,19,3.8201889991760254,-6.198493957519531
Instruct,30,True,20,4.357141971588135,-5.208528518676758
Instruct,30,True,21,6.741695404052734,-1.336507797241211
Instruct,30,True,22,7.8725361824035645,4.562147617340088
Instruct,30,True,23,9.203372955322266,12.768904685974121
Instruct,30,True,24,10.965930938720703,20.240615844726562
Instruct,30,True,25,13.881362915039062,32.20832061767578
Instruct,30,True,26,15.30379867553711,45.53148651123047
Instruct,30,True,27,14.269498825073242,52.892234802246094
Instruct,30,True,28,3.865168571472168,25.018447875976562
Instruct,31,False,0,-6.082746982574463,-11.570859909057617
Instruct,31,False,1,-6.325911521911621,-11.615968704223633
Instruct,31,False,2,-6.2653326988220215,-11.28091812133789
Instruct,31,False,3,-6.16239070892334,-11.240032196044922
Instruct,31,False,4,-5.901417255401611,-10.63339614868164
Instruct,31,False,5,-5.616328716278076,-10.453213691711426
Instruct,31,False,6,-5.812252044677734,-10.462732315063477
Instruct,31,False,7,-5.434521675109863,-10.120617866516113
Instruct,31,False,8,-5.30539608001709,-10.0601224899292
Instruct,31,False,9,-5.464094161987305,-10.09530258178711
Instruct,31,False,10,-5.357937812805176,-9.954584121704102
Instruct,31,False,11,-5.036707878112793,-10.029101371765137
Instruct,31,False,12,-5.277359962463379,-9.349922180175781
Instruct,31,False,13,-5.22448205947876,-9.345344543457031
Instruct,31,False,14,-5.0194830894470215,-9.324851989746094
Instruct,31,False,15,-4.790986061096191,-9.494503021240234
Instruct,31,False,16,-4.673074245452881,-8.936131477355957
Instruct,31,False,17,-4.580453872680664,-8.31198787689209
Instruct,31,False,18,-4.5572614669799805,-7.96024227142334
Instruct,31,False,19,-4.000762939453125,-7.024336814880371
Instruct,31,False,20,-4.3771514892578125,-6.873566627502441
Instruct,31,False,21,-3.623927354812622,-4.8149003982543945
Instruct,31,False,22,-4.532594680786133,0.6206496357917786
Instruct,31,False,23,-5.239780902862549,6.315390586853027
Instruct,31,False,24,-6.102241039276123,12.354570388793945
Instruct,31,False,25,-6.286535263061523,22.615966796875
Instruct,31,False,26,-8.179073333740234,33.132232666015625
Instruct,31,False,27,-10.291221618652344,40.487648010253906
Instruct,31,False,28,-9.829291343688965,16.197107315063477
Instruct,32,True,0,-6.033973693847656,-11.535341262817383
Instruct,32,True,1,-5.512942314147949,-11.779488563537598
Instruct,32,True,2,-4.934025764465332,-11.330862045288086
Instruct,32,True,3,-3.9302144050598145,-11.654052734375
Instruct,32,True,4,-3.61752986907959,-11.283496856689453
Instruct,32,True,5,-2.8174655437469482,-11.405275344848633
Instruct,32,True,6,-2.9629740715026855,-11.271163940429688
Instruct,32,True,7,-1.8230478763580322,-11.260566711425781
Instruct,32,True,8,-1.0330920219421387,-11.408880233764648
Instruct,32,True,9,-1.1384409666061401,-10.985127449035645
Instruct,32,True,10,-0.9815610647201538,-10.736227035522461
Instruct,32,True,11,-0.7020285725593567,-10.822690963745117
Instruct,32,True,12,-0.4586973190307617,-9.775399208068848
Instruct,32,True,13,-0.022511422634124756,-9.856491088867188
Instruct,32,True,14,0.44512224197387695,-9.568284034729004
Instruct,32,True,15,0.5481347441673279,-9.77569580078125
Instruct,32,True,16,1.5511020421981812,-8.685380935668945
Instruct,32,True,17,1.7489373683929443,-7.535552024841309
Instruct,32,True,18,2.499342203140259,-7.301952362060547
Instruct,32,True,19,3.6727192401885986,-5.703221321105957
Instruct,32,True,20,4.482539176940918,-4.5229387283325195
Instruct,32,True,21,6.882519721984863,-0.3565666079521179
Instruct,32,True,22,7.38685417175293,7.708544731140137
Instruct,32,True,23,7.388819694519043,16.96099853515625
Instruct,32,True,24,8.718053817749023,26.111608505249023
Instruct,32,True,25,8.34512710571289,40.791412353515625
Instruct,32,True,26,9.46888256072998,53.034629821777344
Instruct,32,True,27,7.927924156188965,58.867042541503906
Instruct,32,True,28,0.009671568870544434,26.283802032470703
Instruct,33,True,0,-6.06810998916626,-11.538982391357422
Instruct,33,True,1,-5.4176344871521,-11.93382453918457
Instruct,33,True,2,-4.900877952575684,-11.703131675720215
Instruct,33,True,3,-4.1825175285339355,-11.97050666809082
Instruct,33,True,4,-3.399252414703369,-11.270973205566406
Instruct,33,True,5,-2.569723606109619,-11.19297981262207
Instruct,33,True,6,-2.9677584171295166,-11.410036087036133
Instruct,33,True,7,-1.6195427179336548,-11.201229095458984
Instruct,33,True,8,-1.0714671611785889,-11.303566932678223
Instruct,33,True,9,-0.9164286851882935,-11.412623405456543
Instruct,33,True,10,-0.1860942244529724,-11.446097373962402
Instruct,33,True,11,0.8259760141372681,-11.38034439086914
Instruct,33,True,12,1.2246953248977661,-10.771623611450195
Instruct,33,True,13,1.5131968259811401,-10.605064392089844
Instruct,33,True,14,2.0735273361206055,-10.379703521728516
Instruct,33,True,15,2.458969831466675,-10.71250057220459
Instruct,33,True,16,3.6309823989868164,-9.698755264282227
Instruct,33,True,17,4.071297645568848,-8.927766799926758
Instruct,33,True,18,4.922501564025879,-7.454009056091309
Instruct,33,True,19,6.115396499633789,-6.0079779624938965
Instruct,33,True,20,6.473658561706543,-4.8527092933654785
Instruct,33,True,21,9.421955108642578,-1.8355517387390137
Instruct,33,True,22,11.632279396057129,4.914581298828125
Instruct,33,True,23,13.629402160644531,13.101238250732422
Instruct,33,True,24,15.772074699401855,21.70560073852539
Instruct,33,True,25,19.29254913330078,35.91340637207031
Instruct,33,True,26,17.623531341552734,51.476158142089844
Instruct,33,True,27,16.2780704498291,61.81141662597656
Instruct,33,True,28,4.0630269050598145,26.05628204345703
Instruct,34,True,0,-6.052314758300781,-11.56956672668457
Instruct,34,True,1,-5.685240745544434,-11.863519668579102
Instruct,34,True,2,-5.211094856262207,-11.583943367004395
Instruct,34,True,3,-4.453674793243408,-11.728286743164062
Instruct,34,True,4,-3.55438494682312,-11.140716552734375
Instruct,34,True,5,-2.956472873687744,-11.258451461791992
Instruct,34,True,6,-3.1374754905700684,-11.196279525756836
Instruct,34,True,7,-2.1916956901550293,-10.965391159057617
Instruct,34,True,8,-1.5231530666351318,-11.199906349182129
Instruct,34,True,9,-1.4826492071151733,-11.233602523803711
Instruct,34,True,10,-1.064852237701416,-10.862499237060547
Instruct,34,True,11,-0.24439354240894318,-10.730793952941895
Instruct,34,True,12,0.11108050495386124,-10.401042938232422
Instruct,34,True,13,0.6334629058837891,-10.216712951660156
Instruct,34,True,14,0.9142526388168335,-9.92863655090332
Instruct,34,True,15,1.107182502746582,-10.277830123901367
Instruct,34,True,16,2.2542402744293213,-9.462803840637207
Instruct,34,True,17,3.1813011169433594,-9.122485160827637
Instruct,34,True,18,4.015745162963867,-8.340909957885742
Instruct,34,True,19,5.245894432067871,-6.634580612182617
Instruct,34,True,20,5.713013648986816,-5.816400527954102
Instruct,34,True,21,9.018903732299805,-3.2060670852661133
Instruct,34,True,22,10.488182067871094,3.9541420936584473
Instruct,34,True,23,12.315471649169922,10.459146499633789
Instruct,34,True,24,14.805466651916504,17.323156356811523
Instruct,34,True,25,16.411537170410156,26.582172393798828
Instruct,34,True,26,16.510469436645508,37.37760543823242
Instruct,34,True,27,16.268207550048828,44.786865234375
Instruct,34,True,28,5.7015533447265625,21.605207443237305
Instruct,35,False,0,-6.066832542419434,-11.564142227172852
Instruct,35,False,1,-6.555968284606934,-11.621068000793457
Instruct,35,False,2,-6.5110321044921875,-11.286787986755371
Instruct,35,False,3,-6.235585689544678,-11.3687744140625
Instruct,35,False,4,-6.13155460357666,-10.680665016174316
Instruct,35,False,5,-6.062012195587158,-10.59550952911377
Instruct,35,False,6,-6.222232818603516,-10.640521049499512
Instruct,35,False,7,-5.829807281494141,-10.41041088104248
Instruct,35,False,8,-5.25625467300415,-10.437535285949707
Instruct,35,False,9,-5.3772454261779785,-10.466694831848145
Instruct,35,False,10,-5.28279972076416,-10.183332443237305
Instruct,35,False,11,-5.2097930908203125,-10.203468322753906
Instruct,35,False,12,-5.130667686462402,-9.48286247253418
Instruct,35,False,13,-4.907491683959961,-9.235939025878906
Instruct,35,False,14,-4.97316837310791,-8.951711654663086
Instruct,35,False,15,-4.776021957397461,-9.151183128356934
Instruct,35,False,16,-4.602298736572266,-8.476496696472168
Instruct,35,False,17,-4.700929641723633,-7.872832298278809
Instruct,35,False,18,-4.324680328369141,-7.281582832336426
Instruct,35,False,19,-3.6482138633728027,-5.6416144371032715
Instruct,35,False,20,-3.9584169387817383,-4.925530910491943
Instruct,35,False,21,-3.5853874683380127,-1.2784950733184814
Instruct,35,False,22,-4.972369194030762,5.85084342956543
Instruct,35,False,23,-5.125968933105469,12.156839370727539
Instruct,35,False,24,-6.504012584686279,18.775299072265625
Instruct,35,False,25,-6.864691734313965,29.680145263671875
Instruct,35,False,26,-8.349784851074219,41.75816345214844
Instruct,35,False,27,-10.40316104888916,49.46021270751953
Instruct,35,False,28,-10.103272438049316,23.592559814453125
Instruct,36,True,0,-6.044466018676758,-11.540952682495117
Instruct,36,True,1,-5.9194841384887695,-11.735008239746094
Instruct,36,True,2,-5.48472261428833,-11.306472778320312
Instruct,36,True,3,-4.650975227355957,-11.584627151489258
Instruct,36,True,4,-4.2970170974731445,-10.939009666442871
Instruct,36,True,5,-4.004077911376953,-10.988826751708984
Instruct,36,True,6,-4.262040138244629,-11.18719482421875
Instruct,36,True,7,-3.368530750274658,-10.976985931396484
Instruct,36,True,8,-2.7227354049682617,-10.708390235900879
Instruct,36,True,9,-2.86375093460083,-10.657286643981934
Instruct,36,True,10,-2.757615804672241,-9.918378829956055
Instruct,36,True,11,-2.270353078842163,-10.05473518371582
Instruct,36,True,12,-2.0843169689178467,-9.172513961791992
Instruct,36,True,13,-1.9273557662963867,-9.019567489624023
Instruct,36,True,14,-1.5104628801345825,-9.173612594604492
Instruct,36,True,15,-1.4147789478302002,-9.596094131469727
Instruct,36,True,16,-0.808610200881958,-8.735124588012695
Instruct,36,True,17,-0.49047088623046875,-7.947461128234863
Instruct,36,True,18,0.8479309678077698,-6.856139183044434
Instruct,36,True,19,1.8648111820220947,-5.376936912536621
Instruct,36,True,20,2.6972601413726807,-3.905689239501953
Instruct,36,True,21,4.119024753570557,1.164505958557129
Instruct,36,True,22,3.7988948822021484,8.473443984985352
Instruct,36,True,23,4.328133583068848,17.210866928100586
Instruct,36,True,24,4.7973527908325195,26.201786041259766
Instruct,36,True,25,6.312996864318848,38.42860412597656
Instruct,36,True,26,8.483382225036621,51.55998229980469
Instruct,36,True,27,7.44131326675415,58.360992431640625
Instruct,36,True,28,-0.20239883661270142,30.805450439453125
Instruct,37,False,0,-6.072991371154785,-11.539939880371094
Instruct,37,False,1,-5.673301696777344,-11.824089050292969
Instruct,37,False,2,-5.266535758972168,-11.538558959960938
Instruct,37,False,3,-4.755210876464844,-11.778905868530273
Instruct,37,False,4,-4.301081657409668,-11.177339553833008
Instruct,37,False,5,-3.5596718788146973,-11.366097450256348
Instruct,37,False,6,-3.969332218170166,-11.400386810302734
Instruct,37,False,7,-3.1668386459350586,-10.85426139831543
Instruct,37,False,8,-2.574824094772339,-11.000465393066406
Instruct,37,False,9,-2.63218092918396,-10.871615409851074
Instruct,37,False,10,-2.534083366394043,-10.357138633728027
Instruct,37,False,11,-1.9410630464553833,-10.543432235717773
Instruct,37,False,12,-1.9041509628295898,-9.83902645111084
Instruct,37,False,13,-1.9195255041122437,-9.420755386352539
Instruct,37,False,14,-1.6989425420761108,-9.583795547485352
Instruct,37,False,15,-1.685426950454712,-9.676156997680664
Instruct,37,False,16,-1.3845096826553345,-8.781393051147461
Instruct,37,False,17,-1.2946091890335083,-7.931149482727051
Instruct,37,False,18,-0.39139923453330994,-7.233175277709961
Instruct,37,False,19,0.769769549369812,-6.110302448272705
Instruct,37,False,20,1.0099446773529053,-5.508663654327393
Instruct,37,False,21,3.3570830821990967,-1.4849903583526611
Instruct,37,False,22,3.614698648452759,4.912590026855469
Instruct,37,False,23,4.314803123474121,13.009156227111816
Instruct,37,False,24,4.940280914306641,21.266223907470703
Instruct,37,False,25,4.938603401184082,32.55360412597656
Instruct,37,False,26,3.483982801437378,45.199951171875
Instruct,37,False,27,3.1213483810424805,55.237403869628906
Instruct,37,False,28,-1.0226008892059326,27.058921813964844
Instruct,38,False,0,-6.04914665222168,-11.521312713623047
Instruct,38,False,1,-5.9969587326049805,-11.590682983398438
Instruct,38,False,2,-5.675816535949707,-11.28109359741211
Instruct,38,False,3,-4.894075393676758,-11.5333251953125
Instruct,38,False,4,-4.806435585021973,-11.070261001586914
Instruct,38,False,5,-4.302276611328125,-11.07383918762207
Instruct,38,False,6,-4.632862567901611,-10.943819046020508
Instruct,38,False,7,-3.5921120643615723,-10.98597240447998
Instruct,38,False,8,-2.980766773223877,-11.049057006835938
Instruct,38,False,9,-3.072453022003174,-10.925703048706055
Instruct,38,False,10,-3.048400402069092,-10.349267959594727
Instruct,38,False,11,-2.465956449508667,-10.560661315917969
Instruct,38,False,12,-2.4900028705596924,-9.677053451538086
Instruct,38,False,13,-2.2303717136383057,-9.524978637695312
Instruct,38,False,14,-1.9936236143112183,-9.48966121673584
Instruct,38,False,15,-2.0150182247161865,-9.515266418457031
Instruct,38,False,16,-1.3637969493865967,-8.723965644836426
Instruct,38,False,17,-0.6480036377906799,-7.985347270965576
Instruct,38,False,18,0.809557318687439,-6.889778137207031
Instruct,38,False,19,2.044907569885254,-5.390155792236328
Instruct,38,False,20,2.522520065307617,-3.976790428161621
Instruct,38,False,21,2.959190607070923,0.8959651589393616
Instruct,38,False,22,2.7026243209838867,7.986382007598877
Instruct,38,False,23,2.2789549827575684,17.916179656982422
Instruct,38,False,24,2.376948356628418,27.156930923461914
Instruct,38,False,25,2.881587028503418,41.38532257080078
Instruct,38,False,26,5.557140827178955,55.627777099609375
Instruct,38,False,27,3.8731610774993896,62.924652099609375
Instruct,38,False,28,-2.489659547805786,29.903240203857422
Instruct,39,False,0,-6.062237739562988,-11.539541244506836
Instruct,39,False,1,-5.735073566436768,-11.788808822631836
Instruct,39,False,2,-5.525251388549805,-11.303936958312988
Instruct,39,False,3,-4.785933494567871,-11.419431686401367
Instruct,39,False,4,-4.267050266265869,-11.046035766601562
Instruct,39,False,5,-3.876204013824463,-11.138620376586914
Instruct,39,False,6,-4.218996047973633,-10.992172241210938
Instruct,39,False,7,-2.8516745567321777,-11.012571334838867
Instruct,39,False,8,-2.6525213718414307,-11.140321731567383
Instruct,39,False,9,-2.657784938812256,-10.887568473815918
Instruct,39,False,10,-2.7448384761810303,-10.670442581176758
Instruct,39,False,11,-2.334725856781006,-10.665836334228516
Instruct,39,False,12,-2.460339069366455,-9.834203720092773
Instruct,39,False,13,-2.3282899856567383,-9.775259017944336
Instruct,39,False,14,-2.257660150527954,-9.793169021606445
Instruct,39,False,15,-2.0850701332092285,-9.945030212402344
Instruct,39,False,16,-1.6865134239196777,-9.045526504516602
Instruct,39,False,17,-1.24704909324646,-8.371570587158203
Instruct,39,False,18,-0.7237429022789001,-7.500736713409424
Instruct,39,False,19,0.18146583437919617,-5.966129779815674
Instruct,39,False,20,-0.16315679252147675,-5.139647483825684
Instruct,39,False,21,0.846880316734314,-1.6924532651901245
Instruct,39,False,22,0.46965834498405457,5.448845863342285
Instruct,39,False,23,-0.05064523220062256,12.516611099243164
Instruct,39,False,24,0.8103845119476318,20.90936279296875
Instruct,39,False,25,0.05121445655822754,33.978607177734375
Instruct,39,False,26,-1.1939775943756104,46.52368927001953
Instruct,39,False,27,-3.1786913871765137,53.32756805419922
Instruct,39,False,28,-6.423938751220703,20.12082290649414
Instruct,40,True,0,-6.064977169036865,-11.565567016601562
Instruct,40,True,1,-5.311071872711182,-11.86248779296875
Instruct,40,True,2,-4.762357711791992,-11.684774398803711
Instruct,40,True,3,-3.681062698364258,-11.827959060668945
Instruct,40,True,4,-2.865666151046753,-11.318607330322266
Instruct,40,True,5,-2.3524539470672607,-11.28976058959961
Instruct,40,True,6,-2.6239335536956787,-11.521258354187012
Instruct,40,True,7,-1.1755462884902954,-11.355419158935547
Instruct,40,True,8,-0.49117511510849,-11.567106246948242
Instruct,40,True,9,-0.5225881934165955,-11.701700210571289
Instruct,40,True,10,0.09981605410575867,-11.458212852478027
Instruct,40,True,11,1.1684925556182861,-11.53613567352295
Instruct,40,True,12,1.5173672437667847,-10.63192367553711
Instruct,40,True,13,1.8565126657485962,-10.478321075439453
Instruct,40,True,14,2.243957757949829,-10.310592651367188
Instruct,40,True,15,2.613041877746582,-10.765491485595703
Instruct,40,True,16,3.8412575721740723,-9.756797790527344
Instruct,40,True,17,4.853772163391113,-9.454523086547852
Instruct,40,True,18,5.527779579162598,-8.336143493652344
Instruct,40,True,19,6.868044853210449,-6.8284101486206055
Instruct,40,True,20,7.412691593170166,-6.17859411239624
Instruct,40,True,21,10.481107711791992,-3.7598001956939697
Instruct,40,True,22,12.026304244995117,3.0629286766052246
Instruct,40,True,23,13.222638130187988,9.300029754638672
Instruct,40,True,24,15.359375953674316,16.36086654663086
Instruct,40,True,25,18.598587036132812,27.11715316772461
Instruct,40,True,26,17.266721725463867,40.429710388183594
Instruct,40,True,27,16.896263122558594,49.693355560302734
Instruct,40,True,28,5.171797752380371,20.120697021484375
Instruct,41,False,0,-6.074422836303711,-11.575628280639648
Instruct,41,False,1,-6.526575088500977,-11.496061325073242
Instruct,41,False,2,-6.452881813049316,-11.155174255371094
Instruct,41,False,3,-6.141138076782227,-11.13148307800293
Instruct,41,False,4,-5.9670634269714355,-10.500075340270996
Instruct,41,False,5,-6.346721649169922,-10.770251274108887
Instruct,41,False,6,-6.325666427612305,-10.705575942993164
Instruct,41,False,7,-6.181100368499756,-10.432146072387695
Instruct,41,False,8,-6.069081783294678,-10.381753921508789
Instruct,41,False,9,-6.053103446960449,-10.216304779052734
Instruct,41,False,10,-5.986553192138672,-9.571595191955566
Instruct,41,False,11,-5.945314884185791,-9.410537719726562
Instruct,41,False,12,-5.6951446533203125,-9.189507484436035
Instruct,41,False,13,-5.667275428771973,-8.867131233215332
Instruct,41,False,14,-5.909814834594727,-8.74928092956543
Instruct,41,False,15,-6.12007474899292,-8.786672592163086
Instruct,41,False,16,-6.036585330963135,-7.927406311035156
Instruct,41,False,17,-6.1189727783203125,-7.045639991760254
Instruct,41,False,18,-5.551549911499023,-7.174367427825928
Instruct,41,False,19,-5.200559616088867,-5.987411022186279
Instruct,41,False,20,-5.154219627380371,-5.2227959632873535
Instruct,41,False,21,-5.917370796203613,-2.9905362129211426
Instruct,41,False,22,-6.334415435791016,3.366809368133545
Instruct,41,False,23,-7.724509239196777,9.131584167480469
Instruct,41,False,24,-8.541379928588867,15.636735916137695
Instruct,41,False,25,-10.011521339416504,27.48444938659668
Instruct,41,False,26,-12.296194076538086,38.977909088134766
Instruct,41,False,27,-14.968114852905273,47.84433364868164
Instruct,41,False,28,-12.271600723266602,17.74817657470703
Instruct,42,True,0,-6.059749126434326,-11.51968002319336
Instruct,42,True,1,-5.316216468811035,-11.962618827819824
Instruct,42,True,2,-4.830419540405273,-11.694887161254883
Instruct,42,True,3,-4.28973913192749,-12.059859275817871
Instruct,42,True,4,-3.6646645069122314,-11.343259811401367
Instruct,42,True,5,-3.1325244903564453,-11.121856689453125
Instruct,42,True,6,-3.3530373573303223,-11.434877395629883
Instruct,42,True,7,-2.2372612953186035,-11.422706604003906
Instruct,42,True,8,-1.824237585067749,-11.462015151977539
Instruct,42,True,9,-1.4458032846450806,-11.07998275756836
Instruct,42,True,10,-0.9935449957847595,-10.94076919555664
Instruct,42,True,11,-0.20755034685134888,-10.668548583984375
Instruct,42,True,12,-0.3354406952857971,-9.530298233032227
Instruct,42,True,13,-0.5623546838760376,-9.471269607543945
Instruct,42,True,14,-0.25121670961380005,-9.60751724243164
Instruct,42,True,15,-0.2170519232749939,-9.71284008026123
Instruct,42,True,16,0.5569354891777039,-8.793045043945312
Instruct,42,True,17,0.6101963520050049,-7.941802501678467
Instruct,42,True,18,1.4449623823165894,-7.67955207824707
Instruct,42,True,19,2.84529447555542,-6.08067512512207
Instruct,42,True,20,3.942775249481201,-4.724442481994629
Instruct,42,True,21,7.066623210906982,-1.2938278913497925
Instruct,42,True,22,8.852530479431152,6.898307800292969
Instruct,42,True,23,10.65195083618164,16.068035125732422
Instruct,42,True,24,13.191781044006348,24.921607971191406
Instruct,42,True,25,17.116058349609375,41.19388961791992
Instruct,42,True,26,14.928756713867188,57.275978088378906
Instruct,42,True,27,13.627402305603027,66.1114501953125
Instruct,42,True,28,3.1785125732421875,28.66991424560547
Instruct,43,False,0,-6.068811416625977,-11.553519248962402
Instruct,43,False,1,-6.452152252197266,-11.549551010131836
Instruct,43,False,2,-6.1646728515625,-11.291194915771484
Instruct,43,False,3,-5.972146987915039,-11.123050689697266
Instruct,43,False,4,-5.902484893798828,-10.474151611328125
Instruct,43,False,5,-5.6365556716918945,-10.297761917114258
Instruct,43,False,6,-5.658756732940674,-10.40951156616211
Instruct,43,False,7,-4.816193580627441,-10.335905075073242
Instruct,43,False,8,-4.2836222648620605,-10.150354385375977
Instruct,43,False,9,-4.594789981842041,-10.509735107421875
Instruct,43,False,10,-4.659255027770996,-9.638368606567383
Instruct,43,False,11,-4.372783660888672,-9.688089370727539
Instruct,43,False,12,-4.746621131896973,-9.12116813659668
Instruct,43,False,13,-4.618816375732422,-8.757011413574219
Instruct,43,False,14,-4.339354038238525,-8.90868854522705
Instruct,43,False,15,-4.4187774658203125,-8.932647705078125
Instruct,43,False,16,-3.7524259090423584,-7.674454689025879
Instruct,43,False,17,-3.0763301849365234,-6.875143527984619
Instruct,43,False,18,-2.0848073959350586,-6.281024932861328
Instruct,43,False,19,-1.5259010791778564,-4.803786754608154
Instruct,43,False,20,-1.3759956359863281,-3.4220681190490723
Instruct,43,False,21,-1.4756884574890137,0.5738335251808167
Instruct,43,False,22,-2.8957555294036865,7.158708095550537
Instruct,43,False,23,-3.756624698638916,15.359813690185547
Instruct,43,False,24,-5.152256011962891,23.988685607910156
Instruct,43,False,25,-6.6871514320373535,35.2612190246582
Instruct,43,False,26,-7.291379451751709,48.650978088378906
Instruct,43,False,27,-6.87057638168335,56.267005920410156
Instruct,43,False,28,-7.941957473754883,26.55702018737793
Instruct,44,False,0,-6.039731502532959,-11.52143669128418
Instruct,44,False,1,-5.308310508728027,-11.6876859664917
Instruct,44,False,2,-4.885805130004883,-11.266462326049805
Instruct,44,False,3,-3.936378002166748,-11.560028076171875
Instruct,44,False,4,-3.498425245285034,-11.104654312133789
Instruct,44,False,5,-2.902273654937744,-11.2053804397583
Instruct,44,False,6,-3.2081687450408936,-11.25256633758545
Instruct,44,False,7,-2.164571523666382,-11.014358520507812
Instruct,44,False,8,-1.8971095085144043,-10.88168716430664
Instruct,44,False,9,-1.696009635925293,-10.50334644317627
Instruct,44,False,10,-1.5775377750396729,-10.094606399536133
Instruct,44,False,11,-1.0946900844573975,-10.302875518798828
Instruct,44,False,12,-0.9988921284675598,-9.375072479248047
Instruct,44,False,13,-0.7349020838737488,-9.194733619689941
Instruct,44,False,14,-0.20417408645153046,-9.444938659667969
Instruct,44,False,15,-0.48050355911254883,-9.54656982421875
Instruct,44,False,16,0.19168925285339355,-8.601816177368164
Instruct,44,False,17,0.5336979031562805,-7.649746894836426
Instruct,44,False,18,1.8950250148773193,-6.9054107666015625
Instruct,44,False,19,3.0943589210510254,-5.403039932250977
Instruct,44,False,20,3.339083671569824,-3.807588815689087
Instruct,44,False,21,5.491772651672363,1.3299031257629395
Instruct,44,False,22,6.301762580871582,8.185710906982422
Instruct,44,False,23,6.587291717529297,17.091796875
Instruct,44,False,24,7.800572395324707,26.05858612060547
Instruct,44,False,25,9.033336639404297,40.6058464050293
Instruct,44,False,26,11.795204162597656,54.589111328125
Instruct,44,False,27,10.647890090942383,60.975894927978516
Instruct,44,False,28,0.7855803966522217,27.999305725097656
Instruct,45,True,0,-6.032297611236572,-11.523483276367188
Instruct,45,True,1,-5.585678577423096,-11.582923889160156
Instruct,45,True,2,-5.012149810791016,-11.262432098388672
Instruct,45,True,3,-4.020761489868164,-11.629377365112305
Instruct,45,True,4,-3.654203414916992,-11.262353897094727
Instruct,45,True,5,-3.0628788471221924,-11.355772972106934
Instruct,45,True,6,-3.4296212196350098,-11.339300155639648
Instruct,45,True,7,-2.304004430770874,-11.222623825073242
Instruct,45,True,8,-1.7368677854537964,-11.297552108764648
Instruct,45,True,9,-1.7069660425186157,-11.27519416809082
Instruct,45,True,10,-1.3034653663635254,-10.947853088378906
Instruct,45,True,11,-0.6655330657958984,-10.964747428894043
Instruct,45,True,12,-0.31997430324554443,-10.337392807006836
Instruct,45,True,13,-0.08003365993499756,-10.083246231079102
Instruct,45,True,14,0.3855680823326111,-10.015718460083008
Instruct,45,True,15,0.32223209738731384,-10.096654891967773
Instruct,45,True,16,1.0703983306884766,-9.108287811279297
Instruct,45,True,17,2.3246278762817383,-8.87979507446289
Instruct,45,True,18,3.771763801574707,-7.466455459594727
Instruct,45,True,19,5.304429531097412,-5.525323867797852
Instruct,45,True,20,6.062649250030518,-4.171384811401367
Instruct,45,True,21,8.276755332946777,0.1809152364730835
Instruct,45,True,22,8.871944427490234,7.20028829574585
Instruct,45,True,23,9.882079124450684,15.714448928833008
Instruct,45,True,24,11.123224258422852,24.214401245117188
Instruct,45,True,25,12.018123626708984,37.46495819091797
Instruct,45,True,26,15.128338813781738,51.99910354614258
Instruct,45,True,27,15.123639106750488,57.61029052734375
Instruct,45,True,28,4.161501407623291,26.94222640991211
Instruct,46,False,0,-6.062412738800049,-11.555692672729492
Instruct,46,False,1,-5.894535064697266,-11.74126148223877
Instruct,46,False,2,-5.641659736633301,-11.399055480957031
Instruct,46,False,3,-5.150591850280762,-11.579408645629883
Instruct,46,False,4,-4.680338382720947,-11.16938591003418
Instruct,46,False,5,-4.05522346496582,-11.164125442504883
Instruct,46,False,6,-4.44991397857666,-11.35440444946289
Instruct,46,False,7,-3.7005863189697266,-10.890081405639648
Instruct,46,False,8,-3.1745636463165283,-11.036850929260254
Instruct,46,False,9,-3.1752779483795166,-10.815899848937988
Instruct,46,False,10,-3.126760482788086,-10.83963394165039
Instruct,46,False,11,-2.9161369800567627,-10.862716674804688
Instruct,46,False,12,-2.8281264305114746,-10.010217666625977
Instruct,46,False,13,-2.924006700515747,-9.645275115966797
Instruct,46,False,14,-2.8482682704925537,-9.81344223022461
Instruct,46,False,15,-2.803305149078369,-9.882458686828613
Instruct,46,False,16,-2.779507637023926,-8.99022102355957
Instruct,46,False,17,-2.7154221534729004,-8.402097702026367
Instruct,46,False,18,-2.439207077026367,-7.561153888702393
Instruct,46,False,19,-1.7436103820800781,-6.4786376953125
Instruct,46,False,20,-1.6006946563720703,-5.749611854553223
Instruct,46,False,21,0.4416981339454651,-2.8555080890655518
Instruct,46,False,22,0.05869781970977783,3.7133584022521973
Instruct,46,False,23,0.7404103875160217,9.911630630493164
Instruct,46,False,24,0.3551962077617645,17.653362274169922
Instruct,46,False,25,1.094106912612915,28.21744728088379
Instruct,46,False,26,-0.19225448369979858,41.33608627319336
Instruct,46,False,27,-2.3096141815185547,50.28489685058594
Instruct,46,False,28,-5.409621715545654,23.297039031982422
Instruct,47,False,0,-6.045631408691406,-11.524065017700195
Instruct,47,False,1,-5.753557205200195,-11.645380020141602
Instruct,47,False,2,-5.353313446044922,-11.344038009643555
Instruct,47,False,3,-4.575060844421387,-11.589814186096191
Instruct,47,False,4,-4.16810417175293,-11.004339218139648
Instruct,47,False,5,-3.521786689758301,-11.220735549926758
Instruct,47,False,6,-3.8565733432769775,-11.354301452636719
Instruct,47,False,7,-2.790555477142334,-10.980157852172852
Instruct,47,False,8,-2.288283586502075,-11.139244079589844
Instruct,47,False,9,-2.2667415142059326,-11.012411117553711
Instruct,47,False,10,-2.0529861450195312,-10.68542766571045
Instruct,47,False,11,-1.4484848976135254,-10.882525444030762
Instruct,47,False,12,-1.2889084815979004,-10.291023254394531
Instruct,47,False,13,-1.0587091445922852,-9.871440887451172
Instruct,47,False,14,-0.904584527015686,-9.945053100585938
Instruct,47,False,15,-0.9317750930786133,-9.961125373840332
Instruct,47,False,16,-0.19189216196537018,-9.223690032958984
Instruct,47,False,17,0.6185398101806641,-8.531250953674316
Instruct,47,False,18,2.064868927001953,-7.218223571777344
Instruct,47,False,19,2.9683923721313477,-5.657219409942627
Instruct,47,False,20,3.337606906890869,-4.258331298828125
Instruct,47,False,21,5.4349775314331055,0.08079800009727478
Instruct,47,False,22,6.722513198852539,6.782866954803467
Instruct,47,False,23,7.276334762573242,16.105731964111328
Instruct,47,False,24,8.628134727478027,25.612565994262695
Instruct,47,False,25,11.026968002319336,39.04863739013672
Instruct,47,False,26,13.799886703491211,53.02815246582031
Instruct,47,False,27,14.377912521362305,61.72962951660156
Instruct,47,False,28,3.1750664710998535,28.838531494140625
Instruct,48,True,0,-6.037746906280518,-11.54819107055664
Instruct,48,True,1,-5.264027118682861,-11.698589324951172
Instruct,48,True,2,-4.832953929901123,-11.21364974975586
Instruct,48,True,3,-4.087765693664551,-11.528104782104492
Instruct,48,True,4,-3.6493144035339355,-11.16269302368164
Instruct,48,True,5,-2.958204746246338,-10.93303108215332
Instruct,48,True,6,-3.071688652038574,-11.095060348510742
Instruct,48,True,7,-1.9702342748641968,-10.953943252563477
Instruct,48,True,8,-0.9903354048728943,-10.934260368347168
Instruct,48,True,9,-0.9152371883392334,-10.643694877624512
Instruct,48,True,10,-0.4800342321395874,-10.641385078430176
Instruct,48,True,11,-0.13238483667373657,-10.745758056640625
Instruct,48,True,12,0.30578380823135376,-9.873801231384277
Instruct,48,True,13,0.8146122097969055,-9.706497192382812
Instruct,48,True,14,1.4029884338378906,-9.68531608581543
Instruct,48,True,15,1.5286672115325928,-10.090128898620605
Instruct,48,True,16,2.6036438941955566,-8.677043914794922
Instruct,48,True,17,3.1386656761169434,-7.91564416885376
Instruct,48,True,18,3.8792781829833984,-6.711775779724121
Instruct,48,True,19,5.011629104614258,-5.316790580749512
Instruct,48,True,20,6.303444862365723,-4.220149040222168
Instruct,48,True,21,8.368073463439941,-0.07535934448242188
Instruct,48,True,22,9.485506057739258,7.6644792556762695
Instruct,48,True,23,10.684015274047852,15.428247451782227
Instruct,48,True,24,11.875544548034668,23.660371780395508
Instruct,48,True,25,13.2711763381958,36.078487396240234
Instruct,48,True,26,14.69782829284668,49.862884521484375
Instruct,48,True,27,13.924166679382324,57.791419982910156
Instruct,48,True,28,2.6222362518310547,27.341154098510742
Instruct,49,True,0,-6.032353401184082,-11.5372314453125
Instruct,49,True,1,-5.6895527839660645,-11.60472297668457
Instruct,49,True,2,-5.133697986602783,-11.303319931030273
Instruct,49,True,3,-4.346718788146973,-11.549196243286133
Instruct,49,True,4,-3.8440539836883545,-11.052661895751953
Instruct,49,True,5,-3.270998954772949,-10.938375473022461
Instruct,49,True,6,-3.5483620166778564,-11.104240417480469
Instruct,49,True,7,-2.666077136993408,-10.858574867248535
Instruct,49,True,8,-1.7878814935684204,-11.119571685791016
Instruct,49,True,9,-1.8585633039474487,-10.785300254821777
Instruct,49,True,10,-1.500589370727539,-10.678485870361328
Instruct,49,True,11,-0.8913856148719788,-10.932107925415039
Instruct,49,True,12,-0.5316073298454285,-10.04296875
Instruct,49,True,13,-0.1260301023721695,-9.796022415161133
Instruct,49,True,14,0.472137987613678,-9.702986717224121
Instruct,49,True,15,0.4029883146286011,-9.868401527404785
Instruct,49,True,16,1.280867338180542,-8.99139404296875
Instruct,49,True,17,2.3547093868255615,-8.34296989440918
Instruct,49,True,18,4.352084159851074,-6.751389503479004
Instruct,49,True,19,5.879752159118652,-5.173410415649414
Instruct,49,True,20,6.28387451171875,-3.7597734928131104
Instruct,49,True,21,8.539119720458984,0.12479294836521149
Instruct,49,True,22,9.686419486999512,6.96121072769165
Instruct,49,True,23,10.957117080688477,14.528602600097656
Instruct,49,True,24,12.114201545715332,22.79084014892578
Instruct,49,True,25,15.060741424560547,33.78260803222656
Instruct,49,True,26,17.371292114257812,46.92937469482422
Instruct,49,True,27,18.136550903320312,53.77742004394531
Instruct,49,True,28,6.3342180252075195,26.985431671142578
Instruct,50,False,0,-6.057214736938477,-11.52884292602539
Instruct,50,False,1,-6.17665958404541,-11.565587043762207
Instruct,50,False,2,-5.844940185546875,-11.237875938415527
Instruct,50,False,3,-5.199872970581055,-11.349211692810059
Instruct,50,False,4,-5.064666748046875,-10.870658874511719
Instruct,50,False,5,-4.8203125,-10.913110733032227
Instruct,50,False,6,-5.11684513092041,-10.898529052734375
Instruct,50,False,7,-4.193171977996826,-10.561727523803711
Instruct,50,False,8,-3.8832454681396484,-10.383052825927734
Instruct,50,False,9,-4.080563545227051,-10.300530433654785
Instruct,50,False,10,-4.4346771240234375,-9.627120018005371
Instruct,50,False,11,-3.9321651458740234,-9.5814208984375
Instruct,50,False,12,-3.906804323196411,-8.542377471923828
Instruct,50,False,13,-3.6542930603027344,-8.532495498657227
Instruct,50,False,14,-3.367401123046875,-8.638694763183594
Instruct,50,False,15,-3.448547840118408,-8.763093948364258
Instruct,50,False,16,-2.8531551361083984,-7.833337783813477
Instruct,50,False,17,-2.3271803855895996,-7.09422492980957
Instruct,50,False,18,-1.0233490467071533,-6.285686492919922
Instruct,50,False,19,-0.06559628248214722,-4.689779281616211
Instruct,50,False,20,0.3316519856452942,-3.3853445053100586
Instruct,50,False,21,1.5511540174484253,1.6202061176300049
Instruct,50,False,22,1.6184762716293335,8.428115844726562
Instruct,50,False,23,1.2438210248947144,17.717802047729492
Instruct,50,False,24,0.3912118077278137,26.764610290527344
Instruct,50,False,25,0.7647382020950317,39.772377014160156
Instruct,50,False,26,2.287926435470581,54.212646484375
Instruct,50,False,27,0.9230332374572754,61.87980651855469
Instruct,50,False,28,-4.400426864624023,29.63671112060547
Instruct,51,False,0,-6.078092575073242,-11.55603313446045
Instruct,51,False,1,-6.210885047912598,-11.69778823852539
Instruct,51,False,2,-5.996307849884033,-11.367938041687012
Instruct,51,False,3,-5.645463943481445,-11.447822570800781
Instruct,51,False,4,-5.565840244293213,-10.912992477416992
Instruct,51,False,5,-5.444762229919434,-11.06761360168457
Instruct,51,False,6,-5.509044647216797,-10.85270881652832
Instruct,51,False,7,-5.092255115509033,-10.399972915649414
Instruct,51,False,8,-4.952627182006836,-10.444986343383789
Instruct,51,False,9,-4.967698097229004,-10.39196491241455
Instruct,51,False,10,-4.734009742736816,-10.110685348510742
Instruct,51,False,11,-4.559606552124023,-10.124244689941406
Instruct,51,False,12,-4.653785705566406,-9.646872520446777
Instruct,51,False,13,-4.81866455078125,-9.441515922546387
Instruct,51,False,14,-4.786111831665039,-9.369524002075195
Instruct,51,False,15,-4.889017105102539,-9.492124557495117
Instruct,51,False,16,-4.778003692626953,-8.813746452331543
Instruct,51,False,17,-5.542109489440918,-7.854320526123047
Instruct,51,False,18,-5.3449015617370605,-7.281377792358398
Instruct,51,False,19,-4.882506370544434,-6.37453556060791
Instruct,51,False,20,-5.186768531799316,-5.866870880126953
Instruct,51,False,21,-4.922974109649658,-2.149254322052002
Instruct,51,False,22,-6.896071434020996,3.729340076446533
Instruct,51,False,23,-7.911043167114258,9.581849098205566
Instruct,51,False,24,-8.733296394348145,16.077896118164062
Instruct,51,False,25,-11.196447372436523,26.234006881713867
Instruct,51,False,26,-12.215032577514648,36.645896911621094
Instruct,51,False,27,-15.303348541259766,44.96783447265625
Instruct,51,False,28,-13.017658233642578,20.55611228942871
Instruct,52,True,0,-6.036258697509766,-11.519468307495117
Instruct,52,True,1,-5.380083084106445,-11.784561157226562
Instruct,52,True,2,-4.975061416625977,-11.412025451660156
Instruct,52,True,3,-3.8849384784698486,-11.725336074829102
Instruct,52,True,4,-3.4205780029296875,-11.096622467041016
Instruct,52,True,5,-2.62168288230896,-11.295625686645508
Instruct,52,True,6,-2.9503583908081055,-11.38809585571289
Instruct,52,True,7,-1.8468563556671143,-11.463122367858887
Instruct,52,True,8,-1.155544400215149,-11.60421085357666
Instruct,52,True,9,-1.254501461982727,-11.315187454223633
Instruct,52,True,10,-1.0496957302093506,-11.013808250427246
Instruct,52,True,11,-0.5482758283615112,-10.990838050842285
Instruct,52,True,12,-0.5885567665100098,-10.37809944152832
Instruct,52,True,13,-0.35027989745140076,-10.065752029418945
Instruct,52,True,14,0.030754536390304565,-9.991788864135742
Instruct,52,True,15,0.05188657343387604,-10.052553176879883
Instruct,52,True,16,0.5838108658790588,-9.269464492797852
Instruct,52,True,17,0.8924124836921692,-8.464198112487793
Instruct,52,True,18,2.0611579418182373,-7.651435375213623
Instruct,52,True,19,3.3966140747070312,-6.5970964431762695
Instruct,52,True,20,3.9959874153137207,-5.428586006164551
Instruct,52,True,21,5.993274688720703,-1.0467920303344727
Instruct,52,True,22,6.990057945251465,5.248717308044434
Instruct,52,True,23,7.579636573791504,13.413476943969727
Instruct,52,True,24,9.889153480529785,22.877859115600586
Instruct,52,True,25,10.918329238891602,37.01899337768555
Instruct,52,True,26,14.15102767944336,52.249961853027344
Instruct,52,True,27,13.646291732788086,58.995819091796875
Instruct,52,True,28,2.1252849102020264,23.70899772644043
Instruct,53,True,0,-6.055866241455078,-11.5425386428833
Instruct,53,True,1,-6.237524032592773,-11.561861038208008
Instruct,53,True,2,-5.689639568328857,-11.220555305480957
Instruct,53,True,3,-4.982877254486084,-11.452363014221191
Instruct,53,True,4,-4.734476089477539,-11.000968933105469
Instruct,53,True,5,-4.120047569274902,-10.905399322509766
Instruct,53,True,6,-4.4897003173828125,-10.898137092590332
Instruct,53,True,7,-3.5380947589874268,-10.524242401123047
Instruct,53,True,8,-3.215264320373535,-10.711642265319824
Instruct,53,True,9,-3.3372581005096436,-10.498323440551758
Instruct,53,True,10,-3.0861244201660156,-9.926749229431152
Instruct,53,True,11,-2.4111123085021973,-10.00964641571045
Instruct,53,True,12,-2.0561108589172363,-9.387989044189453
Instruct,53,True,13,-1.6581312417984009,-9.079631805419922
Instruct,53,True,14,-1.4772067070007324,-8.812129974365234
Instruct,53,True,15,-1.6151411533355713,-8.94127082824707
Instruct,53,True,16,-1.2180054187774658,-8.314041137695312
Instruct,53,True,17,-0.9948431849479675,-7.966243267059326
Instruct,53,True,18,0.5043609738349915,-6.910379886627197
Instruct,53,True,19,1.6721470355987549,-5.225268363952637
Instruct,53,True,20,2.1834473609924316,-3.843451499938965
Instruct,53,True,21,3.838174819946289,0.6725211143493652
Instruct,53,True,22,4.295621871948242,6.90490198135376
Instruct,53,True,23,4.325344085693359,15.078272819519043
Instruct,53,True,24,5.012765884399414,23.700212478637695
Instruct,53,True,25,5.761415004730225,36.00189208984375
Instruct,53,True,26,8.255646705627441,49.09661102294922
Instruct,53,True,27,7.648902893066406,57.17076873779297
Instruct,53,True,28,-0.2305910587310791,28.11771583557129
Instruct,54,True,0,-6.037808895111084,-11.543113708496094
Instruct,54,True,1,-5.542710304260254,-11.7819185256958
Instruct,54,True,2,-5.006034851074219,-11.458895683288574
Instruct,54,True,3,-4.079894065856934,-11.666096687316895
Instruct,54,True,4,-3.3865489959716797,-11.123186111450195
Instruct,54,True,5,-2.537600040435791,-11.23121166229248
Instruct,54,True,6,-2.8559341430664062,-11.485212326049805
Instruct,54,True,7,-1.777840256690979,-11.080801010131836
Instruct,54,True,8,-1.2425600290298462,-11.202028274536133
Instruct,54,True,9,-1.047302007675171,-11.232552528381348
Instruct,54,True,10,-0.7496172189712524,-11.162175178527832
Instruct,54,True,11,0.36919108033180237,-11.348213195800781
Instruct,54,True,12,0.7969571352005005,-10.542478561401367
Instruct,54,True,13,1.0326154232025146,-10.469948768615723
Instruct,54,True,14,1.361506700515747,-10.330480575561523
Instruct,54,True,15,1.5369526147842407,-10.446778297424316
Instruct,54,True,16,2.4543616771698,-9.512664794921875
Instruct,54,True,17,3.2522459030151367,-8.945701599121094
Instruct,54,True,18,4.446662902832031,-7.63753080368042
Instruct,54,True,19,5.659343719482422,-6.026602745056152
Instruct,54,True,20,6.3167266845703125,-5.089901924133301
Instruct,54,True,21,9.452184677124023,-1.6892489194869995
Instruct,54,True,22,11.198880195617676,5.04237699508667
Instruct,54,True,23,13.22689437866211,12.380170822143555
Instruct,54,True,24,16.052749633789062,20.551212310791016
Instruct,54,True,25,19.451339721679688,31.904186248779297
Instruct,54,True,26,21.562332153320312,44.800079345703125
Instruct,54,True,27,20.50916862487793,53.2320556640625
Instruct,54,True,28,6.606945991516113,21.62283706665039
Instruct,55,True,0,-6.041966915130615,-11.577190399169922
Instruct,55,True,1,-5.598857879638672,-11.664508819580078
Instruct,55,True,2,-5.096442222595215,-11.262455940246582
Instruct,55,True,3,-4.437563419342041,-11.514138221740723
Instruct,55,True,4,-3.7865490913391113,-10.96537971496582
Instruct,55,True,5,-3.4738314151763916,-10.769506454467773
Instruct,55,True,6,-3.622710704803467,-10.881805419921875
Instruct,55,True,7,-3.147125482559204,-10.6925630569458
Instruct,55,True,8,-2.592646360397339,-10.818370819091797
Instruct,55,True,9,-2.6129472255706787,-10.760859489440918
Instruct,55,True,10,-2.087769031524658,-10.385242462158203
Instruct,55,True,11,-1.710537075996399,-10.609718322753906
Instruct,55,True,12,-1.2722232341766357,-9.851188659667969
Instruct,55,True,13,-1.0211174488067627,-9.452537536621094
Instruct,55,True,14,-0.4653794765472412,-9.457335472106934
Instruct,55,True,15,-0.3563724160194397,-10.035222053527832
Instruct,55,True,16,0.7948859930038452,-9.080902099609375
Instruct,55,True,17,1.4243485927581787,-8.18197250366211
Instruct,55,True,18,2.936044216156006,-7.081907272338867
Instruct,55,True,19,3.966261625289917,-5.5261006355285645
Instruct,55,True,20,4.462043762207031,-4.389583587646484
Instruct,55,True,21,6.283946990966797,-0.6743455529212952
Instruct,55,True,22,6.958924770355225,6.752857208251953
Instruct,55,True,23,8.965364456176758,13.702274322509766
Instruct,55,True,24,10.037445068359375,21.134464263916016
Instruct,55,True,25,13.065485954284668,31.745201110839844
Instruct,55,True,26,14.71181869506836,43.20097351074219
Instruct,55,True,27,14.737127304077148,50.097373962402344
Instruct,55,True,28,4.276957988739014,23.57006072998047
Instruct,56,True,0,-6.045424461364746,-11.547162055969238
Instruct,56,True,1,-5.402111053466797,-11.672592163085938
Instruct,56,True,2,-4.885970592498779,-11.362607955932617
Instruct,56,True,3,-4.246966361999512,-11.670515060424805
Instruct,56,True,4,-3.833315849304199,-11.196778297424316
Instruct,56,True,5,-3.0701944828033447,-11.232369422912598
Instruct,56,True,6,-3.1688239574432373,-11.224727630615234
Instruct,56,True,7,-2.367283344268799,-10.970474243164062
Instruct,56,True,8,-1.8595415353775024,-10.920827865600586
Instruct,56,True,9,-1.729496955871582,-10.820858001708984
Instruct,56,True,10,-1.4026743173599243,-10.240352630615234
Instruct,56,True,11,-0.6462912559509277,-10.449066162109375
Instruct,56,True,12,-0.6319659352302551,-9.566793441772461
Instruct,56,True,13,-0.39882880449295044,-9.506155014038086
Instruct,56,True,14,-0.04620378464460373,-9.442099571228027
Instruct,56,True,15,0.21090129017829895,-9.756328582763672
Instruct,56,True,16,1.0499690771102905,-8.937555313110352
Instruct,56,True,17,1.4737411737442017,-7.960886478424072
Instruct,56,True,18,2.7146997451782227,-6.999723434448242
Instruct,56,True,19,3.5722618103027344,-5.748291969299316
Instruct,56,True,20,4.241847038269043,-4.709412097930908
Instruct,56,True,21,5.801859378814697,-0.7176666855812073
Instruct,56,True,22,6.04563570022583,6.819849014282227
Instruct,56,True,23,7.374648571014404,13.852788925170898
Instruct,56,True,24,8.250285148620605,22.378009796142578
Instruct,56,True,25,9.031845092773438,33.27029037475586
Instruct,56,True,26,10.249330520629883,44.69956970214844
Instruct,56,True,27,10.744707107543945,52.12237548828125
Instruct,56,True,28,3.0133590698242188,27.772445678710938
Instruct,57,False,0,-6.058116912841797,-11.537200927734375
Instruct,57,False,1,-6.171891212463379,-11.620269775390625
Instruct,57,False,2,-5.807554721832275,-11.348686218261719
Instruct,57,False,3,-5.229036331176758,-11.528223037719727
Instruct,57,False,4,-5.008549690246582,-11.080571174621582
Instruct,57,False,5,-4.563651084899902,-11.26488208770752
Instruct,57,False,6,-4.950440406799316,-11.170720100402832
Instruct,57,False,7,-4.059596061706543,-10.72057056427002
Instruct,57,False,8,-3.694056987762451,-10.913352012634277
Instruct,57,False,9,-3.6864097118377686,-10.719442367553711
Instruct,57,False,10,-3.457606792449951,-10.427558898925781
Instruct,57,False,11,-2.7492918968200684,-10.420305252075195
Instruct,57,False,12,-2.8272805213928223,-10.08435344696045
Instruct,57,False,13,-2.6530916690826416,-9.8314208984375
Instruct,57,False,14,-2.4581665992736816,-9.8431396484375
Instruct,57,False,15,-2.2875232696533203,-10.06590461730957
Instruct,57,False,16,-1.7708702087402344,-9.211691856384277
Instruct,57,False,17,-1.2288057804107666,-8.179676055908203
Instruct,57,False,18,-0.008631348609924316,-7.281610488891602
Instruct,57,False,19,0.9310118556022644,-6.09216833114624
Instruct,57,False,20,0.9941199421882629,-5.0284833908081055
Instruct,57,False,21,2.7473325729370117,-1.9617968797683716
Instruct,57,False,22,2.5396411418914795,3.4929981231689453
Instruct,57,False,23,2.8774006366729736,10.69188117980957
Instruct,57,False,24,3.5130271911621094,18.240251541137695
Instruct,57,False,25,4.663580894470215,28.92894172668457
Instruct,57,False,26,5.442575454711914,42.09822082519531
Instruct,57,False,27,4.260491847991943,49.77864074707031
Instruct,57,False,28,-1.3889234066009521,24.79905891418457
Instruct,58,True,0,-6.06407356262207,-11.522977828979492
Instruct,58,True,1,-6.153160572052002,-11.50214958190918
Instruct,58,True,2,-5.837336540222168,-11.304184913635254
Instruct,58,True,3,-4.955029010772705,-11.51926040649414
Instruct,58,True,4,-4.546885967254639,-11.078773498535156
Instruct,58,True,5,-4.175675392150879,-10.885544776916504
Instruct,58,True,6,-4.433531761169434,-10.936919212341309
Instruct,58,True,7,-3.551090955734253,-10.619990348815918
Instruct,58,True,8,-3.1094789505004883,-10.761161804199219
Instruct,58,True,9,-2.579831123352051,-10.312597274780273
Instruct,58,True,10,-2.316628932952881,-9.934669494628906
Instruct,58,True,11,-1.5572272539138794,-10.204246520996094
Instruct,58,True,12,-1.1778669357299805,-9.545048713684082
Instruct,58,True,13,-1.0949981212615967,-9.41154670715332
Instruct,58,True,14,-0.6404878497123718,-9.3554048538208
Instruct,58,True,15,-1.0839730501174927,-9.481749534606934
Instruct,58,True,16,-0.5318089723587036,-8.725177764892578
Instruct,58,True,17,0.19084131717681885,-7.992238521575928
Instruct,58,True,18,1.556883454322815,-7.023603439331055
Instruct,58,True,19,3.012559652328491,-5.2149457931518555
Instruct,58,True,20,2.952322244644165,-3.774291515350342
Instruct,58,True,21,5.291699409484863,1.1806424856185913
Instruct,58,True,22,5.580719947814941,7.357768535614014
Instruct,58,True,23,6.110572814941406,16.13457489013672
Instruct,58,True,24,6.679324150085449,25.254220962524414
Instruct,58,True,25,9.159111022949219,38.34623336791992
Instruct,58,True,26,11.739579200744629,52.245689392089844
Instruct,58,True,27,11.231191635131836,59.47641372680664
Instruct,58,True,28,2.9563710689544678,29.195480346679688
Instruct,59,True,0,-6.047876358032227,-11.554855346679688
Instruct,59,True,1,-5.625059127807617,-11.738908767700195
Instruct,59,True,2,-5.338813304901123,-11.431509017944336
Instruct,59,True,3,-4.655975341796875,-11.348455429077148
Instruct,59,True,4,-3.873762369155884,-10.646045684814453
Instruct,59,True,5,-3.2812654972076416,-10.671268463134766
Instruct,59,True,6,-3.349135160446167,-11.00666618347168
Instruct,59,True,7,-2.7834811210632324,-10.735082626342773
Instruct,59,True,8,-1.8187198638916016,-10.760311126708984
Instruct,59,True,9,-1.7936270236968994,-10.581295013427734
Instruct,59,True,10,-1.2006467580795288,-10.604951858520508
Instruct,59,True,11,-1.0033423900604248,-10.56479549407959
Instruct,59,True,12,0.18059846758842468,-9.726917266845703
Instruct,59,True,13,0.088690847158432,-9.570846557617188
Instruct,59,True,14,0.7417570948600769,-9.482610702514648
Instruct,59,True,15,0.7163274884223938,-9.409063339233398
Instruct,59,True,16,1.82621431350708,-8.419393539428711
Instruct,59,True,17,2.048643112182617,-7.5887837409973145
Instruct,59,True,18,3.2875332832336426,-7.002811908721924
Instruct,59,True,19,4.5594635009765625,-5.39872407913208
Instruct,59,True,20,5.632512092590332,-4.156877517700195
Instruct,59,True,21,8.140013694763184,-1.1310806274414062
Instruct,59,True,22,8.95425033569336,5.913936614990234
Instruct,59,True,23,10.03272819519043,13.514494895935059
Instruct,59,True,24,10.374094009399414,21.23438262939453
Instruct,59,True,25,12.020404815673828,30.794239044189453
Instruct,59,True,26,12.052912712097168,44.13359832763672
Instruct,59,True,27,12.430688858032227,52.58540725708008
Instruct,59,True,28,2.921241521835327,23.279006958007812
Instruct,60,False,0,-6.043739318847656,-11.550809860229492
Instruct,60,False,1,-5.8152008056640625,-11.680313110351562
Instruct,60,False,2,-5.338239669799805,-11.27911376953125
Instruct,60,False,3,-4.564779758453369,-11.403661727905273
Instruct,60,False,4,-4.0984039306640625,-10.835803985595703
Instruct,60,False,5,-3.632053852081299,-10.755865097045898
Instruct,60,False,6,-3.974611520767212,-10.815556526184082
Instruct,60,False,7,-3.113398551940918,-10.546991348266602
Instruct,60,False,8,-2.5850884914398193,-10.919195175170898
Instruct,60,False,9,-2.5196261405944824,-10.435479164123535
Instruct,60,False,10,-2.436246156692505,-10.458698272705078
Instruct,60,False,11,-2.0603127479553223,-10.754487991333008
Instruct,60,False,12,-1.8481965065002441,-10.134952545166016
Instruct,60,False,13,-1.9867746829986572,-9.703919410705566
Instruct,60,False,14,-1.5712850093841553,-9.65729808807373
Instruct,60,False,15,-1.5692825317382812,-9.779305458068848
Instruct,60,False,16,-0.9936480522155762,-9.189513206481934
Instruct,60,False,17,-0.4057438373565674,-8.58620834350586
Instruct,60,False,18,0.9489399194717407,-7.401025772094727
Instruct,60,False,19,2.0053343772888184,-6.113856315612793
Instruct,60,False,20,2.1713857650756836,-4.738312721252441
Instruct,60,False,21,3.696516513824463,-0.6667594909667969
Instruct,60,False,22,3.5883805751800537,6.7345685958862305
Instruct,60,False,23,4.747118949890137,13.521733283996582
Instruct,60,False,24,4.3683061599731445,21.710575103759766
Instruct,60,False,25,5.071861267089844,33.21857452392578
Instruct,60,False,26,6.307291507720947,45.923458099365234
Instruct,60,False,27,5.182342529296875,52.304134368896484
Instruct,60,False,28,-2.0032715797424316,24.297374725341797
Instruct,61,True,0,-6.075088977813721,-11.53970718383789
Instruct,61,True,1,-5.782632827758789,-11.500325202941895
Instruct,61,True,2,-5.385202407836914,-11.265316009521484
Instruct,61,True,3,-4.857550621032715,-11.375868797302246
Instruct,61,True,4,-4.566400527954102,-11.018442153930664
Instruct,61,True,5,-3.7599895000457764,-11.083285331726074
Instruct,61,True,6,-4.023442268371582,-10.897369384765625
Instruct,61,True,7,-3.436250686645508,-10.391952514648438
Instruct,61,True,8,-3.049899101257324,-10.620647430419922
Instruct,61,True,9,-2.719184160232544,-10.41647720336914
Instruct,61,True,10,-2.710874319076538,-9.90602970123291
Instruct,61,True,11,-2.029996871948242,-10.511354446411133
Instruct,61,True,12,-1.572596549987793,-9.819629669189453
Instruct,61,True,13,-1.3646198511123657,-9.187195777893066
Instruct,61,True,14,-0.8430286049842834,-9.436463356018066
Instruct,61,True,15,-0.8501830697059631,-9.415620803833008
Instruct,61,True,16,0.22950994968414307,-8.424428939819336
Instruct,61,True,17,1.4823708534240723,-7.845250606536865
Instruct,61,True,18,3.0259037017822266,-6.52126407623291
Instruct,61,True,19,4.485205173492432,-5.048494338989258
Instruct,61,True,20,4.816362380981445,-3.5736258029937744
Instruct,61,True,21,7.579455375671387,0.7556671500205994
Instruct,61,True,22,8.049308776855469,7.73167610168457
Instruct,61,True,23,8.023608207702637,15.724288940429688
Instruct,61,True,24,7.807069778442383,24.157337188720703
Instruct,61,True,25,8.506046295166016,35.09745788574219
Instruct,61,True,26,9.060060501098633,48.31758117675781
Instruct,61,True,27,9.665143013000488,56.130340576171875
Instruct,61,True,28,1.9570244550704956,27.65472412109375
Instruct,62,False,0,-6.069153785705566,-11.536865234375
Instruct,62,False,1,-6.328088760375977,-11.50090503692627
Instruct,62,False,2,-6.166476249694824,-11.185523986816406
Instruct,62,False,3,-5.641116142272949,-11.2517728805542
Instruct,62,False,4,-5.452029705047607,-10.841009140014648
Instruct,62,False,5,-5.225566864013672,-10.982390403747559
Instruct,62,False,6,-5.443733215332031,-10.87713623046875
Instruct,62,False,7,-4.831181526184082,-10.802932739257812
Instruct,62,False,8,-4.6871185302734375,-11.016426086425781
Instruct,62,False,9,-4.429083824157715,-10.771357536315918
Instruct,62,False,10,-4.803487300872803,-10.068441390991211
Instruct,62,False,11,-4.2728776931762695,-10.057875633239746
Instruct,62,False,12,-4.281270980834961,-9.52457046508789
Instruct,62,False,13,-4.334390163421631,-9.168530464172363
Instruct,62,False,14,-4.1478118896484375,-9.236540794372559
Instruct,62,False,15,-4.168788909912109,-9.27369213104248
Instruct,62,False,16,-4.04845666885376,-8.637243270874023
Instruct,62,False,17,-3.7350106239318848,-8.050507545471191
Instruct,62,False,18,-2.849738121032715,-7.146916389465332
Instruct,62,False,19,-2.007944345474243,-5.718069076538086
Instruct,62,False,20,-2.00097918510437,-4.660396099090576
Instruct,62,False,21,-1.7192245721817017,-0.5791051387786865
Instruct,62,False,22,-3.0609445571899414,5.039168357849121
Instruct,62,False,23,-3.5418381690979004,12.680148124694824
Instruct,62,False,24,-4.513638496398926,20.615964889526367
Instruct,62,False,25,-3.588085651397705,32.07036209106445
Instruct,62,False,26,-2.271890163421631,45.44816589355469
Instruct,62,False,27,-3.34861421585083,53.58657455444336
Instruct,62,False,28,-5.987281799316406,25.94260025024414
Instruct,63,True,0,-6.045051574707031,-11.521595001220703
Instruct,63,True,1,-5.867847442626953,-11.61568546295166
Instruct,63,True,2,-5.4788737297058105,-11.27699089050293
Instruct,63,True,3,-4.68221378326416,-11.57603645324707
Instruct,63,True,4,-4.397444248199463,-11.010490417480469
Instruct,63,True,5,-3.851438283920288,-10.911252975463867
Instruct,63,True,6,-4.170526504516602,-10.843517303466797
Instruct,63,True,7,-3.377593517303467,-10.772354125976562
Instruct,63,True,8,-3.05536150932312,-10.66837215423584
Instruct,63,True,9,-2.788989305496216,-10.571357727050781
Instruct,63,True,10,-3.0256175994873047,-9.96708869934082
Instruct,63,True,11,-2.636431932449341,-10.178093910217285
Instruct,63,True,12,-2.628385305404663,-9.668060302734375
Instruct,63,True,13,-2.4386115074157715,-9.38304328918457
Instruct,63,True,14,-2.2149670124053955,-9.203411102294922
Instruct,63,True,15,-2.000272274017334,-9.370500564575195
Instruct,63,True,16,-1.1052852869033813,-8.577091217041016
Instruct,63,True,17,-0.34765198826789856,-8.049009323120117
Instruct,63,True,18,1.1255621910095215,-6.873692512512207
Instruct,63,True,19,2.150390148162842,-5.365757942199707
Instruct,63,True,20,2.461832046508789,-4.131115436553955
Instruct,63,True,21,3.3560304641723633,0.8497263193130493
Instruct,63,True,22,3.2258219718933105,7.349702835083008
Instruct,63,True,23,3.168776035308838,16.46188735961914
Instruct,63,True,24,4.206904411315918,25.24661636352539
Instruct,63,True,25,5.714241981506348,38.5059814453125
Instruct,63,True,26,7.756350994110107,52.769264221191406
Instruct,63,True,27,6.781671524047852,60.53607940673828
Instruct,63,True,28,-0.7871508002281189,28.627748489379883
Instruct,64,True,0,-6.032011985778809,-11.54796028137207
Instruct,64,True,1,-5.646886825561523,-11.714042663574219
Instruct,64,True,2,-5.27137565612793,-11.353680610656738
Instruct,64,True,3,-4.359698295593262,-11.523198127746582
Instruct,64,True,4,-4.108515739440918,-11.169271469116211
Instruct,64,True,5,-3.699289321899414,-11.497575759887695
Instruct,64,True,6,-3.841817855834961,-11.198541641235352
Instruct,64,True,7,-2.9709715843200684,-11.1239652633667
Instruct,64,True,8,-2.3891849517822266,-10.929677963256836
Instruct,64,True,9,-2.4566338062286377,-11.055839538574219
Instruct,64,True,10,-2.205728769302368,-10.33498764038086
Instruct,64,True,11,-1.586293339729309,-10.49112319946289
Instruct,64,True,12,-1.8772828578948975,-9.532512664794922
Instruct,64,True,13,-1.676482915878296,-9.568741798400879
Instruct,64,True,14,-1.2582355737686157,-9.374173164367676
Instruct,64,True,15,-1.247731328010559,-9.626588821411133
Instruct,64,True,16,-0.6388607621192932,-8.549240112304688
Instruct,64,True,17,-0.557660698890686,-7.601513862609863
Instruct,64,True,18,0.5962088108062744,-7.166380882263184
Instruct,64,True,19,1.2594386339187622,-5.712165355682373
Instruct,64,True,20,1.8126404285430908,-4.666811943054199
Instruct,64,True,21,2.683415412902832,-0.6960974335670471
Instruct,64,True,22,2.7690248489379883,6.313632011413574
Instruct,64,True,23,2.482914924621582,13.676321029663086
Instruct,64,True,24,2.624765157699585,22.198118209838867
Instruct,64,True,25,0.9960058927536011,34.73786926269531
Instruct,64,True,26,2.480130672454834,48.00069808959961
Instruct,64,True,27,0.12714290618896484,56.77464294433594
Instruct,64,True,28,-5.716658592224121,25.955102920532227
Instruct,65,True,0,-6.035016059875488,-11.541542053222656
Instruct,65,True,1,-5.829897403717041,-11.744904518127441
Instruct,65,True,2,-5.23111629486084,-11.356679916381836
Instruct,65,True,3,-4.396483421325684,-11.730915069580078
Instruct,65,True,4,-4.114114761352539,-10.986625671386719
Instruct,65,True,5,-3.548248767852783,-10.998641967773438
Instruct,65,True,6,-3.813453435897827,-11.064632415771484
Instruct,65,True,7,-2.9768378734588623,-10.937503814697266
Instruct,65,True,8,-2.332575798034668,-10.794958114624023
Instruct,65,True,9,-2.4558935165405273,-10.709139823913574
Instruct,65,True,10,-2.1576454639434814,-10.08108139038086
Instruct,65,True,11,-1.8118149042129517,-10.14700698852539
Instruct,65,True,12,-1.5397218465805054,-9.381509780883789
Instruct,65,True,13,-1.0966148376464844,-9.143537521362305
Instruct,65,True,14,-0.9013367295265198,-8.848526954650879
Instruct,65,True,15,-0.9898713231086731,-9.255266189575195
Instruct,65,True,16,-0.3191174268722534,-8.34774398803711
Instruct,65,True,17,0.561977744102478,-7.231598854064941
Instruct,65,True,18,1.9309289455413818,-6.22100830078125
Instruct,65,True,19,3.577357530593872,-4.567309379577637
Instruct,65,True,20,4.20078182220459,-3.177678108215332
Instruct,65,True,21,5.2888360023498535,1.5039809942245483
Instruct,65,True,22,4.916952133178711,9.010204315185547
Instruct,65,True,23,5.175286769866943,17.78883934020996
Instruct,65,True,24,6.990065574645996,26.095386505126953
Instruct,65,True,25,8.280435562133789,39.279632568359375
Instruct,65,True,26,10.28158187866211,52.04615020751953
Instruct,65,True,27,9.454578399658203,57.78266906738281
Instruct,65,True,28,0.9181884527206421,29.24126625061035
Instruct,66,False,0,-6.049980163574219,-11.543742179870605
Instruct,66,False,1,-5.833737373352051,-11.671209335327148
Instruct,66,False,2,-5.207971572875977,-11.43176555633545
Instruct,66,False,3,-4.4424028396606445,-11.681699752807617
Instruct,66,False,4,-4.211163520812988,-11.244806289672852
Instruct,66,False,5,-3.8445959091186523,-11.115251541137695
Instruct,66,False,6,-4.124668121337891,-11.10446548461914
Instruct,66,False,7,-3.4672536849975586,-11.058448791503906
Instruct,66,False,8,-2.6765031814575195,-10.98697280883789
Instruct,66,False,9,-2.8925249576568604,-10.770137786865234
Instruct,66,False,10,-2.651064157485962,-10.539270401000977
Instruct,66,False,11,-2.330554485321045,-10.868141174316406
Instruct,66,False,12,-2.1095213890075684,-10.155723571777344
Instruct,66,False,13,-1.8646711111068726,-9.678031921386719
Instruct,66,False,14,-1.4881247282028198,-9.521658897399902
Instruct,66,False,15,-1.3139123916625977,-9.542116165161133
Instruct,66,False,16,-0.3134728670120239,-8.671365737915039
Instruct,66,False,17,-0.31828245520591736,-7.551091194152832
Instruct,66,False,18,0.6928315162658691,-6.597322463989258
Instruct,66,False,19,1.6659126281738281,-5.077910900115967
Instruct,66,False,20,2.0105841159820557,-3.2333364486694336
Instruct,66,False,21,4.757558345794678,0.262393981218338
Instruct,66,False,22,4.2523651123046875,7.247348785400391
Instruct,66,False,23,4.742047309875488,12.976090431213379
Instruct,66,False,24,5.249357223510742,21.371885299682617
Instruct,66,False,25,6.597754955291748,33.97153091430664
Instruct,66,False,26,5.501455783843994,48.136802673339844
Instruct,66,False,27,3.6086955070495605,56.257591247558594
Instruct,66,False,28,-2.3350393772125244,25.466222763061523
Instruct,67,True,0,-6.064576148986816,-11.532526016235352
Instruct,67,True,1,-5.334955215454102,-11.941753387451172
Instruct,67,True,2,-4.954399585723877,-11.792081832885742
Instruct,67,True,3,-4.211767673492432,-11.914985656738281
Instruct,67,True,4,-3.4059972763061523,-11.374930381774902
Instruct,67,True,5,-2.663900852203369,-11.545524597167969
Instruct,67,True,6,-2.9492430686950684,-11.481585502624512
Instruct,67,True,7,-1.6334779262542725,-11.02211856842041
Instruct,67,True,8,-1.0076287984848022,-11.238677978515625
Instruct,67,True,9,-0.7913784980773926,-11.165153503417969
Instruct,67,True,10,-0.18125605583190918,-11.394235610961914
Instruct,67,True,11,0.9309709072113037,-11.411376953125
Instruct,67,True,12,1.5056848526000977,-10.777517318725586
Instruct,67,True,13,1.5476341247558594,-10.53627872467041
Instruct,67,True,14,1.8397527933120728,-10.305450439453125
Instruct,67,True,15,2.163604736328125,-10.548800468444824
Instruct,67,True,16,3.4309351444244385,-9.550580978393555
Instruct,67,True,17,4.289168357849121,-9.109304428100586
Instruct,67,True,18,5.093961715698242,-7.930785655975342
Instruct,67,True,19,6.6859025955200195,-6.530562400817871
Instruct,67,True,20,7.394931793212891,-5.44099760055542
Instruct,67,True,21,10.843328475952148,-2.3563451766967773
Instruct,67,True,22,12.758583068847656,4.434170246124268
Instruct,67,True,23,14.698416709899902,12.045632362365723
Instruct,67,True,24,16.161142349243164,20.50737190246582
Instruct,67,True,25,19.536148071289062,33.79962921142578
Instruct,67,True,26,17.197996139526367,50.141929626464844
Instruct,67,True,27,16.278553009033203,59.121116638183594
Instruct,67,True,28,3.7862672805786133,24.771678924560547
Instruct,68,True,0,-6.053794860839844,-11.534366607666016
Instruct,68,True,1,-5.388405799865723,-11.951459884643555
Instruct,68,True,2,-4.931035041809082,-11.617326736450195
Instruct,68,True,3,-4.0362043380737305,-11.916790008544922
Instruct,68,True,4,-3.4041242599487305,-11.344951629638672
Instruct,68,True,5,-2.70436954498291,-11.240401268005371
Instruct,68,True,6,-2.995828151702881,-11.38228988647461
Instruct,68,True,7,-1.5063718557357788,-11.259688377380371
Instruct,68,True,8,-1.0933668613433838,-11.452808380126953
Instruct,68,True,9,-0.9034862518310547,-11.211648941040039
Instruct,68,True,10,-0.3644244074821472,-11.111078262329102
Instruct,68,True,11,0.754817545413971,-11.313982009887695
Instruct,68,True,12,0.9333177804946899,-10.225370407104492
Instruct,68,True,13,1.194549322128296,-10.065183639526367
Instruct,68,True,14,1.616333246231079,-9.829769134521484
Instruct,68,True,15,1.9061771631240845,-10.164908409118652
Instruct,68,True,16,3.1517348289489746,-9.352784156799316
Instruct,68,True,17,3.3449413776397705,-8.269536972045898
Instruct,68,True,18,3.9840095043182373,-7.675168991088867
Instruct,68,True,19,5.111828804016113,-5.916268348693848
Instruct,68,True,20,5.743616580963135,-4.442770481109619
Instruct,68,True,21,9.648826599121094,-1.0556979179382324
Instruct,68,True,22,11.455757141113281,7.064447402954102
Instruct,68,True,23,12.615642547607422,15.668670654296875
Instruct,68,True,24,15.161905288696289,24.171621322631836
Instruct,68,True,25,17.73015594482422,39.86473846435547
Instruct,68,True,26,16.527084350585938,55.9007568359375
Instruct,68,True,27,15.110527992248535,64.33257293701172
Instruct,68,True,28,3.1647210121154785,25.966388702392578
Instruct,69,True,0,-6.059039115905762,-11.522916793823242
Instruct,69,True,1,-5.873688220977783,-11.685636520385742
Instruct,69,True,2,-5.593600273132324,-11.22539234161377
Instruct,69,True,3,-4.727324485778809,-11.437287330627441
Instruct,69,True,4,-4.225913047790527,-10.719696044921875
Instruct,69,True,5,-3.60807466506958,-10.82438850402832
Instruct,69,True,6,-3.8810935020446777,-11.112624168395996
Instruct,69,True,7,-2.832944869995117,-10.638599395751953
Instruct,69,True,8,-2.111504554748535,-10.802469253540039
Instruct,69,True,9,-1.9080572128295898,-10.840980529785156
Instruct,69,True,10,-1.5443181991577148,-10.287752151489258
Instruct,69,True,11,-0.9639776349067688,-10.340753555297852
Instruct,69,True,12,-0.7271053194999695,-9.58912467956543
Instruct,69,True,13,-0.42895257472991943,-9.48617935180664
Instruct,69,True,14,0.22997461259365082,-9.385025978088379
Instruct,69,True,15,0.4196183979511261,-9.655338287353516
Instruct,69,True,16,1.338158369064331,-8.547212600708008
Instruct,69,True,17,1.587160587310791,-7.766369819641113
Instruct,69,True,18,2.891084671020508,-6.819196701049805
Instruct,69,True,19,4.389223575592041,-5.677064895629883
Instruct,69,True,20,4.991987228393555,-4.354465484619141
Instruct,69,True,21,7.39894962310791,-0.16099882125854492
Instruct,69,True,22,8.32363510131836,8.098957061767578
Instruct,69,True,23,9.397603034973145,18.094955444335938
Instruct,69,True,24,10.695137977600098,29.034503936767578
Instruct,69,True,25,13.19223690032959,44.16002655029297
Instruct,69,True,26,15.211037635803223,58.522117614746094
Instruct,69,True,27,13.956855773925781,67.57072448730469
Instruct,69,True,28,2.413928985595703,31.614887237548828
Instruct,70,False,0,-6.0650763511657715,-11.542240142822266
Instruct,70,False,1,-6.419449806213379,-11.454115867614746
Instruct,70,False,2,-6.145183563232422,-11.21773910522461
Instruct,70,False,3,-5.864130020141602,-11.211576461791992
Instruct,70,False,4,-5.656549453735352,-10.41305923461914
Instruct,70,False,5,-5.210958003997803,-10.40147590637207
Instruct,70,False,6,-5.428683280944824,-10.597814559936523
Instruct,70,False,7,-4.661850452423096,-10.224513053894043
Instruct,70,False,8,-4.194344520568848,-10.355371475219727
Instruct,70,False,9,-4.213685035705566,-10.239267349243164
Instruct,70,False,10,-3.9221229553222656,-9.55838394165039
Instruct,70,False,11,-3.7452149391174316,-9.603110313415527
Instruct,70,False,12,-3.671872615814209,-8.73226547241211
Instruct,70,False,13,-3.273012638092041,-8.605892181396484
Instruct,70,False,14,-3.1573915481567383,-8.479574203491211
Instruct,70,False,15,-3.208570957183838,-8.437324523925781
Instruct,70,False,16,-2.655251979827881,-7.4743781089782715
Instruct,70,False,17,-2.3160409927368164,-6.500504493713379
Instruct,70,False,18,-1.567455530166626,-5.681008338928223
Instruct,70,False,19,-0.8041170239448547,-4.304396629333496
Instruct,70,False,20,-0.6789688467979431,-2.9041013717651367
Instruct,70,False,21,0.6821028590202332,1.6061010360717773
Instruct,70,False,22,0.08762884140014648,8.835674285888672
Instruct,70,False,23,-0.8272111415863037,18.02324867248535
Instruct,70,False,24,-1.405175805091858,27.401439666748047
Instruct,70,False,25,-1.7914936542510986,41.389530181884766
Instruct,70,False,26,-0.414063036441803,56.176666259765625
Instruct,70,False,27,-1.2087736129760742,65.24004364013672
Instruct,70,False,28,-4.834258556365967,30.68987464904785
Instruct,71,True,0,-6.039589881896973,-11.55911636352539
Instruct,71,True,1,-5.898097038269043,-11.594207763671875
Instruct,71,True,2,-5.408785343170166,-11.223097801208496
Instruct,71,True,3,-4.589670181274414,-11.524639129638672
Instruct,71,True,4,-3.9904661178588867,-11.198322296142578
Instruct,71,True,5,-3.455465793609619,-11.121936798095703
Instruct,71,True,6,-3.587567090988159,-11.347352981567383
Instruct,71,True,7,-2.7483456134796143,-10.91489315032959
Instruct,71,True,8,-1.973944902420044,-11.190362930297852
Instruct,71,True,9,-2.15368914604187,-11.188079833984375
Instruct,71,True,10,-1.4541802406311035,-11.178422927856445
Instruct,71,True,11,-0.5281794667243958,-11.329407691955566
Instruct,71,True,12,0.2052011787891388,-10.69538688659668
Instruct,71,True,13,0.5899370312690735,-10.376287460327148
Instruct,71,True,14,1.214119553565979,-10.407964706420898
Instruct,71,True,15,1.18845534324646,-10.530628204345703
Instruct,71,True,16,2.5091755390167236,-9.658406257629395
Instruct,71,True,17,3.7887020111083984,-8.843646049499512
Instruct,71,True,18,5.551878929138184,-7.529738426208496
Instruct,71,True,19,7.42772102355957,-5.760647773742676
Instruct,71,True,20,8.314234733581543,-4.356105804443359
Instruct,71,True,21,10.732898712158203,-0.887732744216919
Instruct,71,True,22,12.09128475189209,5.837091445922852
Instruct,71,True,23,13.494682312011719,13.424156188964844
Instruct,71,True,24,14.739032745361328,20.79283332824707
Instruct,71,True,25,18.033435821533203,31.266145706176758
Instruct,71,True,26,20.34071922302246,42.723182678222656
Instruct,71,True,27,20.747495651245117,48.042396545410156
Instruct,71,True,28,8.402837753295898,23.603673934936523
Instruct,72,True,0,-6.014416694641113,-11.532999992370605
Instruct,72,True,1,-4.951717853546143,-11.780718803405762
Instruct,72,True,2,-4.210017204284668,-11.515115737915039
Instruct,72,True,3,-2.7231054306030273,-11.903966903686523
Instruct,72,True,4,-2.0822927951812744,-11.42253589630127
Instruct,72,True,5,-1.1899453401565552,-11.48408317565918
Instruct,72,True,6,-1.6171257495880127,-11.314510345458984
Instruct,72,True,7,-0.7639384269714355,-11.249553680419922
Instruct,72,True,8,-0.34430891275405884,-11.062082290649414
Instruct,72,True,9,-0.22353672981262207,-10.910116195678711
Instruct,72,True,10,0.1918599009513855,-10.559087753295898
Instruct,72,True,11,0.9060651659965515,-10.801980018615723
Instruct,72,True,12,1.2343776226043701,-9.974651336669922
Instruct,72,True,13,1.8251276016235352,-9.90835952758789
Instruct,72,True,14,2.4464988708496094,-9.809502601623535
Instruct,72,True,15,2.5163676738739014,-9.864568710327148
Instruct,72,True,16,3.252096176147461,-8.865043640136719
Instruct,72,True,17,3.9048242568969727,-8.406089782714844
Instruct,72,True,18,5.556033134460449,-7.488539218902588
Instruct,72,True,19,6.8683977127075195,-5.947408676147461
Instruct,72,True,20,7.79200553894043,-4.452676296234131
Instruct,72,True,21,10.298028945922852,-0.5843686461448669
Instruct,72,True,22,11.837949752807617,6.570827007293701
Instruct,72,True,23,13.386407852172852,14.514972686767578
Instruct,72,True,24,14.9390230178833,23.526172637939453
Instruct,72,True,25,16.13275909423828,35.77140808105469
Instruct,72,True,26,18.18038558959961,48.463958740234375
Instruct,72,True,27,16.950851440429688,55.35734558105469
Instruct,72,True,28,4.970172882080078,24.888586044311523
Instruct,73,True,0,-6.041030406951904,-11.519779205322266
Instruct,73,True,1,-5.671378135681152,-11.622903823852539
Instruct,73,True,2,-5.165114402770996,-11.253478050231934
Instruct,73,True,3,-4.291505813598633,-11.556922912597656
Instruct,73,True,4,-4.013308048248291,-11.061077117919922
Instruct,73,True,5,-3.290875196456909,-11.091054916381836
Instruct,73,True,6,-3.6581192016601562,-11.040895462036133
Instruct,73,True,7,-2.7983241081237793,-10.750528335571289
Instruct,73,True,8,-2.536241054534912,-10.780596733093262
Instruct,73,True,9,-2.0068554878234863,-10.498104095458984
Instruct,73,True,10,-1.8329533338546753,-9.939617156982422
Instruct,73,True,11,-1.2537727355957031,-10.242061614990234
Instruct,73,True,12,-1.1380910873413086,-9.479244232177734
Instruct,73,True,13,-0.878539502620697,-9.448720932006836
Instruct,73,True,14,-0.40913814306259155,-9.536247253417969
Instruct,73,True,15,-0.550872802734375,-9.608121871948242
Instruct,73,True,16,0.019496068358421326,-8.775029182434082
Instruct,73,True,17,0.7335332632064819,-7.903061866760254
Instruct,73,True,18,2.2203876972198486,-6.718249797821045
Instruct,73,True,19,3.432379722595215,-5.109252452850342
Instruct,73,True,20,3.813420295715332,-3.9760141372680664
Instruct,73,True,21,5.893032073974609,1.0939935445785522
Instruct,73,True,22,6.663859844207764,8.195013046264648
Instruct,73,True,23,7.74481725692749,16.866493225097656
Instruct,73,True,24,8.141536712646484,25.540401458740234
Instruct,73,True,25,9.803804397583008,38.55445861816406
Instruct,73,True,26,12.381328582763672,51.811649322509766
Instruct,73,True,27,11.975515365600586,59.597190856933594
Instruct,73,True,28,2.9739668369293213,29.414875030517578
Instruct,74,True,0,-6.043654918670654,-11.545820236206055
Instruct,74,True,1,-5.641201972961426,-11.837362289428711
Instruct,74,True,2,-5.118685722351074,-11.5508394241333
Instruct,74,True,3,-4.480767250061035,-11.65242862701416
Instruct,74,True,4,-3.9038772583007812,-11.109428405761719
Instruct,74,True,5,-3.231931209564209,-11.024556159973145
Instruct,74,True,6,-3.4930272102355957,-11.106945991516113
Instruct,74,True,7,-2.7619636058807373,-10.63865852355957
Instruct,74,True,8,-2.4466419219970703,-10.690469741821289
Instruct,74,True,9,-2.326517105102539,-10.47927474975586
Instruct,74,True,10,-2.303767681121826,-10.23245906829834
Instruct,74,True,11,-1.7167589664459229,-10.371502876281738
Instruct,74,True,12,-1.5480608940124512,-9.75194263458252
Instruct,74,True,13,-1.0523278713226318,-9.753039360046387
Instruct,74,True,14,-0.7535269856452942,-9.53215217590332
Instruct,74,True,15,-0.35484081506729126,-9.569272994995117
Instruct,74,True,16,0.2878899574279785,-9.130592346191406
Instruct,74,True,17,1.0180823802947998,-8.723158836364746
Instruct,74,True,18,2.4441916942596436,-7.70480489730835
Instruct,74,True,19,3.7780191898345947,-6.544854164123535
Instruct,74,True,20,4.204221725463867,-5.403178691864014
Instruct,74,True,21,5.946554660797119,-1.2608611583709717
Instruct,74,True,22,6.898743629455566,4.6947479248046875
Instruct,74,True,23,7.355842590332031,11.576284408569336
Instruct,74,True,24,8.468465805053711,20.022377014160156
Instruct,74,True,25,9.164579391479492,30.113075256347656
Instruct,74,True,26,10.76988410949707,42.021522521972656
Instruct,74,True,27,9.879192352294922,48.807613372802734
Instruct,74,True,28,2.1411044597625732,24.299747467041016
Instruct,75,False,0,-6.057938575744629,-11.573054313659668
Instruct,75,False,1,-5.84877872467041,-11.780488967895508
Instruct,75,False,2,-5.6224212646484375,-11.401671409606934
Instruct,75,False,3,-5.300956726074219,-11.286261558532715
Instruct,75,False,4,-4.975086688995361,-10.932373046875
Instruct,75,False,5,-4.337719440460205,-11.160167694091797
Instruct,75,False,6,-4.661504745483398,-10.901689529418945
Instruct,75,False,7,-4.0175018310546875,-10.815286636352539
Instruct,75,False,8,-3.6323328018188477,-10.972087860107422
Instruct,75,False,9,-3.628417730331421,-10.83475112915039
Instruct,75,False,10,-3.668349266052246,-10.58937931060791
Instruct,75,False,11,-3.4142048358917236,-10.502742767333984
Instruct,75,False,12,-3.451188325881958,-9.695377349853516
Instruct,75,False,13,-3.261404514312744,-9.659769058227539
Instruct,75,False,14,-3.424100399017334,-9.706840515136719
Instruct,75,False,15,-3.07944393157959,-9.782844543457031
Instruct,75,False,16,-3.0652592182159424,-8.960073471069336
Instruct,75,False,17,-3.0914011001586914,-8.43187141418457
Instruct,75,False,18,-3.068366050720215,-7.800772666931152
Instruct,75,False,19,-2.1357412338256836,-6.9289960861206055
Instruct,75,False,20,-2.498537063598633,-5.891923904418945
Instruct,75,False,21,-1.0505220890045166,-4.246648788452148
Instruct,75,False,22,-2.2238965034484863,2.1933908462524414
Instruct,75,False,23,-2.452756881713867,7.4055399894714355
Instruct,75,False,24,-2.8661444187164307,13.395500183105469
Instruct,75,False,25,-1.5747027397155762,23.336219787597656
Instruct,75,False,26,-3.4251186847686768,34.10826873779297
Instruct,75,False,27,-5.62686824798584,41.56929016113281
Instruct,75,False,28,-7.297102451324463,16.328750610351562
Instruct,76,True,0,-6.054723739624023,-11.549965858459473
Instruct,76,True,1,-6.2556071281433105,-11.66137409210205
Instruct,76,True,2,-6.054675579071045,-11.37403678894043
Instruct,76,True,3,-5.709148406982422,-11.468740463256836
Instruct,76,True,4,-5.281431674957275,-10.65998649597168
Instruct,76,True,5,-5.071122169494629,-10.563687324523926
Instruct,76,True,6,-5.371702671051025,-10.736539840698242
Instruct,76,True,7,-4.531467437744141,-10.531208038330078
Instruct,76,True,8,-4.152318000793457,-10.610888481140137
Instruct,76,True,9,-4.095987319946289,-10.647042274475098
Instruct,76,True,10,-3.8737070560455322,-10.005239486694336
Instruct,76,True,11,-3.6830413341522217,-10.118553161621094
Instruct,76,True,12,-3.9075584411621094,-9.267520904541016
Instruct,76,True,13,-3.6525590419769287,-9.040648460388184
Instruct,76,True,14,-3.3141918182373047,-8.96231460571289
Instruct,76,True,15,-3.2957851886749268,-8.961923599243164
Instruct,76,True,16,-2.5684566497802734,-8.077407836914062
Instruct,76,True,17,-2.4886624813079834,-7.020854949951172
Instruct,76,True,18,-1.6562244892120361,-6.355843544006348
Instruct,76,True,19,-0.8535643219947815,-4.902750492095947
Instruct,76,True,20,-0.1512480080127716,-3.512010335922241
Instruct,76,True,21,0.6783731579780579,0.5282777547836304
Instruct,76,True,22,0.8924070596694946,7.142494201660156
Instruct,76,True,23,1.1227550506591797,15.712385177612305
Instruct,76,True,24,1.2598743438720703,23.76060676574707
Instruct,76,True,25,2.447798490524292,37.08755111694336
Instruct,76,True,26,1.4972602128982544,52.10497283935547
Instruct,76,True,27,0.2101442813873291,61.034332275390625
Instruct,76,True,28,-4.262979030609131,28.085548400878906
Instruct,77,True,0,-6.043312072753906,-11.532475471496582
Instruct,77,True,1,-5.576413154602051,-11.767370223999023
Instruct,77,True,2,-5.055805683135986,-11.319168090820312
Instruct,77,True,3,-3.940110206604004,-11.702482223510742
Instruct,77,True,4,-3.155170440673828,-11.00993537902832
Instruct,77,True,5,-2.5075111389160156,-11.075071334838867
Instruct,77,True,6,-3.0431225299835205,-11.141538619995117
Instruct,77,True,7,-1.7829318046569824,-10.770261764526367
Instruct,77,True,8,-1.220031499862671,-10.965089797973633
Instruct,77,True,9,-1.1246225833892822,-11.021864891052246
Instruct,77,True,10,-0.6890163421630859,-10.656689643859863
Instruct,77,True,11,0.3478284478187561,-10.851701736450195
Instruct,77,True,12,0.8379202485084534,-10.123202323913574
Instruct,77,True,13,1.1263177394866943,-9.97536849975586
Instruct,77,True,14,1.4600123167037964,-9.934517860412598
Instruct,77,True,15,1.3430407047271729,-10.260719299316406
Instruct,77,True,16,2.5372707843780518,-9.437997817993164
Instruct,77,True,17,3.6375229358673096,-8.994682312011719
Instruct,77,True,18,4.997978210449219,-7.658424377441406
Instruct,77,True,19,6.597038269042969,-6.134714126586914
Instruct,77,True,20,7.079415321350098,-4.790656566619873
Instruct,77,True,21,10.133201599121094,-1.3963860273361206
Instruct,77,True,22,11.62596607208252,5.857335567474365
Instruct,77,True,23,12.866100311279297,13.871048927307129
Instruct,77,True,24,14.596675872802734,22.747882843017578
Instruct,77,True,25,16.725425720214844,35.82563018798828
Instruct,77,True,26,19.497360229492188,50.30702209472656
Instruct,77,True,27,19.42456817626953,58.058929443359375
Instruct,77,True,28,5.3006134033203125,25.75983428955078
Instruct,78,False,0,-6.05223274230957,-11.535514831542969
Instruct,78,False,1,-5.948273181915283,-11.618772506713867
Instruct,78,False,2,-5.7166314125061035,-11.288810729980469
Instruct,78,False,3,-5.036447525024414,-11.475486755371094
Instruct,78,False,4,-4.726344108581543,-10.942177772521973
Instruct,78,False,5,-4.383411884307861,-11.02453899383545
Instruct,78,False,6,-4.672535419464111,-11.161113739013672
Instruct,78,False,7,-3.8564441204071045,-10.863971710205078
Instruct,78,False,8,-3.459886074066162,-10.589470863342285
Instruct,78,False,9,-3.384742259979248,-10.509708404541016
Instruct,78,False,10,-3.5762581825256348,-10.116473197937012
Instruct,78,False,11,-3.190073251724243,-10.1127347946167
Instruct,78,False,12,-2.9448893070220947,-9.313209533691406
Instruct,78,False,13,-2.9539825916290283,-9.251104354858398
Instruct,78,False,14,-2.9397552013397217,-9.276969909667969
Instruct,78,False,15,-3.024167060852051,-9.419380187988281
Instruct,78,False,16,-2.717312812805176,-8.72036075592041
Instruct,78,False,17,-2.521390914916992,-8.340224266052246
Instruct,78,False,18,-1.4463355541229248,-7.311453819274902
Instruct,78,False,19,-0.6617904305458069,-5.869541645050049
Instruct,78,False,20,-0.6458534002304077,-4.848690986633301
Instruct,78,False,21,0.7179116010665894,-0.6205401420593262
Instruct,78,False,22,0.7679810523986816,6.375422477722168
Instruct,78,False,23,0.5260079503059387,14.191826820373535
Instruct,78,False,24,0.8019323348999023,22.521392822265625
Instruct,78,False,25,1.8589961528778076,35.22694396972656
Instruct,78,False,26,4.0530595779418945,49.8010368347168
Instruct,78,False,27,2.9725136756896973,57.43677520751953
Instruct,78,False,28,-3.414763927459717,24.582263946533203
Instruct,79,True,0,-6.051769733428955,-11.522964477539062
Instruct,79,True,1,-5.702834129333496,-11.808088302612305
Instruct,79,True,2,-5.24919319152832,-11.257606506347656
Instruct,79,True,3,-4.389368057250977,-11.628120422363281
Instruct,79,True,4,-4.090338230133057,-11.253904342651367
Instruct,79,True,5,-3.04544734954834,-11.297563552856445
Instruct,79,True,6,-3.1615042686462402,-11.231439590454102
Instruct,79,True,7,-2.238863468170166,-10.789787292480469
Instruct,79,True,8,-1.6582605838775635,-11.165197372436523
Instruct,79,True,9,-1.4415316581726074,-10.751920700073242
Instruct,79,True,10,-1.1324594020843506,-10.643217086791992
Instruct,79,True,11,-0.7355404496192932,-10.710214614868164
Instruct,79,True,12,-0.2956867218017578,-9.989720344543457
Instruct,79,True,13,0.1691836714744568,-9.969732284545898
Instruct,79,True,14,0.7431946992874146,-9.8126859664917
Instruct,79,True,15,0.9333699345588684,-10.162454605102539
Instruct,79,True,16,2.012322187423706,-9.254731178283691
Instruct,79,True,17,2.696596145629883,-8.503177642822266
Instruct,79,True,18,3.5069875717163086,-7.542244911193848
Instruct,79,True,19,4.64320182800293,-6.077935218811035
Instruct,79,True,20,5.420526504516602,-4.901350498199463
Instruct,79,True,21,8.45418930053711,0.4483347535133362
Instruct,79,True,22,9.928274154663086,8.367561340332031
Instruct,79,True,23,10.52370834350586,17.941513061523438
Instruct,79,True,24,11.772613525390625,28.14779281616211
Instruct,79,True,25,12.368830680847168,42.698326110839844
Instruct,79,True,26,14.002777099609375,56.35718536376953
Instruct,79,True,27,12.755157470703125,63.10222244262695
Instruct,79,True,28,2.9769880771636963,29.375728607177734
Instruct,80,True,0,-6.034697532653809,-11.521591186523438
Instruct,80,True,1,-5.6470417976379395,-11.654149055480957
Instruct,80,True,2,-5.182957649230957,-11.314668655395508
Instruct,80,True,3,-4.145355701446533,-11.693031311035156
Instruct,80,True,4,-3.809767723083496,-11.296501159667969
Instruct,80,True,5,-3.17384672164917,-11.174711227416992
Instruct,80,True,6,-3.588878631591797,-11.322938919067383
Instruct,80,True,7,-2.5505318641662598,-11.192824363708496
Instruct,80,True,8,-1.7978756427764893,-11.24894905090332
Instruct,80,True,9,-1.8116276264190674,-11.085393905639648
Instruct,80,True,10,-1.3333914279937744,-10.624972343444824
Instruct,80,True,11,-0.7608050107955933,-11.07361888885498
Instruct,80,True,12,-0.23988375067710876,-10.54452133178711
Instruct,80,True,13,-0.08853846788406372,-10.137611389160156
Instruct,80,True,14,0.44358402490615845,-10.220243453979492
Instruct,80,True,15,0.4143978953361511,-10.204944610595703
Instruct,80,True,16,1.4817006587982178,-9.497110366821289
Instruct,80,True,17,2.4231250286102295,-8.43017578125
Instruct,80,True,18,4.323225975036621,-7.132402420043945
Instruct,80,True,19,5.996662616729736,-5.436363697052002
Instruct,80,True,20,7.032403945922852,-4.009116172790527
Instruct,80,True,21,8.962448120117188,0.30684781074523926
Instruct,80,True,22,10.2684907913208,7.671577453613281
Instruct,80,True,23,11.197803497314453,16.547473907470703
Instruct,80,True,24,12.538885116577148,24.40245819091797
Instruct,80,True,25,15.200891494750977,38.01091003417969
Instruct,80,True,26,17.656980514526367,52.61445617675781
Instruct,80,True,27,17.46457290649414,59.66193771362305
Instruct,80,True,28,5.820795059204102,29.86211585998535
Instruct,81,True,0,-6.042124271392822,-11.556764602661133
Instruct,81,True,1,-5.734885215759277,-11.768865585327148
Instruct,81,True,2,-5.168496131896973,-11.439817428588867
Instruct,81,True,3,-4.2984700202941895,-11.57716178894043
Instruct,81,True,4,-3.539848804473877,-11.033384323120117
Instruct,81,True,5,-3.023682117462158,-11.025823593139648
Instruct,81,True,6,-2.9214653968811035,-11.154930114746094
Instruct,81,True,7,-2.4365251064300537,-10.86497688293457
Instruct,81,True,8,-1.6035221815109253,-10.8453369140625
Instruct,81,True,9,-1.666468858718872,-10.89424991607666
Instruct,81,True,10,-1.4482086896896362,-10.598409652709961
Instruct,81,True,11,-0.9568775296211243,-10.655580520629883
Instruct,81,True,12,-0.19408760964870453,-10.046738624572754
Instruct,81,True,13,-0.13959158957004547,-9.711822509765625
Instruct,81,True,14,0.1120273768901825,-9.617950439453125
Instruct,81,True,15,-0.18780532479286194,-9.760822296142578
Instruct,81,True,16,0.3989163339138031,-8.802160263061523
Instruct,81,True,17,1.1870089769363403,-7.9018635749816895
Instruct,81,True,18,2.3152828216552734,-7.587841033935547
Instruct,81,True,19,3.646139144897461,-6.090559005737305
Instruct,81,True,20,4.452759742736816,-4.8965301513671875
Instruct,81,True,21,7.027297019958496,-0.8003997206687927
Instruct,81,True,22,9.105016708374023,6.197845458984375
Instruct,81,True,23,10.647377014160156,13.746593475341797
Instruct,81,True,24,12.015024185180664,22.172435760498047
Instruct,81,True,25,15.52007007598877,34.978031158447266
Instruct,81,True,26,17.38557243347168,48.901405334472656
Instruct,81,True,27,18.814697265625,54.83056640625
Instruct,81,True,28,7.1122870445251465,27.363466262817383
Instruct,82,True,0,-6.054338455200195,-11.560930252075195
Instruct,82,True,1,-5.76800537109375,-11.813965797424316
Instruct,82,True,2,-5.421407699584961,-11.590896606445312
Instruct,82,True,3,-4.8549580574035645,-11.783584594726562
Instruct,82,True,4,-4.057470321655273,-11.27989387512207
Instruct,82,True,5,-3.5464205741882324,-11.407636642456055
Instruct,82,True,6,-3.9214959144592285,-11.245529174804688
Instruct,82,True,7,-2.927800416946411,-11.10696029663086
Instruct,82,True,8,-2.1084883213043213,-11.00178050994873
Instruct,82,True,9,-1.910832405090332,-11.138935089111328
Instruct,82,True,10,-1.3621017932891846,-11.024192810058594
Instruct,82,True,11,-0.31261375546455383,-11.136063575744629
Instruct,82,True,12,0.06917345523834229,-10.58818531036377
Instruct,82,True,13,0.7174089550971985,-10.470569610595703
Instruct,82,True,14,1.1534721851348877,-10.28225326538086
Instruct,82,True,15,1.3794423341751099,-10.450349807739258
Instruct,82,True,16,2.748980760574341,-9.380992889404297
Instruct,82,True,17,3.3320794105529785,-9.022493362426758
Instruct,82,True,18,4.156624794006348,-7.836648941040039
Instruct,82,True,19,5.414413928985596,-6.485137462615967
Instruct,82,True,20,6.1554718017578125,-5.4849114418029785
Instruct,82,True,21,9.19510269165039,-2.0947160720825195
Instruct,82,True,22,10.068490028381348,4.890203475952148
Instruct,82,True,23,10.635174751281738,11.995796203613281
Instruct,82,True,24,12.808228492736816,20.262287139892578
Instruct,82,True,25,14.495354652404785,31.02517318725586
Instruct,82,True,26,14.611087799072266,44.043983459472656
Instruct,82,True,27,14.793476104736328,53.37250518798828
Instruct,82,True,28,4.305870056152344,24.632099151611328
Instruct,83,True,0,-6.079188346862793,-11.526384353637695
Instruct,83,True,1,-6.173677444458008,-11.905128479003906
Instruct,83,True,2,-5.890992164611816,-11.438619613647461
Instruct,83,True,3,-5.567080974578857,-11.63241958618164
Instruct,83,True,4,-5.028731346130371,-10.320028305053711
Instruct,83,True,5,-4.631631374359131,-10.120359420776367
Instruct,83,True,6,-4.884232997894287,-10.5979642868042
Instruct,83,True,7,-3.9222540855407715,-10.577630043029785
Instruct,83,True,8,-3.2946267127990723,-10.472566604614258
Instruct,83,True,9,-3.022559642791748,-10.234947204589844
Instruct,83,True,10,-2.5405988693237305,-10.164102554321289
Instruct,83,True,11,-2.1523194313049316,-10.577798843383789
Instruct,83,True,12,-1.399713158607483,-9.353561401367188
Instruct,83,True,13,-0.6468027234077454,-9.14073657989502
Instruct,83,True,14,-0.09891384840011597,-8.58094596862793
Instruct,83,True,15,-0.5434188842773438,-8.96208381652832
Instruct,83,True,16,0.5813744068145752,-7.762871265411377
Instruct,83,True,17,0.9745311141014099,-7.278879165649414
Instruct,83,True,18,1.755892276763916,-7.064966201782227
Instruct,83,True,19,2.650486707687378,-5.3575439453125
Instruct,83,True,20,3.807107448577881,-3.433467388153076
Instruct,83,True,21,6.327756404876709,-0.5091822147369385
Instruct,83,True,22,7.789853096008301,7.006783962249756
Instruct,83,True,23,8.407422065734863,15.746970176696777
Instruct,83,True,24,8.149433135986328,25.347118377685547
Instruct,83,True,25,8.673558235168457,38.74951934814453
Instruct,83,True,26,8.426521301269531,53.90837478637695
Instruct,83,True,27,8.011856079101562,62.2169189453125
Instruct,83,True,28,-0.18399858474731445,26.490659713745117
Instruct,84,True,0,-6.041994571685791,-11.52033805847168
Instruct,84,True,1,-5.526754379272461,-11.8984375
Instruct,84,True,2,-5.008124351501465,-11.589808464050293
Instruct,84,True,3,-3.9710745811462402,-11.932863235473633
Instruct,84,True,4,-3.1942298412323,-11.374244689941406
Instruct,84,True,5,-2.2496373653411865,-11.462813377380371
Instruct,84,True,6,-2.6152408123016357,-11.742624282836914
Instruct,84,True,7,-1.264603853225708,-11.367477416992188
Instruct,84,True,8,-0.6329264044761658,-11.410696029663086
Instruct,84,True,9,-0.5765547752380371,-11.591050148010254
Instruct,84,True,10,-0.12219640612602234,-11.5746488571167
Instruct,84,True,11,0.9672130942344666,-11.6327486038208
Instruct,84,True,12,1.2560853958129883,-10.99186897277832
Instruct,84,True,13,1.920401930809021,-10.807219505310059
Instruct,84,True,14,2.404940605163574,-10.695684432983398
Instruct,84,True,15,2.709929943084717,-10.9517183303833
Instruct,84,True,16,3.954859495162964,-10.189347267150879
Instruct,84,True,17,4.619565486907959,-9.790740013122559
Instruct,84,True,18,6.162985801696777,-8.313732147216797
Instruct,84,True,19,7.653778553009033,-6.94424295425415
Instruct,84,True,20,8.137134552001953,-5.775747299194336
Instruct,84,True,21,11.294770240783691,-2.1985018253326416
Instruct,84,True,22,13.444404602050781,4.1715087890625
Instruct,84,True,23,15.495613098144531,11.11644172668457
Instruct,84,True,24,17.94149398803711,19.52105712890625
Instruct,84,True,25,20.79336929321289,32.112274169921875
Instruct,84,True,26,23.51358413696289,46.42891311645508
Instruct,84,True,27,22.690418243408203,53.176429748535156
Instruct,84,True,28,8.140567779541016,25.14598846435547
Instruct,85,False,0,-6.0378923416137695,-11.553731918334961
Instruct,85,False,1,-5.7944655418396,-11.600248336791992
Instruct,85,False,2,-5.280923843383789,-11.389993667602539
Instruct,85,False,3,-4.574046611785889,-11.53890323638916
Instruct,85,False,4,-4.221252918243408,-11.095083236694336
Instruct,85,False,5,-3.980355978012085,-11.040926933288574
Instruct,85,False,6,-3.9771714210510254,-11.066043853759766
Instruct,85,False,7,-3.2925405502319336,-10.789241790771484
Instruct,85,False,8,-2.523165225982666,-10.804330825805664
Instruct,85,False,9,-2.7138588428497314,-10.589080810546875
Instruct,85,False,10,-2.511721611022949,-10.235300064086914
Instruct,85,False,11,-2.188586473464966,-10.32613754272461
Instruct,85,False,12,-2.2645816802978516,-9.82278823852539
Instruct,85,False,13,-2.17384672164917,-9.59892463684082
Instruct,85,False,14,-1.9755377769470215,-9.395092964172363
Instruct,85,False,15,-1.9144983291625977,-9.56888484954834
Instruct,85,False,16,-1.3492544889450073,-8.588237762451172
Instruct,85,False,17,-1.3191685676574707,-7.668416976928711
Instruct,85,False,18,-0.5964192152023315,-6.966344833374023
Instruct,85,False,19,0.27962028980255127,-5.399188995361328
Instruct,85,False,20,0.30442193150520325,-4.349400043487549
Instruct,85,False,21,1.321976661682129,-0.601460874080658
Instruct,85,False,22,1.2876594066619873,5.926138877868652
Instruct,85,False,23,1.900878667831421,12.661931991577148
Instruct,85,False,24,2.712573528289795,20.401674270629883
Instruct,85,False,25,4.242016315460205,31.53628921508789
Instruct,85,False,26,5.218117713928223,44.050392150878906
Instruct,85,False,27,3.144716739654541,51.929054260253906
Instruct,85,False,28,-2.1943583488464355,24.258636474609375
Instruct,86,True,0,-6.031346797943115,-11.570549011230469
Instruct,86,True,1,-5.6807684898376465,-11.541962623596191
Instruct,86,True,2,-5.235353469848633,-11.284967422485352
Instruct,86,True,3,-4.465981960296631,-11.509237289428711
Instruct,86,True,4,-3.7257065773010254,-10.998066902160645
Instruct,86,True,5,-3.2220559120178223,-10.977031707763672
Instruct,86,True,6,-3.446850061416626,-11.224285125732422
Instruct,86,True,7,-2.5697386264801025,-10.69135570526123
Instruct,86,True,8,-1.6866183280944824,-11.118393898010254
Instruct,86,True,9,-1.968881368637085,-11.063383102416992
Instruct,86,True,10,-1.4782003164291382,-10.758878707885742
Instruct,86,True,11,-0.4775444567203522,-10.764079093933105
Instruct,86,True,12,0.013760961592197418,-10.370315551757812
Instruct,86,True,13,0.30240699648857117,-10.108275413513184
Instruct,86,True,14,0.7419228553771973,-10.086150169372559
Instruct,86,True,15,0.8002073764801025,-10.15959358215332
Instruct,86,True,16,1.6943719387054443,-9.10963249206543
Instruct,86,True,17,2.2919921875,-8.432692527770996
Instruct,86,True,18,3.5117223262786865,-7.290440082550049
Instruct,86,True,19,5.127555847167969,-5.702801704406738
Instruct,86,True,20,5.867319107055664,-4.233675479888916
Instruct,86,True,21,7.5417656898498535,-0.2556193768978119
Instruct,86,True,22,8.005971908569336,6.539819717407227
Instruct,86,True,23,9.179550170898438,13.230929374694824
Instruct,86,True,24,10.788625717163086,20.08169174194336
Instruct,86,True,25,12.533563613891602,30.524852752685547
Instruct,86,True,26,14.461221694946289,41.89895248413086
Instruct,86,True,27,14.534738540649414,48.78092956542969
Instruct,86,True,28,3.6531660556793213,21.700031280517578
Instruct,87,False,0,-6.066856384277344,-11.54931640625
Instruct,87,False,1,-6.255845546722412,-11.639884948730469
Instruct,87,False,2,-6.050295829772949,-11.350118637084961
Instruct,87,False,3,-5.475604057312012,-11.231916427612305
Instruct,87,False,4,-5.233707904815674,-10.558114051818848
Instruct,87,False,5,-4.863895416259766,-10.499736785888672
Instruct,87,False,6,-5.151933193206787,-10.72195053100586
Instruct,87,False,7,-4.371814727783203,-10.566922187805176
Instruct,87,False,8,-3.96448016166687,-10.693012237548828
Instruct,87,False,9,-3.7957279682159424,-10.515373229980469
Instruct,87,False,10,-3.7734360694885254,-9.959742546081543
Instruct,87,False,11,-3.529709815979004,-10.03388786315918
Instruct,87,False,12,-3.4016075134277344,-9.49061393737793
Instruct,87,False,13,-3.2092013359069824,-9.395931243896484
Instruct,87,False,14,-3.115046977996826,-9.145478248596191
Instruct,87,False,15,-3.4427695274353027,-9.301315307617188
Instruct,87,False,16,-3.171520471572876,-8.65695858001709
Instruct,87,False,17,-2.8969810009002686,-7.977487087249756
Instruct,87,False,18,-2.0260744094848633,-6.799745082855225
Instruct,87,False,19,-0.8435129523277283,-5.276634216308594
Instruct,87,False,20,-0.5150958895683289,-4.422850608825684
Instruct,87,False,21,-0.15908630192279816,0.48018231987953186
Instruct,87,False,22,-1.4534127712249756,6.847078323364258
Instruct,87,False,23,-1.4853370189666748,15.376097679138184
Instruct,87,False,24,-2.457780361175537,24.05115509033203
Instruct,87,False,25,-1.5146173238754272,37.474334716796875
Instruct,87,False,26,-0.09155988693237305,50.24861526489258
Instruct,87,False,27,-1.226544976234436,57.90052795410156
Instruct,87,False,28,-4.42629337310791,29.036422729492188
Instruct,88,True,0,-6.052853107452393,-11.540202140808105
Instruct,88,True,1,-5.41390323638916,-11.709161758422852
Instruct,88,True,2,-5.031813621520996,-11.457388877868652
Instruct,88,True,3,-4.060684680938721,-11.658004760742188
Instruct,88,True,4,-3.598935604095459,-11.134870529174805
Instruct,88,True,5,-2.9599642753601074,-11.38046932220459
Instruct,88,True,6,-3.232515811920166,-11.446052551269531
Instruct,88,True,7,-2.25266695022583,-10.915484428405762
Instruct,88,True,8,-1.6129770278930664,-11.068608283996582
Instruct,88,True,9,-1.7976700067520142,-10.97043228149414
Instruct,88,True,10,-1.448697805404663,-10.902511596679688
Instruct,88,True,11,-0.4850628674030304,-10.79366397857666
Instruct,88,True,12,0.21899423003196716,-10.11195182800293
Instruct,88,True,13,0.4260707497596741,-9.939918518066406
Instruct,88,True,14,0.43363481760025024,-9.824384689331055
Instruct,88,True,15,0.6293988227844238,-10.13656997680664
Instruct,88,True,16,1.436171531677246,-9.528889656066895
Instruct,88,True,17,2.0558736324310303,-8.681282043457031
Instruct,88,True,18,3.4159154891967773,-7.572145938873291
Instruct,88,True,19,4.807727813720703,-6.23316764831543
Instruct,88,True,20,5.3862833976745605,-5.034371852874756
Instruct,88,True,21,8.062339782714844,-1.1899157762527466
Instruct,88,True,22,9.696310043334961,4.978273391723633
Instruct,88,True,23,11.57807445526123,12.207155227661133
Instruct,88,True,24,14.066486358642578,19.443504333496094
Instruct,88,True,25,17.63591766357422,30.645360946655273
Instruct,88,True,26,19.69196319580078,43.08091354370117
Instruct,88,True,27,19.87226104736328,50.526729583740234
Instruct,88,True,28,8.088386535644531,24.879589080810547
Instruct,89,False,0,-6.0278825759887695,-11.541032791137695
Instruct,89,False,1,-5.489347457885742,-11.62552261352539
Instruct,89,False,2,-4.937121391296387,-11.227643966674805
Instruct,89,False,3,-3.957705497741699,-11.482362747192383
Instruct,89,False,4,-3.467884063720703,-10.983611106872559
Instruct,89,False,5,-3.0287516117095947,-10.988773345947266
Instruct,89,False,6,-3.3345961570739746,-10.898635864257812
Instruct,89,False,7,-2.4932031631469727,-10.990589141845703
Instruct,89,False,8,-1.7168645858764648,-10.990468978881836
Instruct,89,False,9,-1.5587224960327148,-10.849289894104004
Instruct,89,False,10,-1.365476131439209,-10.393241882324219
Instruct,89,False,11,-1.0686719417572021,-10.51675033569336
Instruct,89,False,12,-1.0643677711486816,-9.497116088867188
Instruct,89,False,13,-0.862181544303894,-9.59476089477539
Instruct,89,False,14,-0.48582401871681213,-9.393807411193848
Instruct,89,False,15,-0.31316831707954407,-9.726668357849121
Instruct,89,False,16,0.4677512049674988,-8.68889045715332
Instruct,89,False,17,1.0024151802062988,-8.043983459472656
Instruct,89,False,18,1.9759490489959717,-6.996648788452148
Instruct,89,False,19,3.2812094688415527,-5.3953938484191895
Instruct,89,False,20,3.5995965003967285,-4.215338230133057
Instruct,89,False,21,5.945745944976807,0.11372432112693787
Instruct,89,False,22,6.324808120727539,8.430818557739258
Instruct,89,False,23,6.932013034820557,16.751102447509766
Instruct,89,False,24,7.312497138977051,26.254467010498047
Instruct,89,False,25,7.644424915313721,40.55461120605469
Instruct,89,False,26,9.90951919555664,54.24745178222656
Instruct,89,False,27,8.329323768615723,61.94091796875
Instruct,89,False,28,-0.6889997124671936,27.423595428466797
Instruct,90,True,0,-6.049744129180908,-11.558157920837402
Instruct,90,True,1,-5.603790283203125,-11.766953468322754
Instruct,90,True,2,-5.176787376403809,-11.361189842224121
Instruct,90,True,3,-4.736818313598633,-11.488578796386719
Instruct,90,True,4,-4.10281229019165,-10.96737289428711
Instruct,90,True,5,-3.7117362022399902,-10.762289047241211
Instruct,90,True,6,-3.843576192855835,-10.907605171203613
Instruct,90,True,7,-3.311098098754883,-10.770101547241211
Instruct,90,True,8,-2.9351096153259277,-10.508975982666016
Instruct,90,True,9,-2.9479165077209473,-10.604085922241211
Instruct,90,True,10,-2.285548210144043,-9.95036506652832
Instruct,90,True,11,-1.8495895862579346,-10.577310562133789
Instruct,90,True,12,-1.774251937866211,-9.44191837310791
Instruct,90,True,13,-1.3856538534164429,-9.018451690673828
Instruct,90,True,14,-1.353156328201294,-9.097599029541016
Instruct,90,True,15,-1.3471895456314087,-9.041682243347168
Instruct,90,True,16,-0.3058937191963196,-7.7723388671875
Instruct,90,True,17,0.44494858384132385,-6.977294921875
Instruct,90,True,18,0.982690155506134,-6.5291242599487305
Instruct,90,True,19,1.8940489292144775,-4.78153657913208
Instruct,90,True,20,3.0845141410827637,-3.1483707427978516
Instruct,90,True,21,4.727204322814941,0.3193002939224243
Instruct,90,True,22,5.2261528968811035,7.924280166625977
Instruct,90,True,23,5.6523942947387695,15.336572647094727
Instruct,90,True,24,6.025722980499268,23.08869171142578
Instruct,90,True,25,6.72309684753418,36.861297607421875
Instruct,90,True,26,4.969590187072754,50.527198791503906
Instruct,90,True,27,4.902462005615234,58.562652587890625
Instruct,90,True,28,-1.2168304920196533,26.604549407958984
Instruct,91,True,0,-6.0271124839782715,-11.529836654663086
Instruct,91,True,1,-5.081940174102783,-11.949456214904785
Instruct,91,True,2,-4.3797125816345215,-11.662632942199707
Instruct,91,True,3,-2.897230625152588,-12.102659225463867
Instruct,91,True,4,-2.0141677856445312,-11.777828216552734
Instruct,91,True,5,-1.1431862115859985,-11.822821617126465
Instruct,91,True,6,-1.4488525390625,-11.96137809753418
Instruct,91,True,7,-0.1277332603931427,-11.695819854736328
Instruct,91,True,8,0.6870774626731873,-11.77481460571289
Instruct,91,True,9,0.6510791778564453,-11.846551895141602
Instruct,91,True,10,1.154586911201477,-11.82767105102539
Instruct,91,True,11,2.3725428581237793,-11.84770393371582
Instruct,91,True,12,2.952350616455078,-11.318211555480957
Instruct,91,True,13,3.2912521362304688,-11.068428039550781
Instruct,91,True,14,3.7334723472595215,-10.943367004394531
Instruct,91,True,15,3.9861276149749756,-11.310272216796875
Instruct,91,True,16,5.212425708770752,-10.470686912536621
Instruct,91,True,17,6.4255547523498535,-10.136938095092773
Instruct,91,True,18,8.252250671386719,-8.571990966796875
Instruct,91,True,19,9.820426940917969,-6.991054534912109
Instruct,91,True,20,10.807463645935059,-5.747547149658203
Instruct,91,True,21,14.68417739868164,-2.3364431858062744
Instruct,91,True,22,17.628915786743164,4.4644775390625
Instruct,91,True,23,20.025115966796875,11.946596145629883
Instruct,91,True,24,23.239673614501953,19.977195739746094
Instruct,91,True,25,27.414958953857422,31.680683135986328
Instruct,91,True,26,30.499210357666016,45.04886245727539
Instruct,91,True,27,30.478702545166016,51.797061920166016
Instruct,91,True,28,12.236576080322266,22.060325622558594
Instruct,92,True,0,-6.040480613708496,-11.527257919311523
Instruct,92,True,1,-5.623783111572266,-11.83895206451416
Instruct,92,True,2,-5.046143531799316,-11.610857963562012
Instruct,92,True,3,-3.8095319271087646,-12.020224571228027
Instruct,92,True,4,-3.17468523979187,-11.602981567382812
Instruct,92,True,5,-2.627744436264038,-11.757801055908203
Instruct,92,True,6,-2.8415229320526123,-11.857095718383789
Instruct,92,True,7,-1.3422555923461914,-11.505361557006836
Instruct,92,True,8,-0.7653000354766846,-11.665175437927246
Instruct,92,True,9,-0.5072227716445923,-11.625059127807617
Instruct,92,True,10,-0.17124207317829132,-11.309349060058594
Instruct,92,True,11,0.7579829692840576,-11.386955261230469
Instruct,92,True,12,0.9443331360816956,-11.090738296508789
Instruct,92,True,13,1.2152371406555176,-10.689714431762695
Instruct,92,True,14,1.4716287851333618,-10.614843368530273
Instruct,92,True,15,1.5682563781738281,-10.809734344482422
Instruct,92,True,16,2.53225040435791,-10.027701377868652
Instruct,92,True,17,3.592831611633301,-9.71895980834961
Instruct,92,True,18,5.443638324737549,-8.326089859008789
Instruct,92,True,19,6.756134510040283,-6.947612762451172
Instruct,92,True,20,7.386890888214111,-6.1909050941467285
Instruct,92,True,21,10.118417739868164,-2.753884792327881
Instruct,92,True,22,12.233247756958008,3.335721731185913
Instruct,92,True,23,13.755338668823242,10.191156387329102
Instruct,92,True,24,16.251300811767578,17.642568588256836
Instruct,92,True,25,19.840662002563477,29.965415954589844
Instruct,92,True,26,22.436992645263672,42.421653747558594
Instruct,92,True,27,21.26227378845215,48.77185821533203
Instruct,92,True,28,6.650412559509277,20.325241088867188
Instruct,93,False,0,-6.072806358337402,-11.551559448242188
Instruct,93,False,1,-6.095232963562012,-11.701042175292969
Instruct,93,False,2,-5.869803428649902,-11.427416801452637
Instruct,93,False,3,-5.2278876304626465,-11.495162963867188
Instruct,93,False,4,-4.87971305847168,-10.92647933959961
Instruct,93,False,5,-4.718784332275391,-10.956686019897461
Instruct,93,False,6,-5.230076789855957,-10.923895835876465
Instruct,93,False,7,-4.399579048156738,-10.798612594604492
Instruct,93,False,8,-3.9612326622009277,-10.775697708129883
Instruct,93,False,9,-3.893794059753418,-10.749893188476562
Instruct,93,False,10,-3.602205276489258,-10.37112808227539
Instruct,93,False,11,-3.2026662826538086,-10.52000904083252
Instruct,93,False,12,-3.113584518432617,-9.63800048828125
Instruct,93,False,13,-2.737051486968994,-9.568784713745117
Instruct,93,False,14,-2.6188290119171143,-9.368047714233398
Instruct,93,False,15,-2.347494602203369,-9.758988380432129
Instruct,93,False,16,-1.6856818199157715,-8.773319244384766
Instruct,93,False,17,-1.695983648300171,-8.232492446899414
Instruct,93,False,18,-1.3329484462738037,-7.118459701538086
Instruct,93,False,19,-0.1839485764503479,-5.724712371826172
Instruct,93,False,20,-0.3626764118671417,-5.132829666137695
Instruct,93,False,21,0.5884751081466675,-1.902959942817688
Instruct,93,False,22,0.3703530430793762,4.853573799133301
Instruct,93,False,23,-0.30520325899124146,11.889400482177734
Instruct,93,False,24,-0.17922969162464142,20.036808013916016
Instruct,93,False,25,-0.3078514039516449,32.780513763427734
Instruct,93,False,26,-1.914307951927185,46.36543273925781
Instruct,93,False,27,-4.178767204284668,54.45494079589844
Instruct,93,False,28,-7.303183555603027,22.518360137939453
Instruct,94,True,0,-6.049404621124268,-11.551460266113281
Instruct,94,True,1,-5.594443321228027,-11.87663459777832
Instruct,94,True,2,-5.16069221496582,-11.69858169555664
Instruct,94,True,3,-4.449263095855713,-11.745870590209961
Instruct,94,True,4,-3.5486092567443848,-11.295665740966797
Instruct,94,True,5,-2.702112913131714,-11.283853530883789
Instruct,94,True,6,-3.110884666442871,-11.420950889587402
Instruct,94,True,7,-1.8758387565612793,-11.017948150634766
Instruct,94,True,8,-1.2132282257080078,-11.014922142028809
Instruct,94,True,9,-1.1414941549301147,-10.841598510742188
Instruct,94,True,10,-0.47408950328826904,-10.975798606872559
Instruct,94,True,11,0.3922007083892822,-11.184059143066406
Instruct,94,True,12,0.5241747498512268,-10.47839069366455
Instruct,94,True,13,0.6742864847183228,-10.288439750671387
Instruct,94,True,14,1.0269396305084229,-10.226766586303711
Instruct,94,True,15,1.2051770687103271,-10.440814971923828
Instruct,94,True,16,2.440561532974243,-9.375594139099121
Instruct,94,True,17,3.268737554550171,-8.926551818847656
Instruct,94,True,18,4.133759498596191,-8.082070350646973
Instruct,94,True,19,5.308080673217773,-6.552761554718018
Instruct,94,True,20,5.889592170715332,-5.685586929321289
Instruct,94,True,21,9.440702438354492,-3.127514362335205
Instruct,94,True,22,10.984325408935547,3.856534242630005
Instruct,94,True,23,12.645750045776367,10.68709945678711
Instruct,94,True,24,15.053647994995117,18.93250846862793
Instruct,94,True,25,16.758102416992188,28.95904541015625
Instruct,94,True,26,17.331451416015625,41.5355224609375
Instruct,94,True,27,17.400135040283203,50.2685432434082
Instruct,94,True,28,6.361614227294922,23.68063735961914
Instruct,95,False,0,-6.05277156829834,-11.517841339111328
Instruct,95,False,1,-5.867881774902344,-11.66702651977539
Instruct,95,False,2,-5.4959259033203125,-11.269643783569336
Instruct,95,False,3,-4.592415809631348,-11.598030090332031
Instruct,95,False,4,-4.019210338592529,-11.306078910827637
Instruct,95,False,5,-3.5423569679260254,-11.067005157470703
Instruct,95,False,6,-3.6918914318084717,-11.155086517333984
Instruct,95,False,7,-2.635477066040039,-11.112936019897461
Instruct,95,False,8,-1.8871161937713623,-11.30170726776123
Instruct,95,False,9,-1.7994980812072754,-10.830577850341797
Instruct,95,False,10,-1.4995131492614746,-10.685726165771484
Instruct,95,False,11,-0.8545080423355103,-11.028302192687988
Instruct,95,False,12,-0.6609430313110352,-10.48646354675293
Instruct,95,False,13,-0.6451629400253296,-9.906424522399902
Instruct,95,False,14,-0.2774251103401184,-9.884529113769531
Instruct,95,False,15,-0.4741623103618622,-9.887602806091309
Instruct,95,False,16,0.13517697155475616,-9.210519790649414
Instruct,95,False,17,0.9523804783821106,-8.643738746643066
Instruct,95,False,18,3.045290470123291,-7.2535481452941895
Instruct,95,False,19,4.407358169555664,-5.739373207092285
Instruct,95,False,20,4.522131443023682,-4.12548828125
Instruct,95,False,21,6.269456386566162,-0.30777707695961
Instruct,95,False,22,7.11098051071167,6.516402244567871
Instruct,95,False,23,8.306276321411133,14.299636840820312
Instruct,95,False,24,8.474802017211914,23.09477424621582
Instruct,95,False,25,9.939284324645996,34.62861633300781
Instruct,95,False,26,12.08427619934082,49.1385498046875
Instruct,95,False,27,11.858654022216797,57.118221282958984
Instruct,95,False,28,3.077805519104004,28.393291473388672
Instruct,96,True,0,-6.036296367645264,-11.532369613647461
Instruct,96,True,1,-5.5979084968566895,-11.79102897644043
Instruct,96,True,2,-4.969489097595215,-11.454608917236328
Instruct,96,True,3,-3.7481801509857178,-11.852676391601562
Instruct,96,True,4,-3.3086347579956055,-11.6370267868042
Instruct,96,True,5,-2.73622727394104,-11.685566902160645
Instruct,96,True,6,-2.997190237045288,-11.665709495544434
Instruct,96,True,7,-1.8847618103027344,-11.552391052246094
Instruct,96,True,8,-1.1316969394683838,-11.77326774597168
Instruct,96,True,9,-0.9214195609092712,-11.712528228759766
Instruct,96,True,10,-0.42838287353515625,-11.356196403503418
Instruct,96,True,11,0.6868438720703125,-11.499375343322754
Instruct,96,True,12,1.1127301454544067,-11.015103340148926
Instruct,96,True,13,1.6084707975387573,-10.711036682128906
Instruct,96,True,14,2.055522918701172,-10.560243606567383
Instruct,96,True,15,2.225771427154541,-10.840414047241211
Instruct,96,True,16,3.5749168395996094,-9.831293106079102
Instruct,96,True,17,4.716464996337891,-9.582052230834961
Instruct,96,True,18,6.365955352783203,-8.26609992980957
Instruct,96,True,19,8.285139083862305,-6.3233442306518555
Instruct,96,True,20,9.224936485290527,-5.097819805145264
Instruct,96,True,21,12.271062850952148,-0.714564859867096
Instruct,96,True,22,13.997570991516113,6.5986127853393555
Instruct,96,True,23,15.832525253295898,15.123932838439941
Instruct,96,True,24,18.19485092163086,23.09637451171875
Instruct,96,True,25,20.738332748413086,35.61110305786133
Instruct,96,True,26,24.270185470581055,48.663414001464844
Instruct,96,True,27,23.602773666381836,55.145111083984375
Instruct,96,True,28,8.28956413269043,25.69302749633789
Instruct,97,False,0,-6.061290740966797,-11.573180198669434
Instruct,97,False,1,-6.49995756149292,-11.539746284484863
Instruct,97,False,2,-6.400922775268555,-11.170079231262207
Instruct,97,False,3,-6.320364952087402,-11.338068008422852
Instruct,97,False,4,-6.056960582733154,-10.586100578308105
Instruct,97,False,5,-5.840594291687012,-10.514938354492188
Instruct,97,False,6,-6.290099620819092,-10.655445098876953
Instruct,97,False,7,-5.421583652496338,-10.43646240234375
Instruct,97,False,8,-5.187614440917969,-10.082769393920898
Instruct,97,False,9,-5.123398780822754,-10.178359985351562
Instruct,97,False,10,-5.215184688568115,-9.615998268127441
Instruct,97,False,11,-5.248335838317871,-9.992530822753906
Instruct,97,False,12,-5.398760795593262,-8.874144554138184
Instruct,97,False,13,-5.447153091430664,-8.589378356933594
Instruct,97,False,14,-5.586214065551758,-8.71274185180664
Instruct,97,False,15,-5.805285453796387,-8.65804672241211
Instruct,97,False,16,-5.459223747253418,-7.880541801452637
Instruct,97,False,17,-4.961597919464111,-6.623768329620361
Instruct,97,False,18,-4.707642555236816,-6.133636474609375
Instruct,97,False,19,-3.962303400039673,-4.365412712097168
Instruct,97,False,20,-3.5351860523223877,-2.834021806716919
Instruct,97,False,21,-3.3977060317993164,0.9870606660842896
Instruct,97,False,22,-4.052038192749023,8.24612808227539
Instruct,97,False,23,-4.664487838745117,14.720927238464355
Instruct,97,False,24,-6.4454474449157715,22.541866302490234
Instruct,97,False,25,-8.187026023864746,35.60904312133789
Instruct,97,False,26,-9.631993293762207,49.22622299194336
Instruct,97,False,27,-11.231078147888184,56.868350982666016
Instruct,97,False,28,-11.220109939575195,24.48891830444336
Instruct,98,False,0,-6.068561553955078,-11.54896354675293
Instruct,98,False,1,-6.151391506195068,-11.740961074829102
Instruct,98,False,2,-5.895737171173096,-11.363143920898438
Instruct,98,False,3,-5.483663558959961,-11.52149772644043
Instruct,98,False,4,-5.210930824279785,-10.989716529846191
Instruct,98,False,5,-4.587503910064697,-10.943735122680664
Instruct,98,False,6,-4.860837459564209,-11.128077507019043
Instruct,98,False,7,-4.000263214111328,-10.893461227416992
Instruct,98,False,8,-3.5237510204315186,-10.918174743652344
Instruct,98,False,9,-3.6477556228637695,-10.92673110961914
Instruct,98,False,10,-3.4131951332092285,-10.707747459411621
Instruct,98,False,11,-3.067293167114258,-10.715530395507812
Instruct,98,False,12,-3.105762243270874,-10.083487510681152
Instruct,98,False,13,-3.1765527725219727,-9.795714378356934
Instruct,98,False,14,-3.0294361114501953,-9.649625778198242
Instruct,98,False,15,-2.917670726776123,-9.795284271240234
Instruct,98,False,16,-2.6979191303253174,-8.91691780090332
Instruct,98,False,17,-2.8151137828826904,-8.04622745513916
Instruct,98,False,18,-2.061751365661621,-7.160819053649902
Instruct,98,False,19,-1.191567301750183,-5.951297760009766
Instruct,98,False,20,-1.5820739269256592,-5.257686138153076
Instruct,98,False,21,-0.12327536940574646,-1.7267587184906006
Instruct,98,False,22,-0.5393443703651428,4.867491722106934
Instruct,98,False,23,-0.6492956876754761,11.61954402923584
Instruct,98,False,24,-0.3272116780281067,19.196067810058594
Instruct,98,False,25,-0.7528346180915833,31.718048095703125
Instruct,98,False,26,-2.3435895442962646,44.725528717041016
Instruct,98,False,27,-5.272642135620117,53.24647521972656
Instruct,98,False,28,-7.119577407836914,23.211078643798828
Instruct,99,False,0,-6.034839630126953,-11.559928894042969
Instruct,99,False,1,-5.8645477294921875,-11.628276824951172
Instruct,99,False,2,-5.323864936828613,-11.352336883544922
Instruct,99,False,3,-4.477398872375488,-11.682844161987305
Instruct,99,False,4,-3.9150562286376953,-11.265218734741211
Instruct,99,False,5,-3.891270399093628,-11.053812026977539
Instruct,99,False,6,-4.14478063583374,-11.174674034118652
Instruct,99,False,7,-3.6205484867095947,-10.874906539916992
Instruct,99,False,8,-2.9703621864318848,-10.945610046386719
Instruct,99,False,9,-3.0856196880340576,-10.703439712524414
Instruct,99,False,10,-2.8222451210021973,-10.23034381866455
Instruct,99,False,11,-2.433305025100708,-10.49747085571289
Instruct,99,False,12,-2.122648239135742,-9.834610939025879
Instruct,99,False,13,-2.0847582817077637,-9.495553970336914
Instruct,99,False,14,-1.315609097480774,-9.500551223754883
Instruct,99,False,15,-1.5798194408416748,-9.856168746948242
Instruct,99,False,16,-0.5031420588493347,-9.124211311340332
Instruct,99,False,17,-0.47995370626449585,-7.997877597808838
Instruct,99,False,18,0.8742011189460754,-6.902647972106934
Instruct,99,False,19,1.9175862073898315,-5.361024856567383
Instruct,99,False,20,2.2647628784179688,-4.25924825668335
Instruct,99,False,21,4.0459089279174805,-0.5531424283981323
Instruct,99,False,22,4.493359088897705,6.112942695617676
Instruct,99,False,23,5.109429359436035,13.427291870117188
Instruct,99,False,24,5.263330459594727,21.802371978759766
Instruct,99,False,25,6.450406074523926,32.91403579711914
Instruct,99,False,26,7.8499650955200195,45.61705780029297
Instruct,99,False,27,7.324212074279785,52.71414566040039
Instruct,99,False,28,-0.9021927118301392,25.123435974121094
Math-Instruct,0,True,0,-2.2663464546203613,-9.061365127563477
Math-Instruct,0,True,1,-1.8565363883972168,-9.100322723388672
Math-Instruct,0,True,2,-1.3380122184753418,-9.129796981811523
Math-Instruct,0,True,3,-0.9227184653282166,-9.172983169555664
Math-Instruct,0,True,4,-0.641051173210144,-8.963359832763672
Math-Instruct,0,True,5,-0.4893409013748169,-8.952591896057129
Math-Instruct,0,True,6,-0.2712034583091736,-8.790578842163086
Math-Instruct,0,True,7,-0.04157691448926926,-8.98859691619873
Math-Instruct,0,True,8,-0.12248576432466507,-8.316061019897461
Math-Instruct,0,True,9,0.1823778748512268,-8.398969650268555
Math-Instruct,0,True,10,0.4619053602218628,-8.359067916870117
Math-Instruct,0,True,11,0.8587833642959595,-8.262929916381836
Math-Instruct,0,True,12,1.0104613304138184,-8.074644088745117
Math-Instruct,0,True,13,1.1611870527267456,-7.756178855895996
Math-Instruct,0,True,14,1.5301721096038818,-7.820329666137695
Math-Instruct,0,True,15,1.7912317514419556,-7.615845680236816
Math-Instruct,0,True,16,2.6701788902282715,-7.49869441986084
Math-Instruct,0,True,17,3.7235958576202393,-6.53109884262085
Math-Instruct,0,True,18,4.316527843475342,-6.00100040435791
Math-Instruct,0,True,19,5.638908386230469,-5.550677299499512
Math-Instruct,0,True,20,5.916728973388672,-4.413094520568848
Math-Instruct,0,True,21,8.082921028137207,-2.492926597595215
Math-Instruct,0,True,22,10.906455993652344,4.392402648925781
Math-Instruct,0,True,23,12.470748901367188,11.957860946655273
Math-Instruct,0,True,24,14.408330917358398,18.288650512695312
Math-Instruct,0,True,25,16.825454711914062,28.589204788208008
Math-Instruct,0,True,26,16.378620147705078,44.44947052001953
Math-Instruct,0,True,27,16.904727935791016,67.39518737792969
Math-Instruct,0,True,28,0.6729949712753296,2.165442705154419
Math-Instruct,1,True,0,-2.2646381855010986,-9.057502746582031
Math-Instruct,1,True,1,-1.9650037288665771,-9.060811996459961
Math-Instruct,1,True,2,-1.6531190872192383,-9.090680122375488
Math-Instruct,1,True,3,-1.154862880706787,-9.225641250610352
Math-Instruct,1,True,4,-0.8152234554290771,-9.21158218383789
Math-Instruct,1,True,5,-0.7318801283836365,-9.055624008178711
Math-Instruct,1,True,6,-0.6425225734710693,-8.743717193603516
Math-Instruct,1,True,7,-0.3760747015476227,-8.977688789367676
Math-Instruct,1,True,8,-0.36631903052330017,-8.58619213104248
Math-Instruct,1,True,9,-0.24331144988536835,-8.565032958984375
Math-Instruct,1,True,10,-0.11299881339073181,-8.488080978393555
Math-Instruct,1,True,11,0.264840304851532,-8.236227989196777
Math-Instruct,1,True,12,0.5733894109725952,-8.164798736572266
Math-Instruct,1,True,13,0.6602150201797485,-7.887406826019287
Math-Instruct,1,True,14,1.0957748889923096,-7.500123023986816
Math-Instruct,1,True,15,1.2158846855163574,-7.686133861541748
Math-Instruct,1,True,16,2.742016315460205,-7.490121841430664
Math-Instruct,1,True,17,3.1956353187561035,-7.069835186004639
Math-Instruct,1,True,18,3.8865365982055664,-6.302743434906006
Math-Instruct,1,True,19,5.4988627433776855,-5.194064140319824
Math-Instruct,1,True,20,5.253229141235352,-4.288899898529053
Math-Instruct,1,True,21,7.512037754058838,-2.7939276695251465
Math-Instruct,1,True,22,9.252187728881836,1.991995096206665
Math-Instruct,1,True,23,10.345274925231934,7.7328691482543945
Math-Instruct,1,True,24,10.897773742675781,13.434736251831055
Math-Instruct,1,True,25,12.160165786743164,23.01602554321289
Math-Instruct,1,True,26,12.430611610412598,34.55687713623047
Math-Instruct,1,True,27,13.676627159118652,54.073020935058594
Math-Instruct,1,True,28,0.48668330907821655,0.5544042587280273
Math-Instruct,2,False,0,-2.288357734680176,-9.057960510253906
Math-Instruct,2,False,1,-2.465149402618408,-9.195514678955078
Math-Instruct,2,False,2,-2.2975070476531982,-9.016149520874023
Math-Instruct,2,False,3,-2.3972015380859375,-8.929369926452637
Math-Instruct,2,False,4,-2.5312228202819824,-8.583587646484375
Math-Instruct,2,False,5,-2.7033820152282715,-8.614774703979492
Math-Instruct,2,False,6,-2.619438409805298,-8.483732223510742
Math-Instruct,2,False,7,-2.773273468017578,-8.173946380615234
Math-Instruct,2,False,8,-3.2011375427246094,-7.795280933380127
Math-Instruct,2,False,9,-2.950995683670044,-8.026718139648438
Math-Instruct,2,False,10,-2.970686197280884,-8.249221801757812
Math-Instruct,2,False,11,-3.0367307662963867,-8.366310119628906
Math-Instruct,2,False,12,-2.932858467102051,-8.220420837402344
Math-Instruct,2,False,13,-2.8831770420074463,-8.110795021057129
Math-Instruct,2,False,14,-2.7200260162353516,-7.850144386291504
Math-Instruct,2,False,15,-3.03558087348938,-7.835873603820801
Math-Instruct,2,False,16,-2.8336918354034424,-7.579438209533691
Math-Instruct,2,False,17,-2.8559677600860596,-6.681506156921387
Math-Instruct,2,False,18,-3.05460786819458,-5.890268325805664
Math-Instruct,2,False,19,-2.276820182800293,-5.277887344360352
Math-Instruct,2,False,20,-3.3778915405273438,-3.998208522796631
Math-Instruct,2,False,21,-5.505643844604492,-2.5592751502990723
Math-Instruct,2,False,22,-7.310028076171875,3.791421413421631
Math-Instruct,2,False,23,-7.359208106994629,11.239805221557617
Math-Instruct,2,False,24,-8.678339958190918,17.987960815429688
Math-Instruct,2,False,25,-10.288722038269043,29.338558197021484
Math-Instruct,2,False,26,-13.803003311157227,46.25014114379883
Math-Instruct,2,False,27,-15.549182891845703,71.16188049316406
Math-Instruct,2,False,28,-7.038132667541504,3.6569602489471436
Math-Instruct,3,True,0,-2.2673821449279785,-9.057332992553711
Math-Instruct,3,True,1,-1.9051475524902344,-9.028380393981934
Math-Instruct,3,True,2,-1.5213754177093506,-8.95346450805664
Math-Instruct,3,True,3,-1.3038121461868286,-8.975362777709961
Math-Instruct,3,True,4,-0.9886252880096436,-8.71038818359375
Math-Instruct,3,True,5,-0.5876409411430359,-8.583870887756348
Math-Instruct,3,True,6,-0.7356408834457397,-8.447729110717773
Math-Instruct,3,True,7,-0.6009231805801392,-8.699868202209473
Math-Instruct,3,True,8,0.013165771961212158,-8.071599960327148
Math-Instruct,3,True,9,0.09009680151939392,-8.322296142578125
Math-Instruct,3,True,10,0.7047902345657349,-8.408395767211914
Math-Instruct,3,True,11,1.4122049808502197,-8.505619049072266
Math-Instruct,3,True,12,2.1578493118286133,-8.410470962524414
Math-Instruct,3,True,13,2.300938129425049,-7.9364519119262695
Math-Instruct,3,True,14,2.898491382598877,-7.724367141723633
Math-Instruct,3,True,15,3.1313693523406982,-7.866207122802734
Math-Instruct,3,True,16,4.544276237487793,-7.33668851852417
Math-Instruct,3,True,17,5.713090896606445,-6.363857269287109
Math-Instruct,3,True,18,5.500727653503418,-5.6964616775512695
Math-Instruct,3,True,19,6.712944984436035,-4.422772407531738
Math-Instruct,3,True,20,6.462080955505371,-3.6294546127319336
Math-Instruct,3,True,21,8.664399147033691,-1.356537938117981
Math-Instruct,3,True,22,10.623250007629395,4.375225067138672
Math-Instruct,3,True,23,11.865691184997559,10.849311828613281
Math-Instruct,3,True,24,13.11614990234375,16.878145217895508
Math-Instruct,3,True,25,15.139562606811523,28.67667007446289
Math-Instruct,3,True,26,15.216238021850586,43.78472137451172
Math-Instruct,3,True,27,15.591919898986816,68.09463500976562
Math-Instruct,3,True,28,-0.43364861607551575,2.78328800201416
Math-Instruct,4,True,0,-2.2711362838745117,-9.066276550292969
Math-Instruct,4,True,1,-1.912476897239685,-9.23666000366211
Math-Instruct,4,True,2,-1.4903286695480347,-9.149993896484375
Math-Instruct,4,True,3,-1.502863883972168,-9.368118286132812
Math-Instruct,4,True,4,-1.3315250873565674,-9.019973754882812
Math-Instruct,4,True,5,-1.1455435752868652,-8.950664520263672
Math-Instruct,4,True,6,-1.0642659664154053,-8.727396011352539
Math-Instruct,4,True,7,-0.8232642412185669,-8.928079605102539
Math-Instruct,4,True,8,-0.7615295648574829,-8.18635368347168
Math-Instruct,4,True,9,-0.8506917953491211,-8.365694046020508
Math-Instruct,4,True,10,-0.7050790786743164,-8.576412200927734
Math-Instruct,4,True,11,-0.6576364040374756,-8.467341423034668
Math-Instruct,4,True,12,-0.1650199592113495,-8.233510971069336
Math-Instruct,4,True,13,0.04877030849456787,-7.920619010925293
Math-Instruct,4,True,14,0.36402207612991333,-7.626646041870117
Math-Instruct,4,True,15,0.2698858082294464,-7.596775054931641
Math-Instruct,4,True,16,0.37486380338668823,-7.550118446350098
Math-Instruct,4,True,17,0.9737554788589478,-6.584472179412842
Math-Instruct,4,True,18,0.9212258458137512,-6.021540641784668
Math-Instruct,4,True,19,1.606891393661499,-5.094428062438965
Math-Instruct,4,True,20,1.3727620840072632,-4.186630725860596
Math-Instruct,4,True,21,2.9615650177001953,-2.3717801570892334
Math-Instruct,4,True,22,4.517956256866455,3.4692537784576416
Math-Instruct,4,True,23,5.431613922119141,10.228017807006836
Math-Instruct,4,True,24,6.445338249206543,16.49104118347168
Math-Instruct,4,True,25,7.940142631530762,26.487743377685547
Math-Instruct,4,True,26,7.6256632804870605,41.25521469116211
Math-Instruct,4,True,27,8.34726619720459,63.07238006591797
Math-Instruct,4,True,28,-1.2746062278747559,2.280383825302124
Math-Instruct,5,True,0,-2.2753689289093018,-9.066308975219727
Math-Instruct,5,True,1,-1.899335503578186,-9.07071304321289
Math-Instruct,5,True,2,-1.6483304500579834,-8.977029800415039
Math-Instruct,5,True,3,-1.7585864067077637,-8.877686500549316
Math-Instruct,5,True,4,-1.6820149421691895,-8.58680248260498
Math-Instruct,5,True,5,-1.637444019317627,-8.625720977783203
Math-Instruct,5,True,6,-1.5491772890090942,-8.539741516113281
Math-Instruct,5,True,7,-1.3364287614822388,-8.637596130371094
Math-Instruct,5,True,8,-1.1197545528411865,-8.121243476867676
Math-Instruct,5,True,9,-1.0299336910247803,-8.414643287658691
Math-Instruct,5,True,10,-1.1242918968200684,-8.594610214233398
Math-Instruct,5,True,11,-1.0162434577941895,-8.32938003540039
Math-Instruct,5,True,12,-0.7551107406616211,-8.187665939331055
Math-Instruct,5,True,13,-0.9975439310073853,-7.961194038391113
Math-Instruct,5,True,14,-0.7889167070388794,-8.30978775024414
Math-Instruct,5,True,15,-0.558832585811615,-8.435138702392578
Math-Instruct,5,True,16,0.34094512462615967,-8.1318998336792
Math-Instruct,5,True,17,1.1478288173675537,-6.95478630065918
Math-Instruct,5,True,18,1.6285948753356934,-6.53425407409668
Math-Instruct,5,True,19,2.5673294067382812,-5.652793884277344
Math-Instruct,5,True,20,2.7596564292907715,-5.185849666595459
Math-Instruct,5,True,21,2.8940670490264893,-3.698767900466919
Math-Instruct,5,True,22,4.472568988800049,3.0227584838867188
Math-Instruct,5,True,23,5.050076961517334,10.104532241821289
Math-Instruct,5,True,24,5.019919395446777,16.119815826416016
Math-Instruct,5,True,25,4.67705774307251,25.0688533782959
Math-Instruct,5,True,26,3.2746965885162354,40.4102668762207
Math-Instruct,5,True,27,2.583357572555542,62.24224853515625
Math-Instruct,5,True,28,-3.3942251205444336,2.525864601135254
Math-Instruct,6,False,0,-2.3441989421844482,-9.054576873779297
Math-Instruct,6,False,1,-4.583037376403809,-9.659833908081055
Math-Instruct,6,False,2,-5.416801452636719,-8.895343780517578
Math-Instruct,6,False,3,-6.998396873474121,-8.421566009521484
Math-Instruct,6,False,4,-8.696487426757812,-7.850767135620117
Math-Instruct,6,False,5,-10.841309547424316,-7.533392906188965
Math-Instruct,6,False,6,-12.776144027709961,-7.551996231079102
Math-Instruct,6,False,7,-15.234716415405273,-7.613462924957275
Math-Instruct,6,False,8,-17.650516510009766,-7.021629810333252
Math-Instruct,6,False,9,-19.005887985229492,-8.046813011169434
Math-Instruct,6,False,10,-19.2390193939209,-7.855635643005371
Math-Instruct,6,False,11,-22.27027702331543,-7.4966206550598145
Math-Instruct,6,False,12,-22.83873748779297,-7.026183128356934
Math-Instruct,6,False,13,-22.711441040039062,-7.411815643310547
Math-Instruct,6,False,14,-24.08690643310547,-7.0399394035339355
Math-Instruct,6,False,15,-25.320941925048828,-5.5945143699646
Math-Instruct,6,False,16,-29.542680740356445,-5.818338871002197
Math-Instruct,6,False,17,-29.042747497558594,-5.421032905578613
Math-Instruct,6,False,18,-31.820207595825195,-5.350311279296875
Math-Instruct,6,False,19,-34.172794342041016,-5.093947887420654
Math-Instruct,6,False,20,-38.75154113769531,-0.861735463142395
Math-Instruct,6,False,21,-39.21147537231445,0.22826337814331055
Math-Instruct,6,False,22,-41.472900390625,1.6220710277557373
Math-Instruct,6,False,23,-43.44305419921875,8.154830932617188
Math-Instruct,6,False,24,-57.62321472167969,18.992721557617188
Math-Instruct,6,False,25,-61.15159225463867,33.081417083740234
Math-Instruct,6,False,26,-76.85993957519531,56.66705322265625
Math-Instruct,6,False,27,-89.32548522949219,78.02108764648438
Math-Instruct,6,False,28,-23.39019775390625,5.340720176696777
Math-Instruct,7,False,0,-2.284510612487793,-9.060795783996582
Math-Instruct,7,False,1,-2.2572274208068848,-9.085205078125
Math-Instruct,7,False,2,-2.1123809814453125,-8.906584739685059
Math-Instruct,7,False,3,-2.281294345855713,-8.999300003051758
Math-Instruct,7,False,4,-2.6679420471191406,-8.725261688232422
Math-Instruct,7,False,5,-2.906708002090454,-8.603132247924805
Math-Instruct,7,False,6,-2.8256750106811523,-8.388361930847168
Math-Instruct,7,False,7,-2.9224910736083984,-8.561141967773438
Math-Instruct,7,False,8,-3.0875675678253174,-8.076482772827148
Math-Instruct,7,False,9,-3.2746636867523193,-8.239707946777344
Math-Instruct,7,False,10,-3.4548683166503906,-8.064796447753906
Math-Instruct,7,False,11,-4.4613542556762695,-8.124471664428711
Math-Instruct,7,False,12,-4.493193626403809,-7.706220626831055
Math-Instruct,7,False,13,-4.335076332092285,-7.575202941894531
Math-Instruct,7,False,14,-4.038741588592529,-7.491363525390625
Math-Instruct,7,False,15,-3.8897621631622314,-7.469635963439941
Math-Instruct,7,False,16,-3.554534912109375,-7.343571186065674
Math-Instruct,7,False,17,-3.580873489379883,-6.555776119232178
Math-Instruct,7,False,18,-3.6235976219177246,-6.234213829040527
Math-Instruct,7,False,19,-3.0392191410064697,-5.5684919357299805
Math-Instruct,7,False,20,-3.639972686767578,-4.6043500900268555
Math-Instruct,7,False,21,-5.913672924041748,-3.297025203704834
Math-Instruct,7,False,22,-6.775895595550537,2.0177013874053955
Math-Instruct,7,False,23,-6.7797136306762695,9.03967571258545
Math-Instruct,7,False,24,-7.078849792480469,15.0718412399292
Math-Instruct,7,False,25,-8.367222785949707,24.533382415771484
Math-Instruct,7,False,26,-9.675167083740234,38.09077453613281
Math-Instruct,7,False,27,-9.33138656616211,59.504791259765625
Math-Instruct,7,False,28,-6.208460330963135,0.8331377506256104
Math-Instruct,8,False,0,-2.2638535499572754,-9.043289184570312
Math-Instruct,8,False,1,-2.387566566467285,-9.069390296936035
Math-Instruct,8,False,2,-2.266735553741455,-9.029590606689453
Math-Instruct,8,False,3,-2.3256051540374756,-8.87231731414795
Math-Instruct,8,False,4,-2.7105555534362793,-8.739076614379883
Math-Instruct,8,False,5,-2.7601308822631836,-8.630969047546387
Math-Instruct,8,False,6,-2.6570725440979004,-8.39558219909668
Math-Instruct,8,False,7,-2.611020565032959,-8.471242904663086
Math-Instruct,8,False,8,-2.6352458000183105,-8.018447875976562
Math-Instruct,8,False,9,-3.0662379264831543,-8.33824634552002
Math-Instruct,8,False,10,-3.1740546226501465,-8.129594802856445
Math-Instruct,8,False,11,-3.4758455753326416,-8.397058486938477
Math-Instruct,8,False,12,-4.111693859100342,-8.213214874267578
Math-Instruct,8,False,13,-3.9684641361236572,-7.703937530517578
Math-Instruct,8,False,14,-3.4909422397613525,-7.699396133422852
Math-Instruct,8,False,15,-3.3968472480773926,-7.477063179016113
Math-Instruct,8,False,16,-3.6445071697235107,-7.196323394775391
Math-Instruct,8,False,17,-3.6772069931030273,-6.130767822265625
Math-Instruct,8,False,18,-4.022038459777832,-5.620815753936768
Math-Instruct,8,False,19,-3.516731023788452,-4.841894149780273
Math-Instruct,8,False,20,-4.607437610626221,-3.8760273456573486
Math-Instruct,8,False,21,-6.895608901977539,-1.6437374353408813
Math-Instruct,8,False,22,-9.313606262207031,4.876500129699707
Math-Instruct,8,False,23,-10.11966609954834,12.747044563293457
Math-Instruct,8,False,24,-11.307065963745117,20.106765747070312
Math-Instruct,8,False,25,-13.264649391174316,32.58729553222656
Math-Instruct,8,False,26,-15.04511833190918,51.87395477294922
Math-Instruct,8,False,27,-15.787274360656738,76.68620300292969
Math-Instruct,8,False,28,-6.777931213378906,3.379503011703491
Math-Instruct,9,True,0,-2.2688417434692383,-9.051608085632324
Math-Instruct,9,True,1,-2.0990662574768066,-9.169544219970703
Math-Instruct,9,True,2,-1.7584600448608398,-9.161914825439453
Math-Instruct,9,True,3,-1.7826651334762573,-9.055038452148438
Math-Instruct,9,True,4,-1.8393776416778564,-8.85240650177002
Math-Instruct,9,True,5,-1.6930766105651855,-8.835952758789062
Math-Instruct,9,True,6,-1.5421137809753418,-8.637372970581055
Math-Instruct,9,True,7,-1.3602871894836426,-8.524883270263672
Math-Instruct,9,True,8,-1.1537103652954102,-8.084196090698242
Math-Instruct,9,True,9,-1.5958694219589233,-8.358640670776367
Math-Instruct,9,True,10,-1.6344571113586426,-8.532466888427734
Math-Instruct,9,True,11,-1.6406078338623047,-8.275405883789062
Math-Instruct,9,True,12,-1.7639741897583008,-7.858915328979492
Math-Instruct,9,True,13,-2.002171039581299,-7.705820083618164
Math-Instruct,9,True,14,-1.9309794902801514,-7.596020698547363
Math-Instruct,9,True,15,-1.7412670850753784,-7.595535755157471
Math-Instruct,9,True,16,-1.2380332946777344,-7.083248615264893
Math-Instruct,9,True,17,-0.6951267123222351,-5.719860553741455
Math-Instruct,9,True,18,-0.18021272122859955,-4.90244197845459
Math-Instruct,9,True,19,0.24510923027992249,-4.55439567565918
Math-Instruct,9,True,20,0.38001060485839844,-3.5961697101593018
Math-Instruct,9,True,21,-0.11525231599807739,-0.3610494136810303
Math-Instruct,9,True,22,0.7471556663513184,5.43855094909668
Math-Instruct,9,True,23,1.7918847799301147,14.122869491577148
Math-Instruct,9,True,24,1.9304523468017578,21.677013397216797
Math-Instruct,9,True,25,2.095102310180664,33.85258483886719
Math-Instruct,9,True,26,1.4269437789916992,52.77165985107422
Math-Instruct,9,True,27,1.7924532890319824,78.94767761230469
Math-Instruct,9,True,28,-2.8262689113616943,5.134364128112793
Math-Instruct,10,True,0,-2.262686252593994,-9.057209014892578
Math-Instruct,10,True,1,-1.9519621133804321,-9.3240385055542
Math-Instruct,10,True,2,-1.596003532409668,-9.163769721984863
Math-Instruct,10,True,3,-1.5733777284622192,-9.238182067871094
Math-Instruct,10,True,4,-1.3407526016235352,-8.977249145507812
Math-Instruct,10,True,5,-1.1933338642120361,-9.056158065795898
Math-Instruct,10,True,6,-1.0773799419403076,-8.928678512573242
Math-Instruct,10,True,7,-0.8759857416152954,-9.049201011657715
Math-Instruct,10,True,8,-0.6261702179908752,-8.418951988220215
Math-Instruct,10,True,9,-0.6446717977523804,-8.627897262573242
Math-Instruct,10,True,10,-0.32171690464019775,-8.89223861694336
Math-Instruct,10,True,11,-0.3847074508666992,-8.614242553710938
Math-Instruct,10,True,12,0.03134441375732422,-8.54712200164795
Math-Instruct,10,True,13,0.17016544938087463,-8.381553649902344
Math-Instruct,10,True,14,0.9565326571464539,-8.069646835327148
Math-Instruct,10,True,15,1.1980338096618652,-8.157144546508789
Math-Instruct,10,True,16,2.181793689727783,-7.902116775512695
Math-Instruct,10,True,17,2.478672504425049,-7.191845893859863
Math-Instruct,10,True,18,3.3737802505493164,-6.553977966308594
Math-Instruct,10,True,19,4.5894575119018555,-5.865351676940918
Math-Instruct,10,True,20,4.577695846557617,-4.38092041015625
Math-Instruct,10,True,21,5.809034824371338,-2.112854480743408
Math-Instruct,10,True,22,7.882347583770752,3.3297741413116455
Math-Instruct,10,True,23,8.949199676513672,9.824832916259766
Math-Instruct,10,True,24,10.453526496887207,15.5693359375
Math-Instruct,10,True,25,12.024951934814453,25.571836471557617
Math-Instruct,10,True,26,13.189445495605469,42.312557220458984
Math-Instruct,10,True,27,14.435955047607422,67.79913330078125
Math-Instruct,10,True,28,0.4318274259567261,2.0221405029296875
Math-Instruct,11,True,0,-2.2628908157348633,-9.049278259277344
Math-Instruct,11,True,1,-1.842958927154541,-9.276426315307617
Math-Instruct,11,True,2,-1.5523009300231934,-9.242191314697266
Math-Instruct,11,True,3,-1.3477051258087158,-9.236753463745117
Math-Instruct,11,True,4,-1.084244728088379,-9.021475791931152
Math-Instruct,11,True,5,-0.8079586029052734,-8.827600479125977
Math-Instruct,11,True,6,-0.7121365666389465,-8.72065544128418
Math-Instruct,11,True,7,-0.5672743320465088,-8.724035263061523
Math-Instruct,11,True,8,-0.16266493499279022,-8.355232238769531
Math-Instruct,11,True,9,-0.458820641040802,-8.44129467010498
Math-Instruct,11,True,10,-0.5782871246337891,-8.402300834655762
Math-Instruct,11,True,11,-0.22511254251003265,-8.150503158569336
Math-Instruct,11,True,12,0.32948318123817444,-8.071770668029785
Math-Instruct,11,True,13,0.12017640471458435,-7.92529296875
Math-Instruct,11,True,14,0.09408947825431824,-7.4237380027771
Math-Instruct,11,True,15,-0.10149285942316055,-7.217198371887207
Math-Instruct,11,True,16,0.5045217275619507,-6.589853286743164
Math-Instruct,11,True,17,1.4530034065246582,-5.2169294357299805
Math-Instruct,11,True,18,1.9297572374343872,-4.785120010375977
Math-Instruct,11,True,19,2.9497597217559814,-4.234776020050049
Math-Instruct,11,True,20,3.0253396034240723,-3.0237197875976562
Math-Instruct,11,True,21,3.5658631324768066,-0.4594552516937256
Math-Instruct,11,True,22,4.736189842224121,6.3459014892578125
Math-Instruct,11,True,23,5.430870056152344,14.199949264526367
Math-Instruct,11,True,24,5.460568428039551,21.750286102294922
Math-Instruct,11,True,25,5.419683456420898,33.2109375
Math-Instruct,11,True,26,4.63969087600708,53.22258758544922
Math-Instruct,11,True,27,3.7397220134735107,78.67636108398438
Math-Instruct,11,True,28,-2.5270652770996094,4.6529035568237305
Math-Instruct,12,False,0,-2.2776572704315186,-9.063464164733887
Math-Instruct,12,False,1,-2.252408981323242,-9.05527400970459
Math-Instruct,12,False,2,-2.077274799346924,-8.956969261169434
Math-Instruct,12,False,3,-1.9683763980865479,-8.98647403717041
Math-Instruct,12,False,4,-2.1149139404296875,-8.598957061767578
Math-Instruct,12,False,5,-2.421175479888916,-8.615562438964844
Math-Instruct,12,False,6,-2.2978177070617676,-8.493059158325195
Math-Instruct,12,False,7,-2.084071159362793,-8.576665878295898
Math-Instruct,12,False,8,-2.2820301055908203,-8.272174835205078
Math-Instruct,12,False,9,-2.2326462268829346,-8.3662691116333
Math-Instruct,12,False,10,-2.4143571853637695,-8.487229347229004
Math-Instruct,12,False,11,-2.182654619216919,-8.546600341796875
Math-Instruct,12,False,12,-2.1278557777404785,-8.328693389892578
Math-Instruct,12,False,13,-1.8176614046096802,-8.205930709838867
Math-Instruct,12,False,14,-1.5723875761032104,-8.429187774658203
Math-Instruct,12,False,15,-1.6980355978012085,-8.277437210083008
Math-Instruct,12,False,16,-1.7636709213256836,-7.7860565185546875
Math-Instruct,12,False,17,-1.4203598499298096,-6.954920291900635
Math-Instruct,12,False,18,-1.2970986366271973,-6.368202209472656
Math-Instruct,12,False,19,-0.6493848562240601,-5.951061248779297
Math-Instruct,12,False,20,-0.9747706055641174,-4.791236877441406
Math-Instruct,12,False,21,-2.4751250743865967,-2.9436283111572266
Math-Instruct,12,False,22,-3.0605123043060303,3.4201972484588623
Math-Instruct,12,False,23,-2.7048556804656982,10.223152160644531
Math-Instruct,12,False,24,-2.6675689220428467,15.847830772399902
Math-Instruct,12,False,25,-3.6152210235595703,26.204727172851562
Math-Instruct,12,False,26,-5.548832416534424,41.45722198486328
Math-Instruct,12,False,27,-5.294519424438477,65.22531127929688
Math-Instruct,12,False,28,-4.960117340087891,1.973833680152893
Math-Instruct,13,True,0,-2.2696304321289062,-9.055278778076172
Math-Instruct,13,True,1,-2.2070460319519043,-9.151483535766602
Math-Instruct,13,True,2,-2.006948471069336,-9.079524993896484
Math-Instruct,13,True,3,-1.8876584768295288,-9.312504768371582
Math-Instruct,13,True,4,-1.6602685451507568,-9.253809928894043
Math-Instruct,13,True,5,-1.5833728313446045,-9.183389663696289
Math-Instruct,13,True,6,-1.4045873880386353,-8.963844299316406
Math-Instruct,13,True,7,-1.038560390472412,-8.858784675598145
Math-Instruct,13,True,8,-0.7287578582763672,-8.629610061645508
Math-Instruct,13,True,9,-0.67219078540802,-8.813908576965332
Math-Instruct,13,True,10,-0.7083524465560913,-8.614740371704102
Math-Instruct,13,True,11,-0.7973623871803284,-8.619701385498047
Math-Instruct,13,True,12,-1.015789270401001,-8.383426666259766
Math-Instruct,13,True,13,-0.6951054334640503,-7.9627580642700195
Math-Instruct,13,True,14,-0.036538004875183105,-7.816888809204102
Math-Instruct,13,True,15,-0.10686753690242767,-7.604139804840088
Math-Instruct,13,True,16,0.09424348175525665,-6.962328910827637
Math-Instruct,13,True,17,0.3046661615371704,-6.537237644195557
Math-Instruct,13,True,18,0.6370872259140015,-5.886277198791504
Math-Instruct,13,True,19,1.7345046997070312,-5.092645168304443
Math-Instruct,13,True,20,2.0709500312805176,-4.113336086273193
Math-Instruct,13,True,21,3.5198235511779785,-2.3058717250823975
Math-Instruct,13,True,22,4.468495845794678,3.552274703979492
Math-Instruct,13,True,23,5.775484085083008,9.763833999633789
Math-Instruct,13,True,24,6.9926347732543945,16.49441909790039
Math-Instruct,13,True,25,7.975950241088867,26.577682495117188
Math-Instruct,13,True,26,7.097747325897217,43.393287658691406
Math-Instruct,13,True,27,8.583046913146973,68.04998779296875
Math-Instruct,13,True,28,-1.5142159461975098,1.7045745849609375
Math-Instruct,14,True,0,-2.260733127593994,-9.058731079101562
Math-Instruct,14,True,1,-2.118699073791504,-9.222999572753906
Math-Instruct,14,True,2,-1.8273344039916992,-9.236494064331055
Math-Instruct,14,True,3,-1.7059760093688965,-9.16986083984375
Math-Instruct,14,True,4,-1.7064399719238281,-8.996633529663086
Math-Instruct,14,True,5,-1.3960607051849365,-9.052055358886719
Math-Instruct,14,True,6,-1.4460151195526123,-8.682586669921875
Math-Instruct,14,True,7,-1.1203334331512451,-8.766951560974121
Math-Instruct,14,True,8,-0.9082556962966919,-8.423478126525879
Math-Instruct,14,True,9,-1.0242282152175903,-8.68104076385498
Math-Instruct,14,True,10,-0.917624831199646,-8.704957008361816
Math-Instruct,14,True,11,-0.5945874452590942,-8.644421577453613
Math-Instruct,14,True,12,-0.6142006516456604,-8.525121688842773
Math-Instruct,14,True,13,-0.4464433193206787,-8.009143829345703
Math-Instruct,14,True,14,0.013959690928459167,-7.759581565856934
Math-Instruct,14,True,15,0.24052590131759644,-7.427550315856934
Math-Instruct,14,True,16,1.0117261409759521,-6.992372989654541
Math-Instruct,14,True,17,1.6286678314208984,-5.8559980392456055
Math-Instruct,14,True,18,2.381774425506592,-5.270918846130371
Math-Instruct,14,True,19,3.265496253967285,-5.027020454406738
Math-Instruct,14,True,20,3.3682925701141357,-3.9295568466186523
Math-Instruct,14,True,21,3.8944671154022217,-2.1754214763641357
Math-Instruct,14,True,22,5.176461219787598,3.9620981216430664
Math-Instruct,14,True,23,5.9158406257629395,11.069719314575195
Math-Instruct,14,True,24,7.457515716552734,19.16534423828125
Math-Instruct,14,True,25,7.919153213500977,29.247243881225586
Math-Instruct,14,True,26,7.459968566894531,48.05101776123047
Math-Instruct,14,True,27,7.5464372634887695,71.85716247558594
Math-Instruct,14,True,28,-0.8550682067871094,2.2569658756256104
Math-Instruct,15,False,0,-2.2845780849456787,-9.062747955322266
Math-Instruct,15,False,1,-2.3577024936676025,-9.268253326416016
Math-Instruct,15,False,2,-2.188443899154663,-9.125886917114258
Math-Instruct,15,False,3,-2.5154786109924316,-9.076940536499023
Math-Instruct,15,False,4,-2.8137383460998535,-8.6702880859375
Math-Instruct,15,False,5,-3.2645397186279297,-8.808554649353027
Math-Instruct,15,False,6,-3.2222037315368652,-8.74229621887207
Math-Instruct,15,False,7,-3.0826735496520996,-8.617087364196777
Math-Instruct,15,False,8,-3.544875383377075,-8.208353996276855
Math-Instruct,15,False,9,-3.711979389190674,-8.427274703979492
Math-Instruct,15,False,10,-3.598507881164551,-8.546850204467773
Math-Instruct,15,False,11,-3.654592514038086,-8.920087814331055
Math-Instruct,15,False,12,-3.6952085494995117,-8.537325859069824
Math-Instruct,15,False,13,-3.901254892349243,-8.241661071777344
Math-Instruct,15,False,14,-3.8373446464538574,-8.147176742553711
Math-Instruct,15,False,15,-3.5068795680999756,-7.933857440948486
Math-Instruct,15,False,16,-3.409759283065796,-7.921665191650391
Math-Instruct,15,False,17,-2.701692581176758,-7.162346839904785
Math-Instruct,15,False,18,-3.1889562606811523,-6.684081077575684
Math-Instruct,15,False,19,-2.475330352783203,-5.800196170806885
Math-Instruct,15,False,20,-3.092113494873047,-4.530307769775391
Math-Instruct,15,False,21,-4.644756317138672,-3.2776482105255127
Math-Instruct,15,False,22,-5.804908752441406,2.4635369777679443
Math-Instruct,15,False,23,-5.957183837890625,9.657258987426758
Math-Instruct,15,False,24,-6.724428176879883,16.468318939208984
Math-Instruct,15,False,25,-8.2208890914917,25.932886123657227
Math-Instruct,15,False,26,-11.340730667114258,41.79808044433594
Math-Instruct,15,False,27,-11.773357391357422,65.15420532226562
Math-Instruct,15,False,28,-6.146665573120117,2.39872145652771
Math-Instruct,16,True,0,-2.275129795074463,-9.06170654296875
Math-Instruct,16,True,1,-1.9940439462661743,-9.121512413024902
Math-Instruct,16,True,2,-1.6213899850845337,-9.091248512268066
Math-Instruct,16,True,3,-1.585850715637207,-9.043506622314453
Math-Instruct,16,True,4,-1.7630553245544434,-8.729470252990723
Math-Instruct,16,True,5,-1.8939331769943237,-8.825761795043945
Math-Instruct,16,True,6,-1.9019124507904053,-8.798383712768555
Math-Instruct,16,True,7,-1.6947126388549805,-9.125511169433594
Math-Instruct,16,True,8,-1.5103081464767456,-8.569709777832031
Math-Instruct,16,True,9,-1.7123539447784424,-8.658161163330078
Math-Instruct,16,True,10,-1.3762692213058472,-8.7462158203125
Math-Instruct,16,True,11,-1.1790400743484497,-8.362804412841797
Math-Instruct,16,True,12,-0.841279923915863,-8.190638542175293
Math-Instruct,16,True,13,-0.8824024200439453,-7.913954734802246
Math-Instruct,16,True,14,-0.7298987507820129,-7.9193925857543945
Math-Instruct,16,True,15,-1.0622267723083496,-7.928414821624756
Math-Instruct,16,True,16,-0.5865193605422974,-7.336468696594238
Math-Instruct,16,True,17,-0.43702375888824463,-6.844846725463867
Math-Instruct,16,True,18,-0.10117900371551514,-6.534733772277832
Math-Instruct,16,True,19,0.775473415851593,-5.603537559509277
Math-Instruct,16,True,20,0.813761830329895,-4.35113525390625
Math-Instruct,16,True,21,0.2978411316871643,-1.6582825183868408
Math-Instruct,16,True,22,1.4945075511932373,2.8254384994506836
Math-Instruct,16,True,23,2.533188819885254,9.607521057128906
Math-Instruct,16,True,24,2.458364963531494,14.931251525878906
Math-Instruct,16,True,25,3.682044744491577,25.61593246459961
Math-Instruct,16,True,26,3.78708815574646,38.788536071777344
Math-Instruct,16,True,27,5.066400527954102,61.173187255859375
Math-Instruct,16,True,28,-2.1212029457092285,2.0270540714263916
Math-Instruct,17,True,0,-2.2722909450531006,-9.051025390625
Math-Instruct,17,True,1,-2.2202935218811035,-9.068460464477539
Math-Instruct,17,True,2,-1.921757698059082,-8.990468978881836
Math-Instruct,17,True,3,-1.823474407196045,-8.890745162963867
Math-Instruct,17,True,4,-1.7398407459259033,-8.680171966552734
Math-Instruct,17,True,5,-1.7157961130142212,-8.731788635253906
Math-Instruct,17,True,6,-1.709585428237915,-8.621999740600586
Math-Instruct,17,True,7,-1.4026275873184204,-8.61845588684082
Math-Instruct,17,True,8,-1.0538731813430786,-8.368234634399414
Math-Instruct,17,True,9,-1.190272331237793,-8.457021713256836
Math-Instruct,17,True,10,-1.0589969158172607,-8.275835037231445
Math-Instruct,17,True,11,-0.7070483565330505,-8.423261642456055
Math-Instruct,17,True,12,-0.03529265522956848,-8.126298904418945
Math-Instruct,17,True,13,-0.08228929340839386,-8.092327117919922
Math-Instruct,17,True,14,0.43717265129089355,-7.884541034698486
Math-Instruct,17,True,15,0.42390885949134827,-7.732034683227539
Math-Instruct,17,True,16,1.1210134029388428,-7.407165050506592
Math-Instruct,17,True,17,1.3867696523666382,-6.601656913757324
Math-Instruct,17,True,18,1.5944913625717163,-6.016910552978516
Math-Instruct,17,True,19,2.740872383117676,-5.2166924476623535
Math-Instruct,17,True,20,2.413168430328369,-4.186345100402832
Math-Instruct,17,True,21,2.4959614276885986,-1.691633939743042
Math-Instruct,17,True,22,2.3915042877197266,3.578977108001709
Math-Instruct,17,True,23,2.8277130126953125,10.397432327270508
Math-Instruct,17,True,24,3.379626989364624,17.535165786743164
Math-Instruct,17,True,25,3.901782274246216,28.349212646484375
Math-Instruct,17,True,26,2.605496883392334,45.46761703491211
Math-Instruct,17,True,27,2.005230188369751,71.21844482421875
Math-Instruct,17,True,28,-3.1319375038146973,3.424440860748291
Math-Instruct,18,True,0,-2.256559371948242,-9.053302764892578
Math-Instruct,18,True,1,-1.9419474601745605,-9.145662307739258
Math-Instruct,18,True,2,-1.4317209720611572,-9.075616836547852
Math-Instruct,18,True,3,-0.9096124768257141,-9.285539627075195
Math-Instruct,18,True,4,-0.21708108484745026,-9.12059211730957
Math-Instruct,18,True,5,0.21289490163326263,-9.05778694152832
Math-Instruct,18,True,6,0.23024047911167145,-8.880691528320312
Math-Instruct,18,True,7,0.5645764470100403,-9.197784423828125
Math-Instruct,18,True,8,1.0264604091644287,-8.375646591186523
Math-Instruct,18,True,9,1.3004882335662842,-8.528984069824219
Math-Instruct,18,True,10,1.5973217487335205,-8.555683135986328
Math-Instruct,18,True,11,2.5525431632995605,-8.558427810668945
Math-Instruct,18,True,12,3.140047788619995,-8.356204986572266
Math-Instruct,18,True,13,3.335017204284668,-7.945234298706055
Math-Instruct,18,True,14,4.025036334991455,-7.731349468231201
Math-Instruct,18,True,15,4.236994743347168,-7.90126895904541
Math-Instruct,18,True,16,5.268389701843262,-7.570621490478516
Math-Instruct,18,True,17,6.649431228637695,-6.3618903160095215
Math-Instruct,18,True,18,7.125135898590088,-5.769222259521484
Math-Instruct,18,True,19,8.921945571899414,-4.983651161193848
Math-Instruct,18,True,20,9.027915000915527,-4.345289707183838
Math-Instruct,18,True,21,12.174551010131836,-1.425476312637329
Math-Instruct,18,True,22,15.562904357910156,4.852391719818115
Math-Instruct,18,True,23,18.19002914428711,12.121635437011719
Math-Instruct,18,True,24,20.8699951171875,18.999744415283203
Math-Instruct,18,True,25,23.44338607788086,30.141197204589844
Math-Instruct,18,True,26,23.920841217041016,47.632164001464844
Math-Instruct,18,True,27,26.184112548828125,73.87078857421875
Math-Instruct,18,True,28,2.3943238258361816,3.4431633949279785
Math-Instruct,19,False,0,-2.266702651977539,-9.050875663757324
Math-Instruct,19,False,1,-2.1870622634887695,-8.989091873168945
Math-Instruct,19,False,2,-1.8375400304794312,-8.963748931884766
Math-Instruct,19,False,3,-1.7768795490264893,-8.965996742248535
Math-Instruct,19,False,4,-1.8241941928863525,-8.62356185913086
Math-Instruct,19,False,5,-1.781246304512024,-8.522245407104492
Math-Instruct,19,False,6,-1.941449522972107,-8.372627258300781
Math-Instruct,19,False,7,-1.7542548179626465,-8.487360954284668
Math-Instruct,19,False,8,-1.9067044258117676,-8.015945434570312
Math-Instruct,19,False,9,-2.336678981781006,-8.390148162841797
Math-Instruct,19,False,10,-2.5079357624053955,-8.377006530761719
Math-Instruct,19,False,11,-2.9639127254486084,-8.474681854248047
Math-Instruct,19,False,12,-3.638697862625122,-8.193581581115723
Math-Instruct,19,False,13,-3.171785831451416,-7.945940017700195
Math-Instruct,19,False,14,-3.001539707183838,-8.090360641479492
Math-Instruct,19,False,15,-3.026803493499756,-7.9912028312683105
Math-Instruct,19,False,16,-3.3048863410949707,-7.89310359954834
Math-Instruct,19,False,17,-2.823711395263672,-6.836892604827881
Math-Instruct,19,False,18,-3.284736156463623,-6.353309631347656
Math-Instruct,19,False,19,-2.405754566192627,-5.067805290222168
Math-Instruct,19,False,20,-3.143463134765625,-3.994804620742798
Math-Instruct,19,False,21,-6.387879371643066,-1.625394344329834
Math-Instruct,19,False,22,-7.606625556945801,5.713231563568115
Math-Instruct,19,False,23,-7.376741409301758,13.09686279296875
Math-Instruct,19,False,24,-7.020756721496582,20.021324157714844
Math-Instruct,19,False,25,-7.7533159255981445,30.887836456298828
Math-Instruct,19,False,26,-8.752979278564453,48.57659149169922
Math-Instruct,19,False,27,-8.980957984924316,71.95848083496094
Math-Instruct,19,False,28,-5.760346412658691,3.2262179851531982
Math-Instruct,20,False,0,-2.276106357574463,-9.062402725219727
Math-Instruct,20,False,1,-2.1365303993225098,-9.155679702758789
Math-Instruct,20,False,2,-1.8300244808197021,-9.0877046585083
Math-Instruct,20,False,3,-1.7680819034576416,-9.115323066711426
Math-Instruct,20,False,4,-1.5046182870864868,-8.869369506835938
Math-Instruct,20,False,5,-1.6623225212097168,-8.641955375671387
Math-Instruct,20,False,6,-1.661898136138916,-8.642112731933594
Math-Instruct,20,False,7,-1.4605815410614014,-8.767112731933594
Math-Instruct,20,False,8,-1.5737322568893433,-8.360694885253906
Math-Instruct,20,False,9,-1.5488104820251465,-8.590155601501465
Math-Instruct,20,False,10,-1.544034719467163,-8.500553131103516
Math-Instruct,20,False,11,-1.301794171333313,-8.288616180419922
Math-Instruct,20,False,12,-1.2783877849578857,-7.894721984863281
Math-Instruct,20,False,13,-1.3512215614318848,-7.626718521118164
Math-Instruct,20,False,14,-0.9623434543609619,-7.500831604003906
Math-Instruct,20,False,15,-0.7515534162521362,-7.533967018127441
Math-Instruct,20,False,16,-0.4547591805458069,-6.985923767089844
Math-Instruct,20,False,17,-0.7241874933242798,-6.55626106262207
Math-Instruct,20,False,18,-0.2940860390663147,-5.919979095458984
Math-Instruct,20,False,19,0.4567701816558838,-5.2904863357543945
Math-Instruct,20,False,20,-0.07622039318084717,-4.494785308837891
Math-Instruct,20,False,21,-0.2931091785430908,-2.340853691101074
Math-Instruct,20,False,22,-0.43564385175704956,2.9575917720794678
Math-Instruct,20,False,23,0.15030968189239502,9.482749938964844
Math-Instruct,20,False,24,0.4302961826324463,15.972143173217773
Math-Instruct,20,False,25,0.6100220680236816,25.518840789794922
Math-Instruct,20,False,26,-1.5608574151992798,40.513954162597656
Math-Instruct,20,False,27,-2.1311352252960205,63.1680908203125
Math-Instruct,20,False,28,-3.9064598083496094,0.979200005531311
Math-Instruct,21,False,0,-2.2873244285583496,-9.060286521911621
Math-Instruct,21,False,1,-2.393817901611328,-9.121089935302734
Math-Instruct,21,False,2,-2.5253429412841797,-9.01150894165039
Math-Instruct,21,False,3,-3.0774078369140625,-9.058469772338867
Math-Instruct,21,False,4,-3.447573661804199,-8.782261848449707
Math-Instruct,21,False,5,-4.089475154876709,-8.776205062866211
Math-Instruct,21,False,6,-4.059839725494385,-8.548588752746582
Math-Instruct,21,False,7,-3.880073308944702,-8.620070457458496
Math-Instruct,21,False,8,-4.545156478881836,-7.941056251525879
Math-Instruct,21,False,9,-4.754985332489014,-8.118181228637695
Math-Instruct,21,False,10,-4.912230491638184,-8.166321754455566
Math-Instruct,21,False,11,-5.769464492797852,-8.378252029418945
Math-Instruct,21,False,12,-5.829441547393799,-8.511161804199219
Math-Instruct,21,False,13,-5.527463436126709,-8.382575035095215
Math-Instruct,21,False,14,-5.991005897521973,-8.112231254577637
Math-Instruct,21,False,15,-6.402920722961426,-8.040353775024414
Math-Instruct,21,False,16,-7.453320503234863,-7.658332347869873
Math-Instruct,21,False,17,-6.9974188804626465,-6.452636241912842
Math-Instruct,21,False,18,-7.178380012512207,-6.046285152435303
Math-Instruct,21,False,19,-7.5032196044921875,-4.820908546447754
Math-Instruct,21,False,20,-8.70069694519043,-4.227598190307617
Math-Instruct,21,False,21,-10.352773666381836,-2.337724447250366
Math-Instruct,21,False,22,-11.079052925109863,2.7998850345611572
Math-Instruct,21,False,23,-11.894316673278809,9.061708450317383
Math-Instruct,21,False,24,-13.060006141662598,14.741348266601562
Math-Instruct,21,False,25,-15.626477241516113,24.10375213623047
Math-Instruct,21,False,26,-17.226348876953125,38.01935958862305
Math-Instruct,21,False,27,-18.932674407958984,59.037628173828125
Math-Instruct,21,False,28,-8.130873680114746,0.780788004398346
Math-Instruct,22,True,0,-2.2630858421325684,-9.057804107666016
Math-Instruct,22,True,1,-1.7428278923034668,-9.178186416625977
Math-Instruct,22,True,2,-1.1533464193344116,-9.222234725952148
Math-Instruct,22,True,3,-0.97287917137146,-9.407772064208984
Math-Instruct,22,True,4,-0.7921820878982544,-9.51826286315918
Math-Instruct,22,True,5,-0.5173909664154053,-9.580883026123047
Math-Instruct,22,True,6,-0.4671802520751953,-9.192459106445312
Math-Instruct,22,True,7,-0.5121587514877319,-9.3875150680542
Math-Instruct,22,True,8,-0.04207758605480194,-8.808649063110352
Math-Instruct,22,True,9,-0.2619638442993164,-8.958649635314941
Math-Instruct,22,True,10,0.037808552384376526,-8.91172981262207
Math-Instruct,22,True,11,0.2736774682998657,-8.724691390991211
Math-Instruct,22,True,12,0.8258678317070007,-8.64559555053711
Math-Instruct,22,True,13,0.943822979927063,-8.780050277709961
Math-Instruct,22,True,14,1.7488439083099365,-8.584249496459961
Math-Instruct,22,True,15,1.8923743963241577,-8.50953483581543
Math-Instruct,22,True,16,2.9469680786132812,-8.034286499023438
Math-Instruct,22,True,17,3.55482816696167,-7.4175872802734375
Math-Instruct,22,True,18,3.807194709777832,-6.940986156463623
Math-Instruct,22,True,19,5.367815017700195,-5.780219554901123
Math-Instruct,22,True,20,5.731740951538086,-4.695070743560791
Math-Instruct,22,True,21,7.7222700119018555,-2.0279860496520996
Math-Instruct,22,True,22,9.992023468017578,3.803462028503418
Math-Instruct,22,True,23,11.912076950073242,10.664677619934082
Math-Instruct,22,True,24,14.102837562561035,17.76490020751953
Math-Instruct,22,True,25,16.08990478515625,28.67745018005371
Math-Instruct,22,True,26,15.748823165893555,44.144718170166016
Math-Instruct,22,True,27,17.628700256347656,68.638427734375
Math-Instruct,22,True,28,1.120002031326294,3.6029200553894043
Math-Instruct,23,True,0,-2.271613359451294,-9.056767463684082
Math-Instruct,23,True,1,-2.248941421508789,-9.139537811279297
Math-Instruct,23,True,2,-1.8213801383972168,-8.916139602661133
Math-Instruct,23,True,3,-1.8915324211120605,-8.764006614685059
Math-Instruct,23,True,4,-2.0014402866363525,-8.2760009765625
Math-Instruct,23,True,5,-2.0457844734191895,-8.353507995605469
Math-Instruct,23,True,6,-1.8717925548553467,-8.242003440856934
Math-Instruct,23,True,7,-1.811926007270813,-8.103992462158203
Math-Instruct,23,True,8,-2.063614845275879,-7.592538356781006
Math-Instruct,23,True,9,-2.0386953353881836,-7.94899320602417
Math-Instruct,23,True,10,-2.0241899490356445,-8.061029434204102
Math-Instruct,23,True,11,-1.5786406993865967,-8.140972137451172
Math-Instruct,23,True,12,-1.29719877243042,-7.732194900512695
Math-Instruct,23,True,13,-1.1073472499847412,-7.481379508972168
Math-Instruct,23,True,14,-0.5220293998718262,-7.2390851974487305
Math-Instruct,23,True,15,-0.6931878328323364,-7.247161388397217
Math-Instruct,23,True,16,0.3007638156414032,-6.551723480224609
Math-Instruct,23,True,17,0.946312665939331,-5.547174453735352
Math-Instruct,23,True,18,1.2920677661895752,-4.557879447937012
Math-Instruct,23,True,19,2.552704334259033,-4.10003137588501
Math-Instruct,23,True,20,2.483938217163086,-3.262441635131836
Math-Instruct,23,True,21,1.9693496227264404,-1.9192816019058228
Math-Instruct,23,True,22,2.8482956886291504,3.4881911277770996
Math-Instruct,23,True,23,4.097285270690918,10.473556518554688
Math-Instruct,23,True,24,5.674827575683594,17.369911193847656
Math-Instruct,23,True,25,6.194738864898682,27.205659866333008
Math-Instruct,23,True,26,7.392331600189209,42.0401496887207
Math-Instruct,23,True,27,8.958721160888672,66.75758361816406
Math-Instruct,23,True,28,-1.6027315855026245,2.1550345420837402
Math-Instruct,24,True,0,-2.276275157928467,-9.067473411560059
Math-Instruct,24,True,1,-2.3145270347595215,-9.06497573852539
Math-Instruct,24,True,2,-2.1836650371551514,-9.087690353393555
Math-Instruct,24,True,3,-2.2475688457489014,-9.037809371948242
Math-Instruct,24,True,4,-2.2291038036346436,-8.840385437011719
Math-Instruct,24,True,5,-2.3948938846588135,-8.925115585327148
Math-Instruct,24,True,6,-2.1616601943969727,-8.810267448425293
Math-Instruct,24,True,7,-1.9205325841903687,-8.9616060256958
Math-Instruct,24,True,8,-1.888903260231018,-8.629119873046875
Math-Instruct,24,True,9,-1.6297740936279297,-8.810317993164062
Math-Instruct,24,True,10,-1.6120309829711914,-8.717309951782227
Math-Instruct,24,True,11,-1.1933252811431885,-8.595903396606445
Math-Instruct,24,True,12,-1.0594642162322998,-8.83663558959961
Math-Instruct,24,True,13,-0.8653401136398315,-8.580556869506836
Math-Instruct,24,True,14,-0.47307899594306946,-8.572707176208496
Math-Instruct,24,True,15,-0.685752272605896,-8.600122451782227
Math-Instruct,24,True,16,0.4385285973548889,-8.086644172668457
Math-Instruct,24,True,17,0.8499917387962341,-7.460319519042969
Math-Instruct,24,True,18,1.0953171253204346,-7.325254440307617
Math-Instruct,24,True,19,2.036682605743408,-6.544010639190674
Math-Instruct,24,True,20,1.3219126462936401,-5.913134574890137
Math-Instruct,24,True,21,1.1926639080047607,-4.055424213409424
Math-Instruct,24,True,22,2.0465445518493652,2.767218828201294
Math-Instruct,24,True,23,2.1769680976867676,8.282926559448242
Math-Instruct,24,True,24,1.9664666652679443,14.856972694396973
Math-Instruct,24,True,25,2.141378164291382,24.00579071044922
Math-Instruct,24,True,26,-0.19803160429000854,38.776092529296875
Math-Instruct,24,True,27,-2.0182974338531494,62.7337646484375
Math-Instruct,24,True,28,-4.283566951751709,1.0286849737167358
Math-Instruct,25,True,0,-2.2734603881835938,-9.06657600402832
Math-Instruct,25,True,1,-2.164849042892456,-9.14947509765625
Math-Instruct,25,True,2,-1.7893269062042236,-9.104686737060547
Math-Instruct,25,True,3,-1.513038158416748,-9.263101577758789
Math-Instruct,25,True,4,-1.1717145442962646,-9.094234466552734
Math-Instruct,25,True,5,-1.0569651126861572,-9.293737411499023
Math-Instruct,25,True,6,-0.8266252279281616,-9.034920692443848
Math-Instruct,25,True,7,-0.7783990502357483,-9.05461311340332
Math-Instruct,25,True,8,-0.4380646347999573,-8.890592575073242
Math-Instruct,25,True,9,-0.3613416254520416,-8.97313404083252
Math-Instruct,25,True,10,-0.319403737783432,-8.964962005615234
Math-Instruct,25,True,11,0.23558102548122406,-8.922014236450195
Math-Instruct,25,True,12,0.666797399520874,-8.93867301940918
Math-Instruct,25,True,13,0.6942397356033325,-8.700345993041992
Math-Instruct,25,True,14,1.0529998540878296,-8.579032897949219
Math-Instruct,25,True,15,0.9366093277931213,-8.562460899353027
Math-Instruct,25,True,16,1.3136513233184814,-8.282495498657227
Math-Instruct,25,True,17,1.951050877571106,-7.1196489334106445
Math-Instruct,25,True,18,2.0944161415100098,-6.799527168273926
Math-Instruct,25,True,19,3.3622374534606934,-6.113532066345215
Math-Instruct,25,True,20,3.3845293521881104,-5.703463554382324
Math-Instruct,25,True,21,4.384699821472168,-3.727023124694824
Math-Instruct,25,True,22,5.712660789489746,2.884657144546509
Math-Instruct,25,True,23,6.200259685516357,9.76177978515625
Math-Instruct,25,True,24,6.729409694671631,16.816022872924805
Math-Instruct,25,True,25,7.9130682945251465,27.019676208496094
Math-Instruct,25,True,26,5.702075958251953,44.603885650634766
Math-Instruct,25,True,27,4.625531196594238,70.26824951171875
Math-Instruct,25,True,28,-2.567314386367798,1.9658267498016357
Math-Instruct,26,True,0,-2.2697649002075195,-9.060705184936523
Math-Instruct,26,True,1,-1.7014241218566895,-9.174738883972168
Math-Instruct,26,True,2,-1.258241057395935,-9.187004089355469
Math-Instruct,26,True,3,-1.1798300743103027,-9.142129898071289
Math-Instruct,26,True,4,-0.7957502603530884,-8.94943618774414
Math-Instruct,26,True,5,-0.6766545176506042,-8.972024917602539
Math-Instruct,26,True,6,-0.5400846004486084,-8.896943092346191
Math-Instruct,26,True,7,-0.33079418540000916,-8.719352722167969
Math-Instruct,26,True,8,0.07167290151119232,-8.281475067138672
Math-Instruct,26,True,9,-0.2590106129646301,-8.573702812194824
Math-Instruct,26,True,10,-0.2710415720939636,-8.490882873535156
Math-Instruct,26,True,11,0.374092698097229,-8.43661117553711
Math-Instruct,26,True,12,0.875375509262085,-8.107017517089844
Math-Instruct,26,True,13,0.779199481010437,-7.934938430786133
Math-Instruct,26,True,14,1.0768592357635498,-7.654370307922363
Math-Instruct,26,True,15,0.9646539688110352,-7.316396713256836
Math-Instruct,26,True,16,1.9227653741836548,-6.437631607055664
Math-Instruct,26,True,17,2.54683518409729,-5.168483257293701
Math-Instruct,26,True,18,3.7195258140563965,-4.951510429382324
Math-Instruct,26,True,19,4.915344715118408,-4.861575603485107
Math-Instruct,26,True,20,4.635159969329834,-3.5457160472869873
Math-Instruct,26,True,21,5.0402140617370605,-1.0587728023529053
Math-Instruct,26,True,22,6.063765525817871,6.792085647583008
Math-Instruct,26,True,23,6.72832727432251,13.988544464111328
Math-Instruct,26,True,24,5.81248664855957,21.320201873779297
Math-Instruct,26,True,25,6.573023319244385,33.24384307861328
Math-Instruct,26,True,26,3.984539031982422,53.12372970581055
Math-Instruct,26,True,27,2.081500768661499,78.93080139160156
Math-Instruct,26,True,28,-2.814382553100586,3.85091495513916
Math-Instruct,27,True,0,-2.2631149291992188,-9.059118270874023
Math-Instruct,27,True,1,-1.8060548305511475,-9.195037841796875
Math-Instruct,27,True,2,-1.313495397567749,-9.173795700073242
Math-Instruct,27,True,3,-1.112403154373169,-9.25302505493164
Math-Instruct,27,True,4,-0.6910595893859863,-9.091530799865723
Math-Instruct,27,True,5,-0.27363643050193787,-9.005735397338867
Math-Instruct,27,True,6,-0.3291623592376709,-8.798882484436035
Math-Instruct,27,True,7,-0.2064417004585266,-8.922908782958984
Math-Instruct,27,True,8,0.1494934856891632,-8.346395492553711
Math-Instruct,27,True,9,0.21339717507362366,-8.475500106811523
Math-Instruct,27,True,10,0.2945340871810913,-8.544527053833008
Math-Instruct,27,True,11,1.1992906332015991,-8.552492141723633
Math-Instruct,27,True,12,1.7024521827697754,-8.391319274902344
Math-Instruct,27,True,13,1.9630407094955444,-8.109052658081055
Math-Instruct,27,True,14,2.490058183670044,-7.903654098510742
Math-Instruct,27,True,15,2.685875415802002,-7.9898505210876465
Math-Instruct,27,True,16,3.8224539756774902,-7.667572975158691
Math-Instruct,27,True,17,4.6468963623046875,-6.4365057945251465
Math-Instruct,27,True,18,4.915046691894531,-5.982944011688232
Math-Instruct,27,True,19,6.5259108543396,-5.235778331756592
Math-Instruct,27,True,20,6.5954909324646,-4.344981670379639
Math-Instruct,27,True,21,8.261150360107422,-1.7576218843460083
Math-Instruct,27,True,22,10.589967727661133,5.2100348472595215
Math-Instruct,27,True,23,12.758726119995117,12.842267990112305
Math-Instruct,27,True,24,14.430402755737305,18.44298553466797
Math-Instruct,27,True,25,16.23239517211914,28.649333953857422
Math-Instruct,27,True,26,15.984886169433594,44.20458221435547
Math-Instruct,27,True,27,17.022083282470703,68.74967193603516
Math-Instruct,27,True,28,0.1259147822856903,2.529165744781494
Math-Instruct,28,True,0,-2.281102180480957,-9.063610076904297
Math-Instruct,28,True,1,-2.3427302837371826,-9.044260025024414
Math-Instruct,28,True,2,-2.069281816482544,-8.930672645568848
Math-Instruct,28,True,3,-2.1939778327941895,-8.87090015411377
Math-Instruct,28,True,4,-2.45157527923584,-8.718385696411133
Math-Instruct,28,True,5,-2.7451629638671875,-8.76688003540039
Math-Instruct,28,True,6,-2.6652822494506836,-8.52579402923584
Math-Instruct,28,True,7,-2.405116558074951,-8.551102638244629
Math-Instruct,28,True,8,-2.046022891998291,-8.322713851928711
Math-Instruct,28,True,9,-2.1225924491882324,-8.54128646850586
Math-Instruct,28,True,10,-2.2070960998535156,-8.499691009521484
Math-Instruct,28,True,11,-2.1885628700256348,-8.739274978637695
Math-Instruct,28,True,12,-2.1148014068603516,-8.775909423828125
Math-Instruct,28,True,13,-1.7264117002487183,-8.535665512084961
Math-Instruct,28,True,14,-1.461134672164917,-8.346470832824707
Math-Instruct,28,True,15,-1.2847020626068115,-8.295487403869629
Math-Instruct,28,True,16,-0.797269344329834,-7.966081619262695
Math-Instruct,28,True,17,-0.5798349976539612,-7.282417297363281
Math-Instruct,28,True,18,-0.49902015924453735,-6.5080108642578125
Math-Instruct,28,True,19,0.35807478427886963,-5.841665267944336
Math-Instruct,28,True,20,-0.5993409156799316,-4.746587753295898
Math-Instruct,28,True,21,-1.9594378471374512,-2.957282543182373
Math-Instruct,28,True,22,-1.6635801792144775,3.619734525680542
Math-Instruct,28,True,23,-1.7100650072097778,10.78956413269043
Math-Instruct,28,True,24,-1.399756908416748,17.828201293945312
Math-Instruct,28,True,25,-1.936123013496399,28.75058937072754
Math-Instruct,28,True,26,-2.8593430519104004,44.305641174316406
Math-Instruct,28,True,27,-2.617269515991211,66.1046142578125
Math-Instruct,28,True,28,-4.219900131225586,3.21622896194458
Math-Instruct,29,False,0,-2.280317783355713,-9.063575744628906
Math-Instruct,29,False,1,-2.3788809776306152,-9.095296859741211
Math-Instruct,29,False,2,-2.107748508453369,-8.978720664978027
Math-Instruct,29,False,3,-2.2873542308807373,-8.96878433227539
Math-Instruct,29,False,4,-2.6976211071014404,-8.923091888427734
Math-Instruct,29,False,5,-3.145357370376587,-8.650915145874023
Math-Instruct,29,False,6,-3.3512229919433594,-8.732650756835938
Math-Instruct,29,False,7,-3.2360877990722656,-8.601398468017578
Math-Instruct,29,False,8,-3.6003260612487793,-7.841416835784912
Math-Instruct,29,False,9,-4.5636887550354,-8.352579116821289
Math-Instruct,29,False,10,-5.062551498413086,-8.373290061950684
Math-Instruct,29,False,11,-5.9826812744140625,-8.02098274230957
Math-Instruct,29,False,12,-6.685180187225342,-7.923582077026367
Math-Instruct,29,False,13,-6.6317291259765625,-8.072492599487305
Math-Instruct,29,False,14,-7.676833152770996,-8.14506721496582
Math-Instruct,29,False,15,-8.68273639678955,-8.413280487060547
Math-Instruct,29,False,16,-10.259897232055664,-8.096221923828125
Math-Instruct,29,False,17,-9.733024597167969,-7.240297317504883
Math-Instruct,29,False,18,-10.402135848999023,-6.562769889831543
Math-Instruct,29,False,19,-10.98419189453125,-5.7603559494018555
Math-Instruct,29,False,20,-12.157478332519531,-4.787178039550781
Math-Instruct,29,False,21,-13.124345779418945,-2.97857928276062
Math-Instruct,29,False,22,-14.001859664916992,2.810060739517212
Math-Instruct,29,False,23,-14.179143905639648,9.018511772155762
Math-Instruct,29,False,24,-15.47974967956543,16.06298065185547
Math-Instruct,29,False,25,-17.90350341796875,25.8435001373291
Math-Instruct,29,False,26,-19.867557525634766,42.226722717285156
Math-Instruct,29,False,27,-21.749439239501953,63.02092361450195
Math-Instruct,29,False,28,-8.303216934204102,1.5770890712738037
Math-Instruct,30,True,0,-2.276599168777466,-9.066354751586914
Math-Instruct,30,True,1,-2.241008758544922,-9.060735702514648
Math-Instruct,30,True,2,-2.08172607421875,-9.076051712036133
Math-Instruct,30,True,3,-1.981401801109314,-9.019933700561523
Math-Instruct,30,True,4,-1.7686409950256348,-9.052850723266602
Math-Instruct,30,True,5,-2.019141674041748,-9.125140190124512
Math-Instruct,30,True,6,-1.8846778869628906,-8.952224731445312
Math-Instruct,30,True,7,-1.4828200340270996,-8.966028213500977
Math-Instruct,30,True,8,-1.4900301694869995,-8.35476303100586
Math-Instruct,30,True,9,-1.4099647998809814,-8.718860626220703
Math-Instruct,30,True,10,-1.2369251251220703,-8.7014741897583
Math-Instruct,30,True,11,-0.8930606245994568,-8.496095657348633
Math-Instruct,30,True,12,-0.4866907000541687,-8.390298843383789
Math-Instruct,30,True,13,-0.43782392144203186,-8.26136589050293
Math-Instruct,30,True,14,0.07142108678817749,-8.297616004943848
Math-Instruct,30,True,15,0.09493671357631683,-8.179603576660156
Math-Instruct,30,True,16,1.0580004453659058,-8.014017105102539
Math-Instruct,30,True,17,1.4292056560516357,-6.95302677154541
Math-Instruct,30,True,18,1.965212345123291,-6.463638782501221
Math-Instruct,30,True,19,3.2133820056915283,-5.741247653961182
Math-Instruct,30,True,20,2.979137897491455,-5.1396026611328125
Math-Instruct,30,True,21,2.723473072052002,-3.656038761138916
Math-Instruct,30,True,22,3.0454325675964355,2.647451400756836
Math-Instruct,30,True,23,3.2780723571777344,9.974125862121582
Math-Instruct,30,True,24,3.7989823818206787,16.566219329833984
Math-Instruct,30,True,25,4.618474006652832,24.905105590820312
Math-Instruct,30,True,26,2.7333250045776367,40.98749542236328
Math-Instruct,30,True,27,2.222297191619873,64.30574035644531
Math-Instruct,30,True,28,-2.9993319511413574,1.1087110042572021
Math-Instruct,31,True,0,-2.2769904136657715,-9.060338020324707
Math-Instruct,31,True,1,-2.1959877014160156,-9.06328010559082
Math-Instruct,31,True,2,-1.8345928192138672,-8.983802795410156
Math-Instruct,31,True,3,-1.6846296787261963,-9.065533638000488
Math-Instruct,31,True,4,-1.6185508966445923,-8.825780868530273
Math-Instruct,31,True,5,-1.6079498529434204,-8.768174171447754
Math-Instruct,31,True,6,-1.6621737480163574,-8.65834903717041
Math-Instruct,31,True,7,-1.569741129875183,-8.751455307006836
Math-Instruct,31,True,8,-1.276075839996338,-8.430932998657227
Math-Instruct,31,True,9,-1.5168743133544922,-8.512279510498047
Math-Instruct,31,True,10,-1.6187679767608643,-8.710027694702148
Math-Instruct,31,True,11,-1.1018316745758057,-8.393447875976562
Math-Instruct,31,True,12,-0.48788559436798096,-8.526275634765625
Math-Instruct,31,True,13,-0.4092271625995636,-8.517614364624023
Math-Instruct,31,True,14,0.025541305541992188,-8.276997566223145
Math-Instruct,31,True,15,0.05056305229663849,-8.256648063659668
Math-Instruct,31,True,16,0.9750056862831116,-7.856651306152344
Math-Instruct,31,True,17,1.2597113847732544,-7.259540557861328
Math-Instruct,31,True,18,1.549302101135254,-6.818658828735352
Math-Instruct,31,True,19,2.6315741539001465,-5.940390586853027
Math-Instruct,31,True,20,2.8145453929901123,-4.99531888961792
Math-Instruct,31,True,21,3.340211868286133,-3.4006385803222656
Math-Instruct,31,True,22,4.143435478210449,1.8647758960723877
Math-Instruct,31,True,23,4.995368957519531,8.723922729492188
Math-Instruct,31,True,24,5.111822128295898,16.363933563232422
Math-Instruct,31,True,25,5.356130599975586,26.315570831298828
Math-Instruct,31,True,26,3.51198673248291,42.93880844116211
Math-Instruct,31,True,27,2.939685344696045,68.19608306884766
Math-Instruct,31,True,28,-2.6911263465881348,2.0417943000793457
Math-Instruct,32,True,0,-2.267704486846924,-9.058528900146484
Math-Instruct,32,True,1,-1.8698532581329346,-9.164837837219238
Math-Instruct,32,True,2,-1.3586583137512207,-9.100109100341797
Math-Instruct,32,True,3,-1.0725258588790894,-9.160982131958008
Math-Instruct,32,True,4,-0.6939492225646973,-8.946429252624512
Math-Instruct,32,True,5,-0.2511359751224518,-8.861408233642578
Math-Instruct,32,True,6,-0.34378641843795776,-8.667988777160645
Math-Instruct,32,True,7,-0.39559492468833923,-8.87165641784668
Math-Instruct,32,True,8,0.1970488727092743,-8.143777847290039
Math-Instruct,32,True,9,0.11106735467910767,-8.391246795654297
Math-Instruct,32,True,10,0.4053535461425781,-8.328956604003906
Math-Instruct,32,True,11,1.2544245719909668,-8.501855850219727
Math-Instruct,32,True,12,2.00085711479187,-8.243680953979492
Math-Instruct,32,True,13,2.2905218601226807,-7.8726806640625
Math-Instruct,32,True,14,3.0566320419311523,-7.63596248626709
Math-Instruct,32,True,15,2.9998130798339844,-7.768491744995117
Math-Instruct,32,True,16,4.297995567321777,-7.244190216064453
Math-Instruct,32,True,17,5.4146504402160645,-6.224763870239258
Math-Instruct,32,True,18,5.368415832519531,-5.792632102966309
Math-Instruct,32,True,19,6.948007583618164,-4.901776313781738
Math-Instruct,32,True,20,6.54581356048584,-4.1311845779418945
Math-Instruct,32,True,21,8.91842269897461,-1.349614143371582
Math-Instruct,32,True,22,11.53177547454834,4.552419662475586
Math-Instruct,32,True,23,13.153984069824219,12.038530349731445
Math-Instruct,32,True,24,13.847408294677734,18.825681686401367
Math-Instruct,32,True,25,15.891422271728516,30.796955108642578
Math-Instruct,32,True,26,15.974352836608887,47.147850036621094
Math-Instruct,32,True,27,16.571176528930664,71.85552978515625
Math-Instruct,32,True,28,0.2008952498435974,3.5757322311401367
Math-Instruct,33,True,0,-2.2737033367156982,-9.065518379211426
Math-Instruct,33,True,1,-1.9397501945495605,-9.22083854675293
Math-Instruct,33,True,2,-1.700777292251587,-9.176996231079102
Math-Instruct,33,True,3,-1.4861114025115967,-9.282842636108398
Math-Instruct,33,True,4,-1.2886757850646973,-9.218063354492188
Math-Instruct,33,True,5,-1.0966875553131104,-9.311196327209473
Math-Instruct,33,True,6,-0.7513860464096069,-9.122259140014648
Math-Instruct,33,True,7,-0.5112512707710266,-9.247339248657227
Math-Instruct,33,True,8,-0.1468585878610611,-8.729330062866211
Math-Instruct,33,True,9,-0.34998196363449097,-8.84607982635498
Math-Instruct,33,True,10,-0.26608264446258545,-8.899568557739258
Math-Instruct,33,True,11,0.3319911062717438,-8.883380889892578
Math-Instruct,33,True,12,1.0544592142105103,-8.879668235778809
Math-Instruct,33,True,13,1.377143383026123,-8.678241729736328
Math-Instruct,33,True,14,1.9540773630142212,-8.455434799194336
Math-Instruct,33,True,15,1.6721525192260742,-8.356837272644043
Math-Instruct,33,True,16,2.685661792755127,-7.975802421569824
Math-Instruct,33,True,17,3.170036792755127,-7.249605655670166
Math-Instruct,33,True,18,3.860948085784912,-6.891109466552734
Math-Instruct,33,True,19,5.464032173156738,-6.012239933013916
Math-Instruct,33,True,20,5.492000102996826,-5.020565032958984
Math-Instruct,33,True,21,7.559627056121826,-2.9467878341674805
Math-Instruct,33,True,22,9.792325973510742,3.9349379539489746
Math-Instruct,33,True,23,10.847259521484375,11.046531677246094
Math-Instruct,33,True,24,11.698081970214844,17.88825035095215
Math-Instruct,33,True,25,12.224270820617676,27.833026885986328
Math-Instruct,33,True,26,11.966766357421875,44.990745544433594
Math-Instruct,33,True,27,13.07264518737793,70.38177490234375
Math-Instruct,33,True,28,-0.571192741394043,2.984435558319092
Math-Instruct,34,True,0,-2.2648861408233643,-9.066962242126465
Math-Instruct,34,True,1,-1.88372004032135,-9.108325958251953
Math-Instruct,34,True,2,-1.5266820192337036,-9.118448257446289
Math-Instruct,34,True,3,-1.5124032497406006,-9.187548637390137
Math-Instruct,34,True,4,-0.9794460535049438,-9.10291576385498
Math-Instruct,34,True,5,-0.7376982569694519,-9.317087173461914
Math-Instruct,34,True,6,-0.762256920337677,-9.202140808105469
Math-Instruct,34,True,7,-0.6662732362747192,-9.289559364318848
Math-Instruct,34,True,8,-0.2686891555786133,-8.936203002929688
Math-Instruct,34,True,9,-0.14632447063922882,-9.09638500213623
Math-Instruct,34,True,10,0.11702141910791397,-8.940835952758789
Math-Instruct,34,True,11,0.16296663880348206,-8.815458297729492
Math-Instruct,34,True,12,0.42182493209838867,-8.999611854553223
Math-Instruct,34,True,13,0.5251708030700684,-8.571840286254883
Math-Instruct,34,True,14,1.4510694742202759,-8.498383522033691
Math-Instruct,34,True,15,1.5973058938980103,-8.479741096496582
Math-Instruct,34,True,16,2.7170677185058594,-8.431900978088379
Math-Instruct,34,True,17,2.935727596282959,-7.903248310089111
Math-Instruct,34,True,18,2.989995002746582,-7.6765947341918945
Math-Instruct,34,True,19,4.649357795715332,-7.006038188934326
Math-Instruct,34,True,20,4.3502607345581055,-6.229400634765625
Math-Instruct,34,True,21,5.971693992614746,-4.521659851074219
Math-Instruct,34,True,22,7.977196216583252,1.53718900680542
Math-Instruct,34,True,23,8.295059204101562,7.897273063659668
Math-Instruct,34,True,24,8.986217498779297,14.349281311035156
Math-Instruct,34,True,25,9.67242431640625,23.207889556884766
Math-Instruct,34,True,26,8.472126960754395,36.05320739746094
Math-Instruct,34,True,27,8.09022045135498,56.87282180786133
Math-Instruct,34,True,28,-1.0727754831314087,0.6854918003082275
Math-Instruct,35,True,0,-2.2738876342773438,-9.057064056396484
Math-Instruct,35,True,1,-2.0947322845458984,-9.093884468078613
Math-Instruct,35,True,2,-1.8948763608932495,-8.962865829467773
Math-Instruct,35,True,3,-1.9090152978897095,-9.112043380737305
Math-Instruct,35,True,4,-1.7910661697387695,-8.819629669189453
Math-Instruct,35,True,5,-1.7260280847549438,-8.710426330566406
Math-Instruct,35,True,6,-1.656897783279419,-8.715166091918945
Math-Instruct,35,True,7,-1.3921842575073242,-8.563411712646484
Math-Instruct,35,True,8,-1.3660515546798706,-7.908177852630615
Math-Instruct,35,True,9,-1.3578355312347412,-8.015788078308105
Math-Instruct,35,True,10,-0.927937388420105,-8.243563652038574
Math-Instruct,35,True,11,-0.9824373126029968,-8.121261596679688
Math-Instruct,35,True,12,-0.9403760433197021,-7.820492744445801
Math-Instruct,35,True,13,-0.9220429062843323,-7.686588287353516
Math-Instruct,35,True,14,0.05806056410074234,-7.574939250946045
Math-Instruct,35,True,15,0.04395793005824089,-7.780611038208008
Math-Instruct,35,True,16,0.8725368976593018,-7.347168922424316
Math-Instruct,35,True,17,1.0054237842559814,-6.331659317016602
Math-Instruct,35,True,18,1.8533813953399658,-5.53886079788208
Math-Instruct,35,True,19,2.875220537185669,-4.715721130371094
Math-Instruct,35,True,20,2.7615556716918945,-3.6216788291931152
Math-Instruct,35,True,21,2.5213706493377686,-1.4961681365966797
Math-Instruct,35,True,22,3.0042121410369873,5.525174140930176
Math-Instruct,35,True,23,3.9042508602142334,13.261102676391602
Math-Instruct,35,True,24,4.513034820556641,19.786113739013672
Math-Instruct,35,True,25,5.622871398925781,30.453445434570312
Math-Instruct,35,True,26,5.403807163238525,48.09507751464844
Math-Instruct,35,True,27,5.267339706420898,71.84212493896484
Math-Instruct,35,True,28,-2.5457053184509277,3.867090940475464
Math-Instruct,36,True,0,-2.273178815841675,-9.055784225463867
Math-Instruct,36,True,1,-2.1682393550872803,-9.100565910339355
Math-Instruct,36,True,2,-1.8567472696304321,-9.033744812011719
Math-Instruct,36,True,3,-2.029313325881958,-8.959343910217285
Math-Instruct,36,True,4,-1.817845344543457,-8.898885726928711
Math-Instruct,36,True,5,-1.1405363082885742,-8.640538215637207
Math-Instruct,36,True,6,-1.2108455896377563,-8.474303245544434
Math-Instruct,36,True,7,-1.1799097061157227,-8.765530586242676
Math-Instruct,36,True,8,-0.6493378281593323,-8.206892013549805
Math-Instruct,36,True,9,-0.4910348653793335,-8.499773025512695
Math-Instruct,36,True,10,-0.2669142186641693,-8.448522567749023
Math-Instruct,36,True,11,0.26191437244415283,-8.542323112487793
Math-Instruct,36,True,12,0.8845909237861633,-8.319160461425781
Math-Instruct,36,True,13,1.141389012336731,-7.961659908294678
Math-Instruct,36,True,14,1.8081109523773193,-7.769708633422852
Math-Instruct,36,True,15,1.7498047351837158,-7.756012439727783
Math-Instruct,36,True,16,2.5294477939605713,-7.253436088562012
Math-Instruct,36,True,17,3.389197587966919,-6.124021530151367
Math-Instruct,36,True,18,3.447883129119873,-5.744858741760254
Math-Instruct,36,True,19,4.978723526000977,-4.95442008972168
Math-Instruct,36,True,20,4.989039421081543,-4.294005393981934
Math-Instruct,36,True,21,5.511417388916016,-2.152162551879883
Math-Instruct,36,True,22,7.1637043952941895,4.070857048034668
Math-Instruct,36,True,23,8.617664337158203,11.154817581176758
Math-Instruct,36,True,24,9.057562828063965,17.21826934814453
Math-Instruct,36,True,25,10.256182670593262,26.364845275878906
Math-Instruct,36,True,26,9.270101547241211,42.103065490722656
Math-Instruct,36,True,27,9.551942825317383,64.56961059570312
Math-Instruct,36,True,28,-1.4798879623413086,1.777255654335022
Math-Instruct,37,False,0,-2.2770938873291016,-9.061845779418945
Math-Instruct,37,False,1,-2.175558567047119,-9.130695343017578
Math-Instruct,37,False,2,-1.8357629776000977,-9.115117073059082
Math-Instruct,37,False,3,-1.7907623052597046,-9.186647415161133
Math-Instruct,37,False,4,-1.4726895093917847,-9.104869842529297
Math-Instruct,37,False,5,-1.5371966361999512,-9.037034034729004
Math-Instruct,37,False,6,-1.4844410419464111,-8.860386848449707
Math-Instruct,37,False,7,-1.1699538230895996,-8.889116287231445
Math-Instruct,37,False,8,-1.1817991733551025,-8.62588882446289
Math-Instruct,37,False,9,-1.1016439199447632,-8.566431045532227
Math-Instruct,37,False,10,-1.262502908706665,-8.560432434082031
Math-Instruct,37,False,11,-1.2648844718933105,-8.503247261047363
Math-Instruct,37,False,12,-1.217717170715332,-8.599235534667969
Math-Instruct,37,False,13,-1.1848366260528564,-8.176352500915527
Math-Instruct,37,False,14,-1.3757240772247314,-7.961606502532959
Math-Instruct,37,False,15,-1.4946810007095337,-7.605009078979492
Math-Instruct,37,False,16,-1.5141431093215942,-7.406292915344238
Math-Instruct,37,False,17,-0.9829124808311462,-6.70440673828125
Math-Instruct,37,False,18,-0.9395853877067566,-6.133885860443115
Math-Instruct,37,False,19,-1.016886591911316,-5.260647773742676
Math-Instruct,37,False,20,-1.6510058641433716,-4.343405246734619
Math-Instruct,37,False,21,-2.0326993465423584,-2.42454195022583
Math-Instruct,37,False,22,-2.044496536254883,4.738705635070801
Math-Instruct,37,False,23,-1.812603235244751,11.620311737060547
Math-Instruct,37,False,24,-2.6188080310821533,17.507612228393555
Math-Instruct,37,False,25,-3.0296530723571777,28.699682235717773
Math-Instruct,37,False,26,-4.914373397827148,44.123870849609375
Math-Instruct,37,False,27,-6.092365741729736,65.92457580566406
Math-Instruct,37,False,28,-5.0880937576293945,2.9468724727630615
Math-Instruct,38,False,0,-2.271954298019409,-9.054180145263672
Math-Instruct,38,False,1,-2.1465418338775635,-9.161092758178711
Math-Instruct,38,False,2,-2.080052375793457,-9.073147773742676
Math-Instruct,38,False,3,-2.135014533996582,-9.152478218078613
Math-Instruct,38,False,4,-2.287764072418213,-8.750621795654297
Math-Instruct,38,False,5,-2.3151814937591553,-8.62653636932373
Math-Instruct,38,False,6,-2.296180486679077,-8.45349407196045
Math-Instruct,38,False,7,-2.207286834716797,-8.654718399047852
Math-Instruct,38,False,8,-2.1576366424560547,-8.243011474609375
Math-Instruct,38,False,9,-2.463165283203125,-8.470779418945312
Math-Instruct,38,False,10,-2.337761640548706,-8.54908275604248
Math-Instruct,38,False,11,-2.6285836696624756,-8.525993347167969
Math-Instruct,38,False,12,-2.615481376647949,-8.420978546142578
Math-Instruct,38,False,13,-2.4638118743896484,-8.007978439331055
Math-Instruct,38,False,14,-2.2104110717773438,-8.019533157348633
Math-Instruct,38,False,15,-2.8664121627807617,-7.980204105377197
Math-Instruct,38,False,16,-3.0964090824127197,-7.6619873046875
Math-Instruct,38,False,17,-3.073880672454834,-6.629474639892578
Math-Instruct,38,False,18,-3.2523956298828125,-6.294499397277832
Math-Instruct,38,False,19,-2.7495031356811523,-5.322040557861328
Math-Instruct,38,False,20,-3.4697201251983643,-4.227933883666992
Math-Instruct,38,False,21,-3.8664069175720215,-2.127291202545166
Math-Instruct,38,False,22,-4.721609592437744,3.516212224960327
Math-Instruct,38,False,23,-5.890091896057129,10.105241775512695
Math-Instruct,38,False,24,-7.238309860229492,16.846620559692383
Math-Instruct,38,False,25,-7.4555511474609375,28.88622283935547
Math-Instruct,38,False,26,-9.447525024414062,48.238487243652344
Math-Instruct,38,False,27,-12.15896987915039,71.55362701416016
Math-Instruct,38,False,28,-5.599987030029297,1.9266875982284546
Math-Instruct,39,True,0,-2.2686285972595215,-9.056255340576172
Math-Instruct,39,True,1,-2.2811334133148193,-9.032533645629883
Math-Instruct,39,True,2,-2.2210919857025146,-8.949556350708008
Math-Instruct,39,True,3,-2.117042064666748,-9.029448509216309
Math-Instruct,39,True,4,-2.645439386367798,-8.6687593460083
Math-Instruct,39,True,5,-2.60332989692688,-8.626158714294434
Math-Instruct,39,True,6,-2.5498733520507812,-8.380090713500977
Math-Instruct,39,True,7,-2.566983222961426,-8.439695358276367
Math-Instruct,39,True,8,-2.6897530555725098,-7.865322113037109
Math-Instruct,39,True,9,-3.082472801208496,-8.303077697753906
Math-Instruct,39,True,10,-2.9332873821258545,-8.075078964233398
Math-Instruct,39,True,11,-3.0415868759155273,-8.115785598754883
Math-Instruct,39,True,12,-3.3971943855285645,-7.548037528991699
Math-Instruct,39,True,13,-3.4713521003723145,-7.4259033203125
Math-Instruct,39,True,14,-3.3435158729553223,-7.364388942718506
Math-Instruct,39,True,15,-3.4421987533569336,-7.030311584472656
Math-Instruct,39,True,16,-3.513155937194824,-6.801735877990723
Math-Instruct,39,True,17,-2.521500825881958,-6.002325057983398
Math-Instruct,39,True,18,-2.1252965927124023,-5.482693672180176
Math-Instruct,39,True,19,-1.3084732294082642,-4.648348331451416
Math-Instruct,39,True,20,-2.134103536605835,-3.5552797317504883
Math-Instruct,39,True,21,-2.687929153442383,-1.3220970630645752
Math-Instruct,39,True,22,-3.087388753890991,5.306164741516113
Math-Instruct,39,True,23,-2.8312461376190186,12.22304630279541
Math-Instruct,39,True,24,-2.5951836109161377,19.008573532104492
Math-Instruct,39,True,25,-2.3513426780700684,29.145360946655273
Math-Instruct,39,True,26,-2.1869399547576904,45.4378776550293
Math-Instruct,39,True,27,-1.5500588417053223,68.72109985351562
Math-Instruct,39,True,28,-4.174078464508057,2.281580924987793
Math-Instruct,40,True,0,-2.26389217376709,-9.060626983642578
Math-Instruct,40,True,1,-1.932342767715454,-9.087481498718262
Math-Instruct,40,True,2,-1.8361705541610718,-9.068464279174805
Math-Instruct,40,True,3,-1.7200373411178589,-9.196379661560059
Math-Instruct,40,True,4,-1.5661134719848633,-9.090457916259766
Math-Instruct,40,True,5,-1.7968372106552124,-9.220565795898438
Math-Instruct,40,True,6,-1.8353517055511475,-8.991585731506348
Math-Instruct,40,True,7,-1.3900394439697266,-8.944196701049805
Math-Instruct,40,True,8,-1.1316123008728027,-8.373376846313477
Math-Instruct,40,True,9,-1.1811624765396118,-8.423362731933594
Math-Instruct,40,True,10,-0.8704514503479004,-8.424488067626953
Math-Instruct,40,True,11,-0.919875979423523,-8.401546478271484
Math-Instruct,40,True,12,-0.7500872611999512,-8.514474868774414
Math-Instruct,40,True,13,-0.5107590556144714,-8.047799110412598
Math-Instruct,40,True,14,0.5126953125,-7.665994644165039
Math-Instruct,40,True,15,0.9226148128509521,-7.723963260650635
Math-Instruct,40,True,16,1.7228784561157227,-7.523045539855957
Math-Instruct,40,True,17,2.6351845264434814,-6.8456549644470215
Math-Instruct,40,True,18,3.409977912902832,-6.317578315734863
Math-Instruct,40,True,19,5.335260391235352,-6.004677772521973
Math-Instruct,40,True,20,4.8934125900268555,-4.965912818908691
Math-Instruct,40,True,21,5.521639347076416,-3.6863505840301514
Math-Instruct,40,True,22,6.544774055480957,1.937772274017334
Math-Instruct,40,True,23,7.400125026702881,8.55463695526123
Math-Instruct,40,True,24,8.869548797607422,15.159164428710938
Math-Instruct,40,True,25,8.872989654541016,23.807743072509766
Math-Instruct,40,True,26,8.699773788452148,37.72988510131836
Math-Instruct,40,True,27,10.283943176269531,60.17640686035156
Math-Instruct,40,True,28,-0.5620512962341309,1.5692405700683594
Math-Instruct,41,False,0,-2.2957305908203125,-9.058246612548828
Math-Instruct,41,False,1,-2.9214682579040527,-9.17689323425293
Math-Instruct,41,False,2,-3.2265515327453613,-8.941776275634766
Math-Instruct,41,False,3,-4.257201671600342,-8.606731414794922
Math-Instruct,41,False,4,-5.4497575759887695,-8.33973503112793
Math-Instruct,41,False,5,-6.08624267578125,-7.934182643890381
Math-Instruct,41,False,6,-6.283806800842285,-7.851614952087402
Math-Instruct,41,False,7,-6.902210235595703,-7.99326229095459
Math-Instruct,41,False,8,-7.436960220336914,-6.958986759185791
Math-Instruct,41,False,9,-9.134835243225098,-7.659371376037598
Math-Instruct,41,False,10,-9.858602523803711,-7.497549057006836
Math-Instruct,41,False,11,-10.915956497192383,-7.9632391929626465
Math-Instruct,41,False,12,-11.188556671142578,-7.614158630371094
Math-Instruct,41,False,13,-11.65421199798584,-7.661291122436523
Math-Instruct,41,False,14,-13.692159652709961,-7.3643269538879395
Math-Instruct,41,False,15,-15.087738990783691,-7.3566694259643555
Math-Instruct,41,False,16,-17.63813018798828,-7.059274673461914
Math-Instruct,41,False,17,-16.695842742919922,-6.154658317565918
Math-Instruct,41,False,18,-16.192358016967773,-5.409331321716309
Math-Instruct,41,False,19,-17.8873291015625,-4.4794182777404785
Math-Instruct,41,False,20,-20.770998001098633,-3.5084011554718018
Math-Instruct,41,False,21,-22.17458724975586,-1.6798131465911865
Math-Instruct,41,False,22,-23.892452239990234,2.985569477081299
Math-Instruct,41,False,23,-26.271203994750977,10.322334289550781
Math-Instruct,41,False,24,-28.42998504638672,16.486160278320312
Math-Instruct,41,False,25,-31.13207244873047,27.526477813720703
Math-Instruct,41,False,26,-35.519779205322266,39.51127624511719
Math-Instruct,41,False,27,-38.51743698120117,57.870765686035156
Math-Instruct,41,False,28,-11.392463684082031,3.500554323196411
Math-Instruct,42,True,0,-2.2592368125915527,-9.05498218536377
Math-Instruct,42,True,1,-1.8602824211120605,-9.348821640014648
Math-Instruct,42,True,2,-1.3419924974441528,-9.278252601623535
Math-Instruct,42,True,3,-1.1509531736373901,-9.422932624816895
Math-Instruct,42,True,4,-0.7330746650695801,-9.313355445861816
Math-Instruct,42,True,5,-0.16471953690052032,-9.45118522644043
Math-Instruct,42,True,6,-0.12906265258789062,-9.054885864257812
Math-Instruct,42,True,7,0.32667839527130127,-9.258829116821289
Math-Instruct,42,True,8,0.8434468507766724,-8.814676284790039
Math-Instruct,42,True,9,0.9723615050315857,-8.790826797485352
Math-Instruct,42,True,10,1.130560278892517,-8.729288101196289
Math-Instruct,42,True,11,1.8007099628448486,-8.629976272583008
Math-Instruct,42,True,12,2.2389440536499023,-8.5686616897583
Math-Instruct,42,True,13,2.502471923828125,-8.233774185180664
Math-Instruct,42,True,14,3.1379189491271973,-7.949955940246582
Math-Instruct,42,True,15,3.2513692378997803,-8.16749382019043
Math-Instruct,42,True,16,4.249174118041992,-7.996805191040039
Math-Instruct,42,True,17,5.35659646987915,-7.123818397521973
Math-Instruct,42,True,18,5.8848724365234375,-6.82222843170166
Math-Instruct,42,True,19,7.729579448699951,-5.846983909606934
Math-Instruct,42,True,20,7.515796661376953,-5.105221271514893
Math-Instruct,42,True,21,9.219980239868164,-3.4848785400390625
Math-Instruct,42,True,22,12.050056457519531,2.6683502197265625
Math-Instruct,42,True,23,13.924308776855469,10.080345153808594
Math-Instruct,42,True,24,16.299278259277344,16.334199905395508
Math-Instruct,42,True,25,19.285099029541016,26.297035217285156
Math-Instruct,42,True,26,19.39340591430664,42.77442932128906
Math-Instruct,42,True,27,20.91629409790039,65.99198913574219
Math-Instruct,42,True,28,1.6759719848632812,2.3281049728393555
Math-Instruct,43,True,0,-2.267253875732422,-9.052481651306152
Math-Instruct,43,True,1,-1.9556025266647339,-9.068741798400879
Math-Instruct,43,True,2,-1.5579051971435547,-9.04155158996582
Math-Instruct,43,True,3,-1.4938126802444458,-9.086563110351562
Math-Instruct,43,True,4,-1.1751654148101807,-8.720270156860352
Math-Instruct,43,True,5,-0.8931585550308228,-8.684547424316406
Math-Instruct,43,True,6,-0.7456863522529602,-8.586641311645508
Math-Instruct,43,True,7,-0.4258192479610443,-8.636650085449219
Math-Instruct,43,True,8,-0.36823397874832153,-8.058441162109375
Math-Instruct,43,True,9,-0.5869722962379456,-8.280068397521973
Math-Instruct,43,True,10,-0.670894205570221,-8.38811206817627
Math-Instruct,43,True,11,-0.5323382019996643,-8.3441162109375
Math-Instruct,43,True,12,-0.5551039576530457,-8.267730712890625
Math-Instruct,43,True,13,-0.3621140122413635,-7.951425552368164
Math-Instruct,43,True,14,-0.1627008616924286,-7.830546855926514
Math-Instruct,43,True,15,-0.36905694007873535,-7.557655334472656
Math-Instruct,43,True,16,-0.22854536771774292,-7.352161407470703
Math-Instruct,43,True,17,0.23589208722114563,-6.611806869506836
Math-Instruct,43,True,18,0.7562100887298584,-5.946216106414795
Math-Instruct,43,True,19,1.3967514038085938,-5.514505386352539
Math-Instruct,43,True,20,0.7670837044715881,-4.518887519836426
Math-Instruct,43,True,21,1.6584558486938477,-2.4832282066345215
Math-Instruct,43,True,22,3.0073635578155518,3.6136858463287354
Math-Instruct,43,True,23,3.6972410678863525,10.147980690002441
Math-Instruct,43,True,24,5.277612686157227,16.595169067382812
Math-Instruct,43,True,25,5.8544206619262695,26.686981201171875
Math-Instruct,43,True,26,4.986443996429443,43.267215728759766
Math-Instruct,43,True,27,5.634942054748535,66.42362976074219
Math-Instruct,43,True,28,-2.1694960594177246,1.9690368175506592
Math-Instruct,44,True,0,-2.2757787704467773,-9.051057815551758
Math-Instruct,44,True,1,-2.124983310699463,-9.17333984375
Math-Instruct,44,True,2,-1.8395731449127197,-9.079665184020996
Math-Instruct,44,True,3,-1.915710687637329,-8.995847702026367
Math-Instruct,44,True,4,-1.8269214630126953,-8.620292663574219
Math-Instruct,44,True,5,-1.386614203453064,-8.532258987426758
Math-Instruct,44,True,6,-1.4764485359191895,-8.259976387023926
Math-Instruct,44,True,7,-1.4187233448028564,-8.279817581176758
Math-Instruct,44,True,8,-1.3171768188476562,-7.818293571472168
Math-Instruct,44,True,9,-1.4439425468444824,-7.860586643218994
Math-Instruct,44,True,10,-1.4251019954681396,-7.900222301483154
Math-Instruct,44,True,11,-0.9517885446548462,-7.891139984130859
Math-Instruct,44,True,12,-0.8431327939033508,-7.687905311584473
Math-Instruct,44,True,13,-0.4984000623226166,-7.677103042602539
Math-Instruct,44,True,14,-0.24504354596138,-7.360012054443359
Math-Instruct,44,True,15,-0.15888282656669617,-7.342981338500977
Math-Instruct,44,True,16,0.5129232406616211,-7.31016731262207
Math-Instruct,44,True,17,1.3349045515060425,-6.347426414489746
Math-Instruct,44,True,18,1.4930636882781982,-5.552480697631836
Math-Instruct,44,True,19,2.8413424491882324,-4.506355285644531
Math-Instruct,44,True,20,2.459322929382324,-3.5929417610168457
Math-Instruct,44,True,21,3.5395455360412598,-1.3500089645385742
Math-Instruct,44,True,22,4.083611011505127,5.186321258544922
Math-Instruct,44,True,23,5.500281810760498,12.82573413848877
Math-Instruct,44,True,24,5.612685203552246,18.9853515625
Math-Instruct,44,True,25,6.689367294311523,29.168991088867188
Math-Instruct,44,True,26,5.902959823608398,45.51242446899414
Math-Instruct,44,True,27,4.839146614074707,68.38946533203125
Math-Instruct,44,True,28,-2.2226133346557617,3.886584758758545
Math-Instruct,45,True,0,-2.2664661407470703,-9.060195922851562
Math-Instruct,45,True,1,-2.0646488666534424,-9.20051383972168
Math-Instruct,45,True,2,-1.7663049697875977,-9.105521202087402
Math-Instruct,45,True,3,-1.6776211261749268,-9.243644714355469
Math-Instruct,45,True,4,-1.7491207122802734,-9.034425735473633
Math-Instruct,45,True,5,-1.5179766416549683,-9.169694900512695
Math-Instruct,45,True,6,-1.514940619468689,-8.797273635864258
Math-Instruct,45,True,7,-1.364323377609253,-9.130789756774902
Math-Instruct,45,True,8,-1.149362564086914,-8.671571731567383
Math-Instruct,45,True,9,-1.1142878532409668,-8.801312446594238
Math-Instruct,45,True,10,-1.0788137912750244,-8.837635040283203
Math-Instruct,45,True,11,-0.8881447315216064,-8.687705993652344
Math-Instruct,45,True,12,-0.6447181701660156,-8.653303146362305
Math-Instruct,45,True,13,-0.5838704109191895,-8.256732940673828
Math-Instruct,45,True,14,-0.27054300904273987,-8.11493968963623
Math-Instruct,45,True,15,-0.31966036558151245,-8.070515632629395
Math-Instruct,45,True,16,0.531670093536377,-7.783534049987793
Math-Instruct,45,True,17,0.8227072954177856,-6.9336466789245605
Math-Instruct,45,True,18,1.079943299293518,-6.479650020599365
Math-Instruct,45,True,19,1.9906980991363525,-5.59479284286499
Math-Instruct,45,True,20,1.625797986984253,-4.627501010894775
Math-Instruct,45,True,21,2.2371206283569336,-3.0408945083618164
Math-Instruct,45,True,22,3.1138601303100586,2.5087053775787354
Math-Instruct,45,True,23,2.8654990196228027,7.968308448791504
Math-Instruct,45,True,24,2.2560479640960693,14.050734519958496
Math-Instruct,45,True,25,2.2116990089416504,23.996906280517578
Math-Instruct,45,True,26,1.4871166944503784,41.148170471191406
Math-Instruct,45,True,27,-1.3735294342041016,62.02048110961914
Math-Instruct,45,True,28,-1.782642126083374,-0.12037426233291626
Math-Instruct,46,True,0,-2.27329421043396,-9.065010070800781
Math-Instruct,46,True,1,-2.1657490730285645,-9.156591415405273
Math-Instruct,46,True,2,-1.8792250156402588,-9.1338472366333
Math-Instruct,46,True,3,-1.8218581676483154,-9.238508224487305
Math-Instruct,46,True,4,-1.7826834917068481,-9.199563980102539
Math-Instruct,46,True,5,-1.769124150276184,-9.29110336303711
Math-Instruct,46,True,6,-1.6398042440414429,-8.944229125976562
Math-Instruct,46,True,7,-1.369629979133606,-9.005465507507324
Math-Instruct,46,True,8,-1.1451330184936523,-8.769974708557129
Math-Instruct,46,True,9,-1.2511720657348633,-8.624488830566406
Math-Instruct,46,True,10,-1.1962743997573853,-8.658205032348633
Math-Instruct,46,True,11,-1.087411642074585,-8.600418090820312
Math-Instruct,46,True,12,-0.7866206169128418,-8.564114570617676
Math-Instruct,46,True,13,-0.555870532989502,-8.27047348022461
Math-Instruct,46,True,14,-0.2297401875257492,-8.071287155151367
Math-Instruct,46,True,15,-0.43171238899230957,-8.154498100280762
Math-Instruct,46,True,16,0.3577843904495239,-7.556242942810059
Math-Instruct,46,True,17,0.5377384424209595,-6.783540725708008
Math-Instruct,46,True,18,0.7934370040893555,-6.394731521606445
Math-Instruct,46,True,19,1.6954376697540283,-5.773558616638184
Math-Instruct,46,True,20,1.6734366416931152,-4.810380458831787
Math-Instruct,46,True,21,2.4785544872283936,-2.9999680519104004
Math-Instruct,46,True,22,4.148354530334473,3.0680503845214844
Math-Instruct,46,True,23,5.701227188110352,9.606717109680176
Math-Instruct,46,True,24,6.684035778045654,15.486688613891602
Math-Instruct,46,True,25,7.953908443450928,24.840543746948242
Math-Instruct,46,True,26,7.800775527954102,41.13484573364258
Math-Instruct,46,True,27,8.42493724822998,64.9402847290039
Math-Instruct,46,True,28,-1.3118383884429932,2.171022415161133
Math-Instruct,47,True,0,-2.274029016494751,-9.058521270751953
Math-Instruct,47,True,1,-1.9050276279449463,-9.165175437927246
Math-Instruct,47,True,2,-1.4778443574905396,-9.095868110656738
Math-Instruct,47,True,3,-1.5289185047149658,-9.098024368286133
Math-Instruct,47,True,4,-1.3728413581848145,-8.950770378112793
Math-Instruct,47,True,5,-1.0728373527526855,-8.918445587158203
Math-Instruct,47,True,6,-1.0294599533081055,-8.67376708984375
Math-Instruct,47,True,7,-0.642399787902832,-8.883118629455566
Math-Instruct,47,True,8,-0.5220383405685425,-8.520439147949219
Math-Instruct,47,True,9,-0.46322739124298096,-8.803345680236816
Math-Instruct,47,True,10,-0.2121896743774414,-8.979089736938477
Math-Instruct,47,True,11,0.18756051361560822,-8.778902053833008
Math-Instruct,47,True,12,0.5084062218666077,-8.498165130615234
Math-Instruct,47,True,13,0.5811209678649902,-8.220409393310547
Math-Instruct,47,True,14,1.080912470817566,-8.150997161865234
Math-Instruct,47,True,15,1.0486462116241455,-8.084474563598633
Math-Instruct,47,True,16,1.6997296810150146,-7.672185897827148
Math-Instruct,47,True,17,2.132106065750122,-6.221982955932617
Math-Instruct,47,True,18,2.127138614654541,-6.019471168518066
Math-Instruct,47,True,19,3.360550880432129,-4.855923652648926
Math-Instruct,47,True,20,3.2280242443084717,-3.2274889945983887
Math-Instruct,47,True,21,4.101800918579102,-0.7165781855583191
Math-Instruct,47,True,22,4.101827621459961,5.436315536499023
Math-Instruct,47,True,23,5.085729598999023,13.027462005615234
Math-Instruct,47,True,24,5.177520751953125,20.832061767578125
Math-Instruct,47,True,25,5.838789939880371,31.74565887451172
Math-Instruct,47,True,26,4.814667224884033,48.902626037597656
Math-Instruct,47,True,27,3.938816547393799,73.83219909667969
Math-Instruct,47,True,28,-2.7552032470703125,4.261112689971924
Math-Instruct,48,True,0,-2.262110710144043,-9.056761741638184
Math-Instruct,48,True,1,-1.9852561950683594,-9.070158004760742
Math-Instruct,48,True,2,-1.6254961490631104,-8.977184295654297
Math-Instruct,48,True,3,-1.4098665714263916,-8.967489242553711
Math-Instruct,48,True,4,-0.9533538222312927,-8.686627388000488
Math-Instruct,48,True,5,-0.5899815559387207,-8.78158187866211
Math-Instruct,48,True,6,-0.09477277845144272,-8.639857292175293
Math-Instruct,48,True,7,0.2549918591976166,-9.011382102966309
Math-Instruct,48,True,8,0.6680318117141724,-8.449689865112305
Math-Instruct,48,True,9,1.14466392993927,-8.577362060546875
Math-Instruct,48,True,10,1.0889724493026733,-8.48725700378418
Math-Instruct,48,True,11,1.8007898330688477,-8.496356010437012
Math-Instruct,48,True,12,2.353754997253418,-8.569374084472656
Math-Instruct,48,True,13,2.563941240310669,-8.271442413330078
Math-Instruct,48,True,14,3.2114505767822266,-8.020240783691406
Math-Instruct,48,True,15,3.25253963470459,-8.032533645629883
Math-Instruct,48,True,16,4.48880672454834,-7.695457935333252
Math-Instruct,48,True,17,5.525265693664551,-6.850808620452881
Math-Instruct,48,True,18,5.830193042755127,-6.425713539123535
Math-Instruct,48,True,19,7.605746269226074,-5.593812942504883
Math-Instruct,48,True,20,7.7246880531311035,-4.549514293670654
Math-Instruct,48,True,21,9.118143081665039,-2.5783917903900146
Math-Instruct,48,True,22,12.193300247192383,4.0346574783325195
Math-Instruct,48,True,23,13.792410850524902,11.462455749511719
Math-Instruct,48,True,24,15.506439208984375,17.315149307250977
Math-Instruct,48,True,25,17.49452781677246,27.112091064453125
Math-Instruct,48,True,26,17.153228759765625,44.04916000366211
Math-Instruct,48,True,27,18.52782440185547,68.97489929199219
Math-Instruct,48,True,28,0.3452885150909424,2.118645191192627
Math-Instruct,49,True,0,-2.2581095695495605,-9.053668975830078
Math-Instruct,49,True,1,-1.78854501247406,-9.121326446533203
Math-Instruct,49,True,2,-1.450029969215393,-9.139875411987305
Math-Instruct,49,True,3,-1.3040120601654053,-9.095396995544434
Math-Instruct,49,True,4,-0.960300087928772,-8.96778678894043
Math-Instruct,49,True,5,-0.521508514881134,-8.958259582519531
Math-Instruct,49,True,6,-0.4289708137512207,-8.736572265625
Math-Instruct,49,True,7,-0.46044784784317017,-8.964526176452637
Math-Instruct,49,True,8,0.024801641702651978,-8.508712768554688
Math-Instruct,49,True,9,0.10023307800292969,-8.698473930358887
Math-Instruct,49,True,10,0.3365212082862854,-8.597190856933594
Math-Instruct,49,True,11,1.433777093887329,-8.540305137634277
Math-Instruct,49,True,12,1.8100202083587646,-8.483367919921875
Math-Instruct,49,True,13,1.9812812805175781,-7.977163314819336
Math-Instruct,49,True,14,2.4605343341827393,-7.526694297790527
Math-Instruct,49,True,15,2.616450071334839,-7.632131576538086
Math-Instruct,49,True,16,3.446361541748047,-7.316271781921387
Math-Instruct,49,True,17,4.223455905914307,-6.723008155822754
Math-Instruct,49,True,18,4.735312461853027,-6.180394172668457
Math-Instruct,49,True,19,6.221285820007324,-5.122758388519287
Math-Instruct,49,True,20,6.031824111938477,-4.432092189788818
Math-Instruct,49,True,21,7.365729331970215,-2.7711992263793945
Math-Instruct,49,True,22,9.065738677978516,2.7944045066833496
Math-Instruct,49,True,23,10.35291862487793,9.656335830688477
Math-Instruct,49,True,24,11.749491691589355,16.985572814941406
Math-Instruct,49,True,25,13.344657897949219,27.75482940673828
Math-Instruct,49,True,26,12.60789680480957,45.27804946899414
Math-Instruct,49,True,27,13.340572357177734,69.2582778930664
Math-Instruct,49,True,28,0.52037513256073,2.7315492630004883
Math-Instruct,50,True,0,-2.257103443145752,-9.057693481445312
Math-Instruct,50,True,1,-1.771472454071045,-9.23283576965332
Math-Instruct,50,True,2,-1.2547165155410767,-9.148576736450195
Math-Instruct,50,True,3,-0.829139769077301,-9.191259384155273
Math-Instruct,50,True,4,-0.0889066755771637,-8.949875831604004
Math-Instruct,50,True,5,0.309079110622406,-9.018753051757812
Math-Instruct,50,True,6,0.3888400197029114,-8.895376205444336
Math-Instruct,50,True,7,0.7876421213150024,-8.958413124084473
Math-Instruct,50,True,8,1.316465973854065,-8.399011611938477
Math-Instruct,50,True,9,1.3419586420059204,-8.354891777038574
Math-Instruct,50,True,10,1.4795522689819336,-8.527048110961914
Math-Instruct,50,True,11,2.308871269226074,-8.533958435058594
Math-Instruct,50,True,12,2.9617509841918945,-8.466395378112793
Math-Instruct,50,True,13,3.0861644744873047,-8.05801773071289
Math-Instruct,50,True,14,3.7043559551239014,-7.89982271194458
Math-Instruct,50,True,15,3.8811540603637695,-7.988277435302734
Math-Instruct,50,True,16,4.762904167175293,-7.764057159423828
Math-Instruct,50,True,17,5.635066986083984,-6.619070053100586
Math-Instruct,50,True,18,5.816830635070801,-6.2438554763793945
Math-Instruct,50,True,19,7.54602575302124,-5.610637187957764
Math-Instruct,50,True,20,7.788817405700684,-4.604113578796387
Math-Instruct,50,True,21,10.748588562011719,-1.7864339351654053
Math-Instruct,50,True,22,13.224101066589355,4.358552932739258
Math-Instruct,50,True,23,15.269329071044922,12.0028076171875
Math-Instruct,50,True,24,16.787017822265625,18.770938873291016
Math-Instruct,50,True,25,18.858461380004883,29.427690505981445
Math-Instruct,50,True,26,18.307750701904297,46.25856018066406
Math-Instruct,50,True,27,19.32180404663086,71.89359283447266
Math-Instruct,50,True,28,0.8221354484558105,3.0122251510620117
Math-Instruct,51,True,0,-2.2759978771209717,-9.055523872375488
Math-Instruct,51,True,1,-2.3315539360046387,-9.010653495788574
Math-Instruct,51,True,2,-2.049467086791992,-9.003031730651855
Math-Instruct,51,True,3,-1.936072587966919,-9.05019760131836
Math-Instruct,51,True,4,-2.1811695098876953,-8.751459121704102
Math-Instruct,51,True,5,-2.2102675437927246,-8.53627872467041
Math-Instruct,51,True,6,-2.133286476135254,-8.451986312866211
Math-Instruct,51,True,7,-1.9612438678741455,-8.531013488769531
Math-Instruct,51,True,8,-1.9221729040145874,-7.90891170501709
Math-Instruct,51,True,9,-2.0595850944519043,-8.048293113708496
Math-Instruct,51,True,10,-2.002546787261963,-7.996600151062012
Math-Instruct,51,True,11,-1.9608595371246338,-8.17279052734375
Math-Instruct,51,True,12,-1.921245813369751,-7.955659866333008
Math-Instruct,51,True,13,-1.6247844696044922,-7.736783027648926
Math-Instruct,51,True,14,-1.1079223155975342,-7.584737777709961
Math-Instruct,51,True,15,-1.0395689010620117,-7.574453353881836
Math-Instruct,51,True,16,-0.2811982333660126,-7.387167930603027
Math-Instruct,51,True,17,-0.035459503531455994,-6.3660478591918945
Math-Instruct,51,True,18,0.2630142569541931,-5.923771381378174
Math-Instruct,51,True,19,1.8636499643325806,-4.8781232833862305
Math-Instruct,51,True,20,1.251006841659546,-4.416533470153809
Math-Instruct,51,True,21,-0.29058223962783813,-1.977704644203186
Math-Instruct,51,True,22,-0.7536503076553345,5.025345802307129
Math-Instruct,51,True,23,0.26386284828186035,12.39071273803711
Math-Instruct,51,True,24,0.667715847492218,18.04456329345703
Math-Instruct,51,True,25,1.4503802061080933,29.168792724609375
Math-Instruct,51,True,26,0.4070460796356201,44.69709777832031
Math-Instruct,51,True,27,1.5002107620239258,68.94889068603516
Math-Instruct,51,True,28,-3.7499232292175293,3.350222110748291
Math-Instruct,52,True,0,-2.2700185775756836,-9.0589017868042
Math-Instruct,52,True,1,-2.0406785011291504,-9.038934707641602
Math-Instruct,52,True,2,-1.6890424489974976,-9.033693313598633
Math-Instruct,52,True,3,-1.5768673419952393,-9.02672004699707
Math-Instruct,52,True,4,-1.2340342998504639,-8.717329978942871
Math-Instruct,52,True,5,-1.2255619764328003,-8.77859115600586
Math-Instruct,52,True,6,-0.9944905638694763,-8.669898986816406
Math-Instruct,52,True,7,-0.8960994482040405,-8.762344360351562
Math-Instruct,52,True,8,-0.7365612387657166,-8.343798637390137
Math-Instruct,52,True,9,-0.7437792420387268,-8.550735473632812
Math-Instruct,52,True,10,-0.6093426942825317,-8.61082649230957
Math-Instruct,52,True,11,-0.1692766398191452,-8.567545890808105
Math-Instruct,52,True,12,-0.057811081409454346,-8.50585651397705
Math-Instruct,52,True,13,0.081597238779068,-8.029616355895996
Math-Instruct,52,True,14,0.5500469207763672,-7.82265567779541
Math-Instruct,52,True,15,0.4239339530467987,-7.723300457000732
Math-Instruct,52,True,16,1.2757564783096313,-7.496182441711426
Math-Instruct,52,True,17,2.2090654373168945,-6.671903610229492
Math-Instruct,52,True,18,2.9055488109588623,-6.07244348526001
Math-Instruct,52,True,19,4.368190765380859,-5.370649337768555
Math-Instruct,52,True,20,4.175900936126709,-4.196964263916016
Math-Instruct,52,True,21,4.487654685974121,-2.805063486099243
Math-Instruct,52,True,22,4.800352096557617,4.715649127960205
Math-Instruct,52,True,23,5.712796211242676,11.721892356872559
Math-Instruct,52,True,24,6.439280033111572,18.813806533813477
Math-Instruct,52,True,25,7.1021528244018555,29.151920318603516
Math-Instruct,52,True,26,6.013321876525879,45.982330322265625
Math-Instruct,52,True,27,6.446775913238525,70.71537780761719
Math-Instruct,52,True,28,-2.4447412490844727,2.7526636123657227
Math-Instruct,53,True,0,-2.272618532180786,-9.05402946472168
Math-Instruct,53,True,1,-2.229287624359131,-9.121889114379883
Math-Instruct,53,True,2,-2.266937017440796,-9.021141052246094
Math-Instruct,53,True,3,-2.273242950439453,-8.93117618560791
Math-Instruct,53,True,4,-2.771860122680664,-8.57533073425293
Math-Instruct,53,True,5,-2.890908718109131,-8.555870056152344
Math-Instruct,53,True,6,-2.775794267654419,-8.300409317016602
Math-Instruct,53,True,7,-3.030609130859375,-8.23543643951416
Math-Instruct,53,True,8,-3.3553860187530518,-7.649637222290039
Math-Instruct,53,True,9,-3.3545360565185547,-8.113780975341797
Math-Instruct,53,True,10,-3.419550657272339,-7.952395439147949
Math-Instruct,53,True,11,-3.71107816696167,-7.683426856994629
Math-Instruct,53,True,12,-3.5042684078216553,-7.543146133422852
Math-Instruct,53,True,13,-3.106372833251953,-7.587831497192383
Math-Instruct,53,True,14,-3.357100486755371,-7.500707149505615
Math-Instruct,53,True,15,-3.7529678344726562,-7.461521148681641
Math-Instruct,53,True,16,-4.244150638580322,-7.238300323486328
Math-Instruct,53,True,17,-3.226051092147827,-6.358547210693359
Math-Instruct,53,True,18,-3.655102252960205,-5.661068439483643
Math-Instruct,53,True,19,-3.4139456748962402,-4.255122184753418
Math-Instruct,53,True,20,-4.397887229919434,-3.189619779586792
Math-Instruct,53,True,21,-3.6872782707214355,-0.9451315402984619
Math-Instruct,53,True,22,-3.1723906993865967,4.728513717651367
Math-Instruct,53,True,23,-2.4713892936706543,11.893577575683594
Math-Instruct,53,True,24,-2.8841662406921387,18.665630340576172
Math-Instruct,53,True,25,-3.8200275897979736,28.99730682373047
Math-Instruct,53,True,26,-5.093289375305176,44.936920166015625
Math-Instruct,53,True,27,-5.728862762451172,67.68338012695312
Math-Instruct,53,True,28,-4.46590518951416,3.010721206665039
Math-Instruct,54,False,0,-2.272700786590576,-9.063215255737305
Math-Instruct,54,False,1,-2.0068535804748535,-9.117220878601074
Math-Instruct,54,False,2,-1.9971845149993896,-8.942150115966797
Math-Instruct,54,False,3,-2.059274673461914,-8.909847259521484
Math-Instruct,54,False,4,-2.2237446308135986,-8.781898498535156
Math-Instruct,54,False,5,-2.1813278198242188,-8.651280403137207
Math-Instruct,54,False,6,-2.2414627075195312,-8.56108283996582
Math-Instruct,54,False,7,-2.2480521202087402,-8.497825622558594
Math-Instruct,54,False,8,-2.570734977722168,-7.945590972900391
Math-Instruct,54,False,9,-3.009821891784668,-8.351566314697266
Math-Instruct,54,False,10,-3.1585350036621094,-8.328084945678711
Math-Instruct,54,False,11,-3.6043448448181152,-8.115476608276367
Math-Instruct,54,False,12,-3.703080892562866,-8.169309616088867
Math-Instruct,54,False,13,-3.6305155754089355,-8.058813095092773
Math-Instruct,54,False,14,-3.9857518672943115,-7.750662803649902
Math-Instruct,54,False,15,-4.88681173324585,-7.737339019775391
Math-Instruct,54,False,16,-5.588685035705566,-7.278356552124023
Math-Instruct,54,False,17,-4.99690055847168,-6.260100364685059
Math-Instruct,54,False,18,-5.127272605895996,-5.389071464538574
Math-Instruct,54,False,19,-4.5558881759643555,-4.168730735778809
Math-Instruct,54,False,20,-5.37516975402832,-3.2434144020080566
Math-Instruct,54,False,21,-4.758246421813965,-1.298741340637207
Math-Instruct,54,False,22,-3.2490100860595703,5.035309791564941
Math-Instruct,54,False,23,-3.1773571968078613,11.386629104614258
Math-Instruct,54,False,24,-3.475855588912964,17.06365203857422
Math-Instruct,54,False,25,-4.890997886657715,26.933124542236328
Math-Instruct,54,False,26,-5.690845489501953,41.28105926513672
Math-Instruct,54,False,27,-5.166228771209717,62.55168151855469
Math-Instruct,54,False,28,-4.480591297149658,1.5713245868682861
Math-Instruct,55,True,0,-2.257232189178467,-9.058919906616211
Math-Instruct,55,True,1,-1.8898680210113525,-8.924453735351562
Math-Instruct,55,True,2,-1.5839141607284546,-8.908246994018555
Math-Instruct,55,True,3,-1.449953317642212,-8.89963436126709
Math-Instruct,55,True,4,-0.9465792179107666,-8.799081802368164
Math-Instruct,55,True,5,-0.5576446056365967,-8.847573280334473
Math-Instruct,55,True,6,-0.5003381967544556,-8.598783493041992
Math-Instruct,55,True,7,-0.08303305506706238,-8.969125747680664
Math-Instruct,55,True,8,0.16940930485725403,-8.6783447265625
Math-Instruct,55,True,9,0.5621105432510376,-8.809549331665039
Math-Instruct,55,True,10,0.547883152961731,-8.800082206726074
Math-Instruct,55,True,11,0.986091136932373,-8.850442886352539
Math-Instruct,55,True,12,1.6330125331878662,-8.767154693603516
Math-Instruct,55,True,13,1.7552974224090576,-8.284377098083496
Math-Instruct,55,True,14,2.1673831939697266,-7.982638359069824
Math-Instruct,55,True,15,2.23948335647583,-8.018171310424805
Math-Instruct,55,True,16,3.502143383026123,-7.8141255378723145
Math-Instruct,55,True,17,4.842160701751709,-6.800382614135742
Math-Instruct,55,True,18,5.191628456115723,-6.036521911621094
Math-Instruct,55,True,19,6.86422061920166,-5.301119804382324
Math-Instruct,55,True,20,7.2951250076293945,-4.438467979431152
Math-Instruct,55,True,21,9.09354305267334,-2.7783172130584717
Math-Instruct,55,True,22,12.438024520874023,5.453335762023926
Math-Instruct,55,True,23,14.817963600158691,12.250818252563477
Math-Instruct,55,True,24,16.988353729248047,18.83586311340332
Math-Instruct,55,True,25,19.017440795898438,29.05874252319336
Math-Instruct,55,True,26,19.202470779418945,44.47862243652344
Math-Instruct,55,True,27,21.167354583740234,68.50389099121094
Math-Instruct,55,True,28,1.0886095762252808,2.688246250152588
Math-Instruct,56,True,0,-2.266869306564331,-9.062021255493164
Math-Instruct,56,True,1,-1.9232679605484009,-9.122781753540039
Math-Instruct,56,True,2,-1.656296968460083,-9.108963012695312
Math-Instruct,56,True,3,-1.4556145668029785,-9.164154052734375
Math-Instruct,56,True,4,-1.3029836416244507,-8.939876556396484
Math-Instruct,56,True,5,-1.300203800201416,-9.127954483032227
Math-Instruct,56,True,6,-1.0877777338027954,-8.957521438598633
Math-Instruct,56,True,7,-0.9000888466835022,-9.138696670532227
Math-Instruct,56,True,8,-0.7400777339935303,-8.76220417022705
Math-Instruct,56,True,9,-0.65501868724823,-8.640535354614258
Math-Instruct,56,True,10,-0.504249095916748,-8.82415771484375
Math-Instruct,56,True,11,0.10621252655982971,-8.708988189697266
Math-Instruct,56,True,12,0.5119749307632446,-8.474027633666992
Math-Instruct,56,True,13,0.5276727676391602,-8.247495651245117
Math-Instruct,56,True,14,0.8577402234077454,-8.113269805908203
Math-Instruct,56,True,15,0.8347415328025818,-8.141525268554688
Math-Instruct,56,True,16,1.709542989730835,-7.967293739318848
Math-Instruct,56,True,17,2.7394278049468994,-6.850976467132568
Math-Instruct,56,True,18,2.850438117980957,-6.321900367736816
Math-Instruct,56,True,19,3.984761953353882,-5.476078033447266
Math-Instruct,56,True,20,4.244759559631348,-4.459682941436768
Math-Instruct,56,True,21,5.314085483551025,-2.250584125518799
Math-Instruct,56,True,22,7.793376445770264,5.211993217468262
Math-Instruct,56,True,23,8.656360626220703,12.064081192016602
Math-Instruct,56,True,24,9.759302139282227,18.39474105834961
Math-Instruct,56,True,25,10.543131828308105,28.878734588623047
Math-Instruct,56,True,26,9.43094253540039,44.210575103759766
Math-Instruct,56,True,27,9.617620468139648,67.82723999023438
Math-Instruct,56,True,28,-1.341102957725525,3.239668846130371
Math-Instruct,57,True,0,-2.2752466201782227,-9.06641960144043
Math-Instruct,57,True,1,-2.101207733154297,-9.065909385681152
Math-Instruct,57,True,2,-1.9640980958938599,-8.9856595993042
Math-Instruct,57,True,3,-1.966789960861206,-8.969083786010742
Math-Instruct,57,True,4,-2.059600830078125,-8.629471778869629
Math-Instruct,57,True,5,-2.362636089324951,-8.795368194580078
Math-Instruct,57,True,6,-2.1367063522338867,-8.614593505859375
Math-Instruct,57,True,7,-2.0020642280578613,-8.64107608795166
Math-Instruct,57,True,8,-1.8643449544906616,-8.202071189880371
Math-Instruct,57,True,9,-2.1460509300231934,-8.383879661560059
Math-Instruct,57,True,10,-2.119793653488159,-8.456647872924805
Math-Instruct,57,True,11,-1.78815495967865,-8.542337417602539
Math-Instruct,57,True,12,-1.7312355041503906,-8.298884391784668
Math-Instruct,57,True,13,-1.4732369184494019,-8.339889526367188
Math-Instruct,57,True,14,-0.9613754749298096,-8.431035995483398
Math-Instruct,57,True,15,-1.2360601425170898,-8.334969520568848
Math-Instruct,57,True,16,-0.8359169960021973,-7.8168134689331055
Math-Instruct,57,True,17,-0.5502265095710754,-7.048371315002441
Math-Instruct,57,True,18,-0.069088414311409,-6.518498420715332
Math-Instruct,57,True,19,0.5544067025184631,-6.0239763259887695
Math-Instruct,57,True,20,0.5557510852813721,-5.0503082275390625
Math-Instruct,57,True,21,0.8759363889694214,-3.4309847354888916
Math-Instruct,57,True,22,1.6957416534423828,2.472625732421875
Math-Instruct,57,True,23,2.1853842735290527,8.416205406188965
Math-Instruct,57,True,24,1.86505925655365,14.912349700927734
Math-Instruct,57,True,25,1.9327117204666138,24.467939376831055
Math-Instruct,57,True,26,-0.09547513723373413,39.85297775268555
Math-Instruct,57,True,27,0.9086556434631348,63.143531799316406
Math-Instruct,57,True,28,-3.3987627029418945,1.0477319955825806
Math-Instruct,58,False,0,-2.279524087905884,-9.056319236755371
Math-Instruct,58,False,1,-2.394981622695923,-9.208379745483398
Math-Instruct,58,False,2,-2.2625722885131836,-9.153522491455078
Math-Instruct,58,False,3,-2.48793363571167,-9.053318977355957
Math-Instruct,58,False,4,-2.7351455688476562,-8.747130393981934
Math-Instruct,58,False,5,-2.700894355773926,-8.627843856811523
Math-Instruct,58,False,6,-2.6684837341308594,-8.440174102783203
Math-Instruct,58,False,7,-2.652477502822876,-8.56498908996582
Math-Instruct,58,False,8,-2.4531447887420654,-8.149079322814941
Math-Instruct,58,False,9,-2.502208709716797,-8.084461212158203
Math-Instruct,58,False,10,-2.6064395904541016,-8.263208389282227
Math-Instruct,58,False,11,-2.6021385192871094,-8.390254020690918
Math-Instruct,58,False,12,-2.344801425933838,-7.993286609649658
Math-Instruct,58,False,13,-1.9705209732055664,-8.131926536560059
Math-Instruct,58,False,14,-1.8442802429199219,-7.858497142791748
Math-Instruct,58,False,15,-1.7365243434906006,-8.038284301757812
Math-Instruct,58,False,16,-1.0859107971191406,-7.626645088195801
Math-Instruct,58,False,17,-0.9945154190063477,-6.688085556030273
Math-Instruct,58,False,18,-0.7461122870445251,-6.2472944259643555
Math-Instruct,58,False,19,-0.14660599827766418,-5.508974075317383
Math-Instruct,58,False,20,-0.4044208526611328,-4.454680442810059
Math-Instruct,58,False,21,-1.5469462871551514,-2.9173076152801514
Math-Instruct,58,False,22,-1.9968596696853638,3.3823633193969727
Math-Instruct,58,False,23,-1.1846230030059814,10.369403839111328
Math-Instruct,58,False,24,-1.1661624908447266,17.15481948852539
Math-Instruct,58,False,25,-1.6699154376983643,27.373027801513672
Math-Instruct,58,False,26,-3.949000835418701,44.299171447753906
Math-Instruct,58,False,27,-6.020355224609375,68.13538360595703
Math-Instruct,58,False,28,-5.351743698120117,2.731605291366577
Math-Instruct,59,True,0,-2.27056622505188,-9.064239501953125
Math-Instruct,59,True,1,-1.7462937831878662,-9.272266387939453
Math-Instruct,59,True,2,-1.3466761112213135,-9.332849502563477
Math-Instruct,59,True,3,-1.210881233215332,-9.396015167236328
Math-Instruct,59,True,4,-0.7780900001525879,-9.373763084411621
Math-Instruct,59,True,5,-0.17216451466083527,-9.306570053100586
Math-Instruct,59,True,6,-0.08844882249832153,-9.145516395568848
Math-Instruct,59,True,7,0.12878260016441345,-9.284732818603516
Math-Instruct,59,True,8,0.89306640625,-8.82271957397461
Math-Instruct,59,True,9,0.9860875606536865,-8.961915969848633
Math-Instruct,59,True,10,0.9980455636978149,-8.960098266601562
Math-Instruct,59,True,11,1.6438589096069336,-8.963125228881836
Math-Instruct,59,True,12,2.6633152961730957,-9.050027847290039
Math-Instruct,59,True,13,2.7298879623413086,-9.092283248901367
Math-Instruct,59,True,14,3.178255319595337,-8.579937934875488
Math-Instruct,59,True,15,3.0292911529541016,-8.713951110839844
Math-Instruct,59,True,16,4.080279350280762,-8.253047943115234
Math-Instruct,59,True,17,4.843914031982422,-7.827255725860596
Math-Instruct,59,True,18,5.367123603820801,-7.358420372009277
Math-Instruct,59,True,19,6.943269729614258,-6.527946949005127
Math-Instruct,59,True,20,7.423903465270996,-5.549396991729736
Math-Instruct,59,True,21,9.75467300415039,-4.252597808837891
Math-Instruct,59,True,22,12.889450073242188,1.6761329174041748
Math-Instruct,59,True,23,14.397749900817871,8.048054695129395
Math-Instruct,59,True,24,15.529526710510254,14.214822769165039
Math-Instruct,59,True,25,17.749486923217773,23.94896125793457
Math-Instruct,59,True,26,16.4102783203125,38.153839111328125
Math-Instruct,59,True,27,15.456122398376465,60.663482666015625
Math-Instruct,59,True,28,0.37737247347831726,1.4223932027816772
Math-Instruct,60,True,0,-2.265334129333496,-9.065792083740234
Math-Instruct,60,True,1,-1.7542684078216553,-9.257662773132324
Math-Instruct,60,True,2,-1.3742129802703857,-9.243522644042969
Math-Instruct,60,True,3,-1.2576889991760254,-9.286070823669434
Math-Instruct,60,True,4,-0.9625264406204224,-9.143407821655273
Math-Instruct,60,True,5,-0.6306743621826172,-9.076988220214844
Math-Instruct,60,True,6,-0.4769963026046753,-8.873245239257812
Math-Instruct,60,True,7,-0.24401870369911194,-9.038488388061523
Math-Instruct,60,True,8,-0.08222699910402298,-8.575302124023438
Math-Instruct,60,True,9,-0.1485067754983902,-8.90640640258789
Math-Instruct,60,True,10,-0.04371955618262291,-8.908418655395508
Math-Instruct,60,True,11,0.13588428497314453,-8.759023666381836
Math-Instruct,60,True,12,0.45850563049316406,-8.504814147949219
Math-Instruct,60,True,13,0.7279837131500244,-8.385626792907715
Math-Instruct,60,True,14,0.9448586106300354,-8.141864776611328
Math-Instruct,60,True,15,0.7946497201919556,-8.214265823364258
Math-Instruct,60,True,16,1.4931023120880127,-7.991459846496582
Math-Instruct,60,True,17,2.3494820594787598,-7.254741191864014
Math-Instruct,60,True,18,3.0399975776672363,-6.981768608093262
Math-Instruct,60,True,19,4.340012550354004,-6.300121307373047
Math-Instruct,60,True,20,4.358732223510742,-5.4518351554870605
Math-Instruct,60,True,21,6.305150032043457,-3.7063405513763428
Math-Instruct,60,True,22,8.849160194396973,2.4833321571350098
Math-Instruct,60,True,23,10.36813735961914,9.005194664001465
Math-Instruct,60,True,24,11.509916305541992,16.045408248901367
Math-Instruct,60,True,25,13.079695701599121,25.990478515625
Math-Instruct,60,True,26,12.781303405761719,43.077056884765625
Math-Instruct,60,True,27,13.908431053161621,65.38127899169922
Math-Instruct,60,True,28,0.562840461730957,1.7452119588851929
Math-Instruct,61,True,0,-2.2820229530334473,-9.052927017211914
Math-Instruct,61,True,1,-2.258848190307617,-9.130725860595703
Math-Instruct,61,True,2,-2.4891202449798584,-8.819664001464844
Math-Instruct,61,True,3,-2.7474417686462402,-8.679627418518066
Math-Instruct,61,True,4,-3.1858978271484375,-8.437549591064453
Math-Instruct,61,True,5,-3.498715877532959,-8.187652587890625
Math-Instruct,61,True,6,-3.629849672317505,-8.147838592529297
Math-Instruct,61,True,7,-3.9274234771728516,-8.127300262451172
Math-Instruct,61,True,8,-4.720437526702881,-7.554191589355469
Math-Instruct,61,True,9,-5.573495388031006,-7.902496337890625
Math-Instruct,61,True,10,-6.006399154663086,-7.9505791664123535
Math-Instruct,61,True,11,-7.283443450927734,-7.829247951507568
Math-Instruct,61,True,12,-7.600800514221191,-7.692042350769043
Math-Instruct,61,True,13,-7.25625467300415,-7.839703559875488
Math-Instruct,61,True,14,-8.169720649719238,-7.28868293762207
Math-Instruct,61,True,15,-9.514772415161133,-7.500934600830078
Math-Instruct,61,True,16,-10.736491203308105,-7.2871503829956055
Math-Instruct,61,True,17,-9.892730712890625,-5.680166244506836
Math-Instruct,61,True,18,-10.815235137939453,-5.237807273864746
Math-Instruct,61,True,19,-10.966743469238281,-3.829010009765625
Math-Instruct,61,True,20,-12.24754810333252,-2.8880019187927246
Math-Instruct,61,True,21,-12.970664978027344,-0.6028658151626587
Math-Instruct,61,True,22,-13.330292701721191,5.940799236297607
Math-Instruct,61,True,23,-13.838018417358398,13.933660507202148
Math-Instruct,61,True,24,-15.221482276916504,20.50076675415039
Math-Instruct,61,True,25,-18.192035675048828,31.695085525512695
Math-Instruct,61,True,26,-20.66718292236328,49.93524932861328
Math-Instruct,61,True,27,-22.14073944091797,73.87446594238281
Math-Instruct,61,True,28,-8.774532318115234,3.9956891536712646
Math-Instruct,62,False,0,-2.2834279537200928,-9.066015243530273
Math-Instruct,62,False,1,-2.4717483520507812,-9.114507675170898
Math-Instruct,62,False,2,-2.4155774116516113,-9.047304153442383
Math-Instruct,62,False,3,-2.7126541137695312,-8.967127799987793
Math-Instruct,62,False,4,-3.0361430644989014,-8.761369705200195
Math-Instruct,62,False,5,-3.679398536682129,-8.7684965133667
Math-Instruct,62,False,6,-3.73348069190979,-8.596857070922852
Math-Instruct,62,False,7,-3.502480983734131,-8.52507209777832
Math-Instruct,62,False,8,-4.194647312164307,-8.27853012084961
Math-Instruct,62,False,9,-4.458770751953125,-8.327008247375488
Math-Instruct,62,False,10,-4.63157320022583,-8.344252586364746
Math-Instruct,62,False,11,-5.1640944480896,-8.451997756958008
Math-Instruct,62,False,12,-5.322610855102539,-8.485394477844238
Math-Instruct,62,False,13,-5.248655319213867,-8.03466796875
Math-Instruct,62,False,14,-5.524789810180664,-8.201252937316895
Math-Instruct,62,False,15,-5.87286376953125,-8.06100845336914
Math-Instruct,62,False,16,-6.197357654571533,-7.816426753997803
Math-Instruct,62,False,17,-6.6796112060546875,-6.9624409675598145
Math-Instruct,62,False,18,-6.944307804107666,-6.682888984680176
Math-Instruct,62,False,19,-7.141641616821289,-6.383704662322998
Math-Instruct,62,False,20,-7.666192531585693,-5.184926509857178
Math-Instruct,62,False,21,-10.837713241577148,-4.390121936798096
Math-Instruct,62,False,22,-12.750633239746094,0.35608699917793274
Math-Instruct,62,False,23,-13.252830505371094,6.340349197387695
Math-Instruct,62,False,24,-13.764898300170898,11.443745613098145
Math-Instruct,62,False,25,-16.37946319580078,20.242462158203125
Math-Instruct,62,False,26,-18.01786994934082,29.58196258544922
Math-Instruct,62,False,27,-17.31114959716797,46.31779098510742
Math-Instruct,62,False,28,-7.3365631103515625,-0.20277869701385498
Math-Instruct,63,True,0,-2.2768540382385254,-9.061197280883789
Math-Instruct,63,True,1,-2.1719377040863037,-9.188605308532715
Math-Instruct,63,True,2,-1.9565858840942383,-9.029455184936523
Math-Instruct,63,True,3,-2.14469838142395,-9.071660995483398
Math-Instruct,63,True,4,-2.204620361328125,-8.760634422302246
Math-Instruct,63,True,5,-2.1435484886169434,-8.755494117736816
Math-Instruct,63,True,6,-2.0917937755584717,-8.604040145874023
Math-Instruct,63,True,7,-1.814616084098816,-8.60183048248291
Math-Instruct,63,True,8,-1.4742337465286255,-8.181766510009766
Math-Instruct,63,True,9,-1.8538929224014282,-8.194961547851562
Math-Instruct,63,True,10,-1.8845446109771729,-8.396024703979492
Math-Instruct,63,True,11,-1.8214919567108154,-8.1842041015625
Math-Instruct,63,True,12,-1.781623125076294,-7.9381184577941895
Math-Instruct,63,True,13,-1.8589119911193848,-7.728140354156494
Math-Instruct,63,True,14,-1.3539245128631592,-7.674736022949219
Math-Instruct,63,True,15,-1.2950494289398193,-7.323458671569824
Math-Instruct,63,True,16,-0.7925606966018677,-7.05116081237793
Math-Instruct,63,True,17,-0.5293984413146973,-6.048370361328125
Math-Instruct,63,True,18,-0.06614871323108673,-5.543257713317871
Math-Instruct,63,True,19,0.7500094175338745,-5.015623092651367
Math-Instruct,63,True,20,0.4403396546840668,-3.539412498474121
Math-Instruct,63,True,21,-0.0269148051738739,-1.0778626203536987
Math-Instruct,63,True,22,0.08598911762237549,4.7773756980896
Math-Instruct,63,True,23,0.24199557304382324,12.173015594482422
Math-Instruct,63,True,24,-0.3470710515975952,19.118423461914062
Math-Instruct,63,True,25,0.16386187076568604,30.56827163696289
Math-Instruct,63,True,26,-0.9262117147445679,47.72654342651367
Math-Instruct,63,True,27,-1.2610524892807007,72.11077117919922
Math-Instruct,63,True,28,-3.6329126358032227,3.4139437675476074
Math-Instruct,64,True,0,-2.2705588340759277,-9.062578201293945
Math-Instruct,64,True,1,-2.1783647537231445,-9.129759788513184
Math-Instruct,64,True,2,-1.8800947666168213,-9.133367538452148
Math-Instruct,64,True,3,-1.963667392730713,-9.163736343383789
Math-Instruct,64,True,4,-1.7192063331604004,-8.732747077941895
Math-Instruct,64,True,5,-1.7934120893478394,-8.745606422424316
Math-Instruct,64,True,6,-1.7403221130371094,-8.205484390258789
Math-Instruct,64,True,7,-1.2934753894805908,-8.478538513183594
Math-Instruct,64,True,8,-1.3466825485229492,-7.9911651611328125
Math-Instruct,64,True,9,-1.3511335849761963,-8.035758972167969
Math-Instruct,64,True,10,-1.161110520362854,-8.074277877807617
Math-Instruct,64,True,11,-0.8919696807861328,-8.609146118164062
Math-Instruct,64,True,12,-0.5624920129776001,-8.198516845703125
Math-Instruct,64,True,13,-0.49214810132980347,-7.997982978820801
Math-Instruct,64,True,14,-0.12193506211042404,-7.805653095245361
Math-Instruct,64,True,15,0.170667365193367,-7.6869916915893555
Math-Instruct,64,True,16,1.0757269859313965,-7.663315773010254
Math-Instruct,64,True,17,1.916969895362854,-7.237475395202637
Math-Instruct,64,True,18,1.9822591543197632,-6.802027702331543
Math-Instruct,64,True,19,3.0851287841796875,-5.997199058532715
Math-Instruct,64,True,20,2.758652448654175,-4.658123970031738
Math-Instruct,64,True,21,2.785421371459961,-2.875356674194336
Math-Instruct,64,True,22,3.476109743118286,2.8396427631378174
Math-Instruct,64,True,23,4.087761878967285,9.909753799438477
Math-Instruct,64,True,24,5.227532386779785,14.945759773254395
Math-Instruct,64,True,25,5.6826558113098145,25.06003761291504
Math-Instruct,64,True,26,5.085192680358887,38.89350891113281
Math-Instruct,64,True,27,6.380616664886475,63.47629165649414
Math-Instruct,64,True,28,-2.8917582035064697,1.5162272453308105
Math-Instruct,65,False,0,-2.296754837036133,-9.054258346557617
Math-Instruct,65,False,1,-2.677304267883301,-9.264215469360352
Math-Instruct,65,False,2,-2.802060604095459,-8.785785675048828
Math-Instruct,65,False,3,-3.2969560623168945,-8.873722076416016
Math-Instruct,65,False,4,-3.665999174118042,-8.604199409484863
Math-Instruct,65,False,5,-3.8187456130981445,-8.402488708496094
Math-Instruct,65,False,6,-4.049945831298828,-8.15521240234375
Math-Instruct,65,False,7,-4.598976135253906,-8.135238647460938
Math-Instruct,65,False,8,-4.903607368469238,-7.708842754364014
Math-Instruct,65,False,9,-5.730772018432617,-8.410972595214844
Math-Instruct,65,False,10,-6.5204925537109375,-8.3740816116333
Math-Instruct,65,False,11,-6.028446674346924,-8.48678970336914
Math-Instruct,65,False,12,-6.4082865715026855,-7.947969436645508
Math-Instruct,65,False,13,-7.323017597198486,-7.367521286010742
Math-Instruct,65,False,14,-8.71806526184082,-7.613542556762695
Math-Instruct,65,False,15,-9.8117094039917,-7.5578837394714355
Math-Instruct,65,False,16,-13.104517936706543,-7.927268981933594
Math-Instruct,65,False,17,-12.370193481445312,-6.515847206115723
Math-Instruct,65,False,18,-13.555243492126465,-5.975063323974609
Math-Instruct,65,False,19,-15.08822250366211,-4.836507320404053
Math-Instruct,65,False,20,-16.511547088623047,-4.794551849365234
Math-Instruct,65,False,21,-17.269969940185547,-2.9655988216400146
Math-Instruct,65,False,22,-18.34872055053711,0.948765754699707
Math-Instruct,65,False,23,-19.916797637939453,7.852449893951416
Math-Instruct,65,False,24,-22.585254669189453,13.889421463012695
Math-Instruct,65,False,25,-25.083791732788086,24.389850616455078
Math-Instruct,65,False,26,-31.094074249267578,47.20640182495117
Math-Instruct,65,False,27,-36.082557678222656,75.70958709716797
Math-Instruct,65,False,28,-11.471765518188477,5.035340309143066
Math-Instruct,66,True,0,-2.2642383575439453,-9.068632125854492
Math-Instruct,66,True,1,-1.7992026805877686,-9.264445304870605
Math-Instruct,66,True,2,-1.273205041885376,-9.253657341003418
Math-Instruct,66,True,3,-1.1413397789001465,-9.459720611572266
Math-Instruct,66,True,4,-0.7884231805801392,-9.415712356567383
Math-Instruct,66,True,5,-0.5317541360855103,-9.534769058227539
Math-Instruct,66,True,6,-0.5214690566062927,-9.29777717590332
Math-Instruct,66,True,7,-0.42300593852996826,-9.549333572387695
Math-Instruct,66,True,8,-0.14706438779830933,-8.996118545532227
Math-Instruct,66,True,9,-0.2495630532503128,-9.104835510253906
Math-Instruct,66,True,10,-0.027655601501464844,-9.003812789916992
Math-Instruct,66,True,11,0.11732542514801025,-9.015308380126953
Math-Instruct,66,True,12,0.5582419633865356,-8.641769409179688
Math-Instruct,66,True,13,0.7402167916297913,-8.187896728515625
Math-Instruct,66,True,14,1.0856411457061768,-8.034083366394043
Math-Instruct,66,True,15,1.1820939779281616,-8.114814758300781
Math-Instruct,66,True,16,2.206827402114868,-7.815289497375488
Math-Instruct,66,True,17,3.512788772583008,-7.551405906677246
Math-Instruct,66,True,18,3.941506862640381,-7.409200191497803
Math-Instruct,66,True,19,5.1333465576171875,-6.538557052612305
Math-Instruct,66,True,20,5.207070350646973,-5.2810187339782715
Math-Instruct,66,True,21,7.927042007446289,-3.7874794006347656
Math-Instruct,66,True,22,10.45785903930664,1.2951483726501465
Math-Instruct,66,True,23,12.080867767333984,7.718129634857178
Math-Instruct,66,True,24,13.461627960205078,13.85898208618164
Math-Instruct,66,True,25,15.627387046813965,23.43739128112793
Math-Instruct,66,True,26,14.508152961730957,38.27676773071289
Math-Instruct,66,True,27,16.228878021240234,58.90840148925781
Math-Instruct,66,True,28,1.4782708883285522,0.09815025329589844
Math-Instruct,67,True,0,-2.2661824226379395,-9.06727123260498
Math-Instruct,67,True,1,-1.7446014881134033,-9.270062446594238
Math-Instruct,67,True,2,-1.4757508039474487,-9.280801773071289
Math-Instruct,67,True,3,-1.3316783905029297,-9.248308181762695
Math-Instruct,67,True,4,-1.1296614408493042,-9.241776466369629
Math-Instruct,67,True,5,-0.9194268584251404,-9.241096496582031
Math-Instruct,67,True,6,-0.8620632290840149,-9.087264060974121
Math-Instruct,67,True,7,-0.3650328516960144,-9.242976188659668
Math-Instruct,67,True,8,0.20415422320365906,-8.733563423156738
Math-Instruct,67,True,9,0.4584870934486389,-9.08254623413086
Math-Instruct,67,True,10,0.75431889295578,-9.09071159362793
Math-Instruct,67,True,11,1.235741138458252,-8.954904556274414
Math-Instruct,67,True,12,1.8965888023376465,-9.04155158996582
Math-Instruct,67,True,13,2.0833542346954346,-8.7489595413208
Math-Instruct,67,True,14,2.6278491020202637,-8.378992080688477
Math-Instruct,67,True,15,2.8310635089874268,-8.511180877685547
Math-Instruct,67,True,16,4.150472640991211,-8.309974670410156
Math-Instruct,67,True,17,4.866926193237305,-7.718756675720215
Math-Instruct,67,True,18,5.472612380981445,-7.132136344909668
Math-Instruct,67,True,19,7.570099830627441,-6.7347612380981445
Math-Instruct,67,True,20,7.550093650817871,-5.68299674987793
Math-Instruct,67,True,21,9.697382926940918,-3.9647741317749023
Math-Instruct,67,True,22,12.161820411682129,2.3669273853302
Math-Instruct,67,True,23,13.140000343322754,8.856721878051758
Math-Instruct,67,True,24,13.999141693115234,15.660680770874023
Math-Instruct,67,True,25,15.114044189453125,25.353103637695312
Math-Instruct,67,True,26,15.253610610961914,41.568992614746094
Math-Instruct,67,True,27,16.630512237548828,66.15823364257812
Math-Instruct,67,True,28,0.4268774688243866,2.407078266143799
Math-Instruct,68,True,0,-2.2669196128845215,-9.069839477539062
Math-Instruct,68,True,1,-1.674891710281372,-9.238200187683105
Math-Instruct,68,True,2,-1.2494909763336182,-9.214139938354492
Math-Instruct,68,True,3,-0.9716338515281677,-9.183467864990234
Math-Instruct,68,True,4,-0.6010452508926392,-9.086666107177734
Math-Instruct,68,True,5,-0.37189197540283203,-9.105024337768555
Math-Instruct,68,True,6,-0.2660523056983948,-8.937167167663574
Math-Instruct,68,True,7,0.08930310606956482,-9.126626014709473
Math-Instruct,68,True,8,0.7098488807678223,-8.71975040435791
Math-Instruct,68,True,9,0.8543804883956909,-9.035918235778809
Math-Instruct,68,True,10,1.213731288909912,-8.861495971679688
Math-Instruct,68,True,11,1.9156501293182373,-8.657148361206055
Math-Instruct,68,True,12,2.536816120147705,-8.520662307739258
Math-Instruct,68,True,13,2.6736927032470703,-8.450949668884277
Math-Instruct,68,True,14,3.166579246520996,-8.084158897399902
Math-Instruct,68,True,15,3.147676944732666,-7.905836582183838
Math-Instruct,68,True,16,4.55575704574585,-7.734847068786621
Math-Instruct,68,True,17,5.573358535766602,-6.975192546844482
Math-Instruct,68,True,18,5.7820000648498535,-6.464563369750977
Math-Instruct,68,True,19,7.646015644073486,-5.430253028869629
Math-Instruct,68,True,20,8.285001754760742,-4.712433338165283
Math-Instruct,68,True,21,11.693488121032715,-2.7205405235290527
Math-Instruct,68,True,22,15.587265014648438,3.557001829147339
Math-Instruct,68,True,23,17.045591354370117,10.711337089538574
Math-Instruct,68,True,24,18.07778549194336,17.576662063598633
Math-Instruct,68,True,25,19.099782943725586,27.471576690673828
Math-Instruct,68,True,26,17.80585289001465,44.393829345703125
Math-Instruct,68,True,27,18.80478286743164,68.50819396972656
Math-Instruct,68,True,28,2.0690646171569824,2.5677945613861084
Math-Instruct,69,True,0,-2.271519184112549,-9.063314437866211
Math-Instruct,69,True,1,-2.106940984725952,-9.105101585388184
Math-Instruct,69,True,2,-1.8495086431503296,-9.021952629089355
Math-Instruct,69,True,3,-1.6658579111099243,-9.066929817199707
Math-Instruct,69,True,4,-1.5045071840286255,-8.942306518554688
Math-Instruct,69,True,5,-1.5336601734161377,-8.762504577636719
Math-Instruct,69,True,6,-1.317184567451477,-8.579107284545898
Math-Instruct,69,True,7,-0.9179718494415283,-8.911043167114258
Math-Instruct,69,True,8,-0.6785086393356323,-8.631546020507812
Math-Instruct,69,True,9,-0.7206741571426392,-8.730609893798828
Math-Instruct,69,True,10,-0.6765363812446594,-8.629833221435547
Math-Instruct,69,True,11,-0.5040125846862793,-8.44532585144043
Math-Instruct,69,True,12,-0.29859596490859985,-8.571207046508789
Math-Instruct,69,True,13,-0.038007356226444244,-8.383874893188477
Math-Instruct,69,True,14,0.43442150950431824,-8.239225387573242
Math-Instruct,69,True,15,0.06631125509738922,-8.15151596069336
Math-Instruct,69,True,16,1.190590500831604,-7.6372880935668945
Math-Instruct,69,True,17,1.981720209121704,-6.611191749572754
Math-Instruct,69,True,18,2.9626142978668213,-6.094863414764404
Math-Instruct,69,True,19,4.318600654602051,-5.500816345214844
Math-Instruct,69,True,20,4.498931407928467,-4.35952091217041
Math-Instruct,69,True,21,4.377457618713379,-2.1722843647003174
Math-Instruct,69,True,22,5.983452796936035,4.684892654418945
Math-Instruct,69,True,23,7.897576332092285,11.750060081481934
Math-Instruct,69,True,24,9.343730926513672,18.32548713684082
Math-Instruct,69,True,25,10.94619369506836,29.322498321533203
Math-Instruct,69,True,26,10.896930694580078,46.00092697143555
Math-Instruct,69,True,27,10.889997482299805,72.51988220214844
Math-Instruct,69,True,28,-1.3141751289367676,3.110568046569824
Math-Instruct,70,True,0,-2.268429756164551,-9.059703826904297
Math-Instruct,70,True,1,-2.0783796310424805,-9.166952133178711
Math-Instruct,70,True,2,-1.7907071113586426,-9.1142578125
Math-Instruct,70,True,3,-1.536062479019165,-9.20008373260498
Math-Instruct,70,True,4,-1.308737874031067,-8.987558364868164
Math-Instruct,70,True,5,-1.2200394868850708,-8.884675979614258
Math-Instruct,70,True,6,-1.1566627025604248,-8.684284210205078
Math-Instruct,70,True,7,-1.0117440223693848,-8.657693862915039
Math-Instruct,70,True,8,-0.6324100494384766,-8.077096939086914
Math-Instruct,70,True,9,-0.5669780969619751,-8.403249740600586
Math-Instruct,70,True,10,-0.1533988118171692,-8.532039642333984
Math-Instruct,70,True,11,0.4453567862510681,-8.641058921813965
Math-Instruct,70,True,12,0.9354972243309021,-8.240310668945312
Math-Instruct,70,True,13,1.0248663425445557,-7.970709800720215
Math-Instruct,70,True,14,1.2385408878326416,-7.849410057067871
Math-Instruct,70,True,15,1.1760039329528809,-7.78958797454834
Math-Instruct,70,True,16,2.073777914047241,-7.580153465270996
Math-Instruct,70,True,17,2.6725387573242188,-6.907594203948975
Math-Instruct,70,True,18,2.924041271209717,-6.450771808624268
Math-Instruct,70,True,19,4.244067668914795,-5.511424541473389
Math-Instruct,70,True,20,4.180595397949219,-4.661489963531494
Math-Instruct,70,True,21,6.184580326080322,-2.428149700164795
Math-Instruct,70,True,22,8.62709903717041,4.015538215637207
Math-Instruct,70,True,23,10.08381462097168,11.02657699584961
Math-Instruct,70,True,24,11.333317756652832,16.941226959228516
Math-Instruct,70,True,25,13.38693904876709,27.84143829345703
Math-Instruct,70,True,26,12.467777252197266,44.04863739013672
Math-Instruct,70,True,27,11.918436050415039,66.87373352050781
Math-Instruct,70,True,28,-0.3577558398246765,2.541696548461914
Math-Instruct,71,True,0,-2.267993927001953,-9.067689895629883
Math-Instruct,71,True,1,-1.8079394102096558,-9.095685958862305
Math-Instruct,71,True,2,-1.4884436130523682,-9.089031219482422
Math-Instruct,71,True,3,-1.4068092107772827,-9.114052772521973
Math-Instruct,71,True,4,-1.2197611331939697,-9.06856918334961
Math-Instruct,71,True,5,-1.083840250968933,-9.075057983398438
Math-Instruct,71,True,6,-1.1068122386932373,-8.94723892211914
Math-Instruct,71,True,7,-0.9508989453315735,-9.107427597045898
Math-Instruct,71,True,8,-0.6110063791275024,-8.654367446899414
Math-Instruct,71,True,9,-0.6801513433456421,-8.69542121887207
Math-Instruct,71,True,10,-0.4634583592414856,-8.734729766845703
Math-Instruct,71,True,11,-0.4189321994781494,-8.550590515136719
Math-Instruct,71,True,12,-0.04635554552078247,-8.66696548461914
Math-Instruct,71,True,13,0.17083682119846344,-8.370336532592773
Math-Instruct,71,True,14,0.7519455552101135,-8.075551986694336
Math-Instruct,71,True,15,0.8944582939147949,-8.191631317138672
Math-Instruct,71,True,16,2.134815216064453,-7.975395202636719
Math-Instruct,71,True,17,2.5309572219848633,-7.322291374206543
Math-Instruct,71,True,18,3.070605516433716,-6.8043317794799805
Math-Instruct,71,True,19,4.869737148284912,-6.099661827087402
Math-Instruct,71,True,20,4.864919185638428,-5.261396408081055
Math-Instruct,71,True,21,6.155948638916016,-3.5101261138916016
Math-Instruct,71,True,22,8.520561218261719,1.9954434633255005
Math-Instruct,71,True,23,10.06905746459961,9.196934700012207
Math-Instruct,71,True,24,11.1677827835083,15.441246032714844
Math-Instruct,71,True,25,12.485149383544922,24.899150848388672
Math-Instruct,71,True,26,11.726058959960938,38.67731475830078
Math-Instruct,71,True,27,12.274589538574219,61.171504974365234
Math-Instruct,71,True,28,-0.19474197924137115,1.5492452383041382
Math-Instruct,72,True,0,-2.263737916946411,-9.055994987487793
Math-Instruct,72,True,1,-1.7979025840759277,-9.283705711364746
Math-Instruct,72,True,2,-1.1992197036743164,-9.304314613342285
Math-Instruct,72,True,3,-1.095402479171753,-9.437097549438477
Math-Instruct,72,True,4,-0.558508038520813,-9.313699722290039
Math-Instruct,72,True,5,-0.2961288094520569,-9.23281192779541
Math-Instruct,72,True,6,-0.20900990068912506,-9.020879745483398
Math-Instruct,72,True,7,0.07825908809900284,-9.036116600036621
Math-Instruct,72,True,8,0.19541549682617188,-8.621026992797852
Math-Instruct,72,True,9,0.22541819512844086,-8.613239288330078
Math-Instruct,72,True,10,0.24818992614746094,-8.600152969360352
Math-Instruct,72,True,11,0.9220778942108154,-8.57876968383789
Math-Instruct,72,True,12,1.953596830368042,-8.60970687866211
Math-Instruct,72,True,13,2.0382742881774902,-8.463220596313477
Math-Instruct,72,True,14,2.238672971725464,-8.147364616394043
Math-Instruct,72,True,15,2.4410746097564697,-8.174261093139648
Math-Instruct,72,True,16,3.505558967590332,-7.867417335510254
Math-Instruct,72,True,17,4.306089401245117,-6.809377670288086
Math-Instruct,72,True,18,4.531332969665527,-6.767894268035889
Math-Instruct,72,True,19,6.328489303588867,-5.877565383911133
Math-Instruct,72,True,20,6.366456031799316,-4.624192714691162
Math-Instruct,72,True,21,7.690668106079102,-2.526425361633301
Math-Instruct,72,True,22,9.316226959228516,4.795958042144775
Math-Instruct,72,True,23,10.41195011138916,12.443380355834961
Math-Instruct,72,True,24,11.285909652709961,19.79943084716797
Math-Instruct,72,True,25,13.084049224853516,30.950037002563477
Math-Instruct,72,True,26,12.047632217407227,48.419097900390625
Math-Instruct,72,True,27,10.817066192626953,72.52001953125
Math-Instruct,72,True,28,-0.867280900478363,2.752960205078125
Math-Instruct,73,True,0,-2.2749576568603516,-9.05797290802002
Math-Instruct,73,True,1,-2.115640163421631,-9.271730422973633
Math-Instruct,73,True,2,-1.8016964197158813,-9.21896743774414
Math-Instruct,73,True,3,-1.7362593412399292,-9.218179702758789
Math-Instruct,73,True,4,-1.528078556060791,-8.99420166015625
Math-Instruct,73,True,5,-1.284791111946106,-8.995153427124023
Math-Instruct,73,True,6,-1.288313627243042,-8.90864086151123
Math-Instruct,73,True,7,-1.3173673152923584,-8.833446502685547
Math-Instruct,73,True,8,-1.456993579864502,-8.407184600830078
Math-Instruct,73,True,9,-1.4391416311264038,-8.22677230834961
Math-Instruct,73,True,10,-1.583453893661499,-8.340158462524414
Math-Instruct,73,True,11,-1.3389101028442383,-8.373533248901367
Math-Instruct,73,True,12,-1.4747262001037598,-8.207449913024902
Math-Instruct,73,True,13,-1.3481557369232178,-8.087974548339844
Math-Instruct,73,True,14,-0.9561007022857666,-7.631915092468262
Math-Instruct,73,True,15,-0.7857651710510254,-7.8217926025390625
Math-Instruct,73,True,16,-0.3877177834510803,-7.779082298278809
Math-Instruct,73,True,17,0.46591997146606445,-6.617309093475342
Math-Instruct,73,True,18,1.100548505783081,-6.246020317077637
Math-Instruct,73,True,19,2.1226954460144043,-5.513095855712891
Math-Instruct,73,True,20,2.2610726356506348,-4.381229877471924
Math-Instruct,73,True,21,1.8680098056793213,-2.451965808868408
Math-Instruct,73,True,22,2.529780387878418,4.118343353271484
Math-Instruct,73,True,23,3.285952091217041,11.504952430725098
Math-Instruct,73,True,24,2.6517491340637207,17.548892974853516
Math-Instruct,73,True,25,3.8640129566192627,28.189756393432617
Math-Instruct,73,True,26,2.2197041511535645,47.02897644042969
Math-Instruct,73,True,27,1.4497721195220947,72.55877685546875
Math-Instruct,73,True,28,-2.9659197330474854,3.4468319416046143
Math-Instruct,74,True,0,-2.275355815887451,-9.064332962036133
Math-Instruct,74,True,1,-2.1617207527160645,-9.241739273071289
Math-Instruct,74,True,2,-1.7679085731506348,-9.232963562011719
Math-Instruct,74,True,3,-2.0288712978363037,-9.120855331420898
Math-Instruct,74,True,4,-2.0302042961120605,-8.622163772583008
Math-Instruct,74,True,5,-1.9475955963134766,-8.942510604858398
Math-Instruct,74,True,6,-1.9995980262756348,-8.806768417358398
Math-Instruct,74,True,7,-1.7583057880401611,-8.42790412902832
Math-Instruct,74,True,8,-1.5711570978164673,-8.115777969360352
Math-Instruct,74,True,9,-1.7206945419311523,-8.039541244506836
Math-Instruct,74,True,10,-1.695866584777832,-8.08664608001709
Math-Instruct,74,True,11,-1.156779408454895,-8.022523880004883
Math-Instruct,74,True,12,-0.9706438779830933,-7.647274494171143
Math-Instruct,74,True,13,-0.9795641899108887,-7.422966957092285
Math-Instruct,74,True,14,-0.8931178450584412,-7.660701751708984
Math-Instruct,74,True,15,-0.8523366451263428,-7.404619216918945
Math-Instruct,74,True,16,-0.010879755020141602,-6.979828834533691
Math-Instruct,74,True,17,0.6362206935882568,-6.096825122833252
Math-Instruct,74,True,18,1.104058861732483,-5.387514114379883
Math-Instruct,74,True,19,2.2342052459716797,-5.580440998077393
Math-Instruct,74,True,20,1.750338077545166,-4.29746150970459
Math-Instruct,74,True,21,1.7119518518447876,-2.5840883255004883
Math-Instruct,74,True,22,2.793055534362793,4.2260942459106445
Math-Instruct,74,True,23,3.2632293701171875,11.583578109741211
Math-Instruct,74,True,24,3.280658721923828,17.921493530273438
Math-Instruct,74,True,25,3.9856133460998535,27.597606658935547
Math-Instruct,74,True,26,1.5684782266616821,44.007240295410156
Math-Instruct,74,True,27,2.627586603164673,67.6734848022461
Math-Instruct,74,True,28,-3.0069308280944824,2.8475492000579834
Math-Instruct,75,True,0,-2.271979808807373,-9.062907218933105
Math-Instruct,75,True,1,-2.3013551235198975,-9.03280258178711
Math-Instruct,75,True,2,-2.1675503253936768,-9.083711624145508
Math-Instruct,75,True,3,-2.357457160949707,-9.141818046569824
Math-Instruct,75,True,4,-2.4453210830688477,-8.972171783447266
Math-Instruct,75,True,5,-2.5414836406707764,-9.072288513183594
Math-Instruct,75,True,6,-2.621030807495117,-8.86418342590332
Math-Instruct,75,True,7,-2.543394088745117,-8.99661636352539
Math-Instruct,75,True,8,-2.619502067565918,-8.38514518737793
Math-Instruct,75,True,9,-2.6737327575683594,-8.53506088256836
Math-Instruct,75,True,10,-3.014789342880249,-8.514008522033691
Math-Instruct,75,True,11,-3.1504838466644287,-8.17646312713623
Math-Instruct,75,True,12,-3.1555111408233643,-8.328751564025879
Math-Instruct,75,True,13,-3.1318771839141846,-7.987179756164551
Math-Instruct,75,True,14,-3.2563443183898926,-7.835781097412109
Math-Instruct,75,True,15,-3.4666199684143066,-7.531362533569336
Math-Instruct,75,True,16,-3.446916103363037,-7.15889310836792
Math-Instruct,75,True,17,-3.0297017097473145,-6.466827392578125
Math-Instruct,75,True,18,-2.8488821983337402,-5.662222862243652
Math-Instruct,75,True,19,-2.6706159114837646,-5.050813674926758
Math-Instruct,75,True,20,-3.2188401222229004,-4.017648696899414
Math-Instruct,75,True,21,-2.503580093383789,-2.943300724029541
Math-Instruct,75,True,22,-2.4023842811584473,1.7990564107894897
Math-Instruct,75,True,23,-2.063624382019043,8.082099914550781
Math-Instruct,75,True,24,-1.3660879135131836,13.432422637939453
Math-Instruct,75,True,25,-1.4506447315216064,22.079042434692383
Math-Instruct,75,True,26,-1.676228404045105,35.333770751953125
Math-Instruct,75,True,27,-0.7606548070907593,54.140010833740234
Math-Instruct,75,True,28,-3.048718214035034,1.2731919288635254
Math-Instruct,76,False,0,-2.2721190452575684,-9.056300163269043
Math-Instruct,76,False,1,-2.1057024002075195,-9.262096405029297
Math-Instruct,76,False,2,-1.8429301977157593,-9.115959167480469
Math-Instruct,76,False,3,-1.8886055946350098,-9.17405891418457
Math-Instruct,76,False,4,-1.7006617784500122,-8.969001770019531
Math-Instruct,76,False,5,-1.836435079574585,-8.723570823669434
Math-Instruct,76,False,6,-1.7143199443817139,-8.690252304077148
Math-Instruct,76,False,7,-1.5177925825119019,-8.743438720703125
Math-Instruct,76,False,8,-1.4814846515655518,-8.185290336608887
Math-Instruct,76,False,9,-1.6622570753097534,-8.254230499267578
Math-Instruct,76,False,10,-1.6623566150665283,-8.280572891235352
Math-Instruct,76,False,11,-1.3599860668182373,-8.464649200439453
Math-Instruct,76,False,12,-1.412544846534729,-8.175220489501953
Math-Instruct,76,False,13,-1.4145644903182983,-7.860418796539307
Math-Instruct,76,False,14,-0.7534071803092957,-7.734167575836182
Math-Instruct,76,False,15,-0.6753280162811279,-7.658600807189941
Math-Instruct,76,False,16,-0.16886332631111145,-7.523348331451416
Math-Instruct,76,False,17,0.3036724627017975,-6.571503639221191
Math-Instruct,76,False,18,0.11821077764034271,-5.882589817047119
Math-Instruct,76,False,19,0.9770987033843994,-4.922332286834717
Math-Instruct,76,False,20,0.7351461052894592,-3.8217976093292236
Math-Instruct,76,False,21,0.5840547680854797,-1.6529651880264282
Math-Instruct,76,False,22,0.9829720258712769,4.946521282196045
Math-Instruct,76,False,23,1.3793624639511108,12.403654098510742
Math-Instruct,76,False,24,2.1380724906921387,19.4833984375
Math-Instruct,76,False,25,2.705021619796753,30.584529876708984
Math-Instruct,76,False,26,1.4324612617492676,47.182281494140625
Math-Instruct,76,False,27,1.535384178161621,70.64234161376953
Math-Instruct,76,False,28,-3.4852099418640137,3.6068501472473145
Math-Instruct,77,True,0,-2.2702274322509766,-9.060415267944336
Math-Instruct,77,True,1,-2.048969030380249,-9.114400863647461
Math-Instruct,77,True,2,-1.8610403537750244,-9.048583984375
Math-Instruct,77,True,3,-1.6906018257141113,-9.258291244506836
Math-Instruct,77,True,4,-1.5841093063354492,-8.894136428833008
Math-Instruct,77,True,5,-1.7195817232131958,-8.876855850219727
Math-Instruct,77,True,6,-1.5180095434188843,-8.652040481567383
Math-Instruct,77,True,7,-1.043532133102417,-8.873929023742676
Math-Instruct,77,True,8,-1.0064291954040527,-8.32603645324707
Math-Instruct,77,True,9,-1.1141033172607422,-8.50738525390625
Math-Instruct,77,True,10,-0.8786215782165527,-8.380081176757812
Math-Instruct,77,True,11,-0.3766826093196869,-8.195974349975586
Math-Instruct,77,True,12,-0.07759463042020798,-8.264236450195312
Math-Instruct,77,True,13,-0.09915716201066971,-7.938600063323975
Math-Instruct,77,True,14,0.6906332969665527,-7.8535475730896
Math-Instruct,77,True,15,0.6826213598251343,-7.716001987457275
Math-Instruct,77,True,16,1.5091605186462402,-7.294532775878906
Math-Instruct,77,True,17,1.856044054031372,-6.496194839477539
Math-Instruct,77,True,18,2.4213528633117676,-6.267049312591553
Math-Instruct,77,True,19,3.840190887451172,-5.343459606170654
Math-Instruct,77,True,20,3.168828010559082,-4.321667671203613
Math-Instruct,77,True,21,5.326345443725586,-2.249013900756836
Math-Instruct,77,True,22,6.937541484832764,3.7255592346191406
Math-Instruct,77,True,23,7.2317214012146,10.517617225646973
Math-Instruct,77,True,24,8.445079803466797,17.464099884033203
Math-Instruct,77,True,25,9.532454490661621,27.273616790771484
Math-Instruct,77,True,26,9.38052749633789,42.95252227783203
Math-Instruct,77,True,27,9.497297286987305,66.9639892578125
Math-Instruct,77,True,28,-1.510482668876648,2.76497745513916
Math-Instruct,78,True,0,-2.273861885070801,-9.067403793334961
Math-Instruct,78,True,1,-1.9225581884384155,-9.04353141784668
Math-Instruct,78,True,2,-1.4770846366882324,-8.989076614379883
Math-Instruct,78,True,3,-1.436547875404358,-9.05466079711914
Math-Instruct,78,True,4,-1.1152985095977783,-8.914244651794434
Math-Instruct,78,True,5,-1.172149419784546,-8.874773025512695
Math-Instruct,78,True,6,-1.0067493915557861,-8.786134719848633
Math-Instruct,78,True,7,-0.5936176180839539,-8.823015213012695
Math-Instruct,78,True,8,-0.19646641612052917,-8.476350784301758
Math-Instruct,78,True,9,-0.34565404057502747,-8.893820762634277
Math-Instruct,78,True,10,-0.2992788255214691,-8.718914031982422
Math-Instruct,78,True,11,-0.016731232404708862,-8.668403625488281
Math-Instruct,78,True,12,0.2535073161125183,-8.368833541870117
Math-Instruct,78,True,13,0.19323286414146423,-7.908000946044922
Math-Instruct,78,True,14,0.2364427000284195,-7.8687286376953125
Math-Instruct,78,True,15,0.14251358807086945,-7.423120975494385
Math-Instruct,78,True,16,0.9368296265602112,-6.45041036605835
Math-Instruct,78,True,17,1.5039186477661133,-5.262867450714111
Math-Instruct,78,True,18,2.1418709754943848,-5.173521041870117
Math-Instruct,78,True,19,2.673872947692871,-4.601799964904785
Math-Instruct,78,True,20,2.919182538986206,-3.9864578247070312
Math-Instruct,78,True,21,3.7064757347106934,-1.5001733303070068
Math-Instruct,78,True,22,4.499270915985107,4.7321295738220215
Math-Instruct,78,True,23,5.534229278564453,12.403412818908691
Math-Instruct,78,True,24,5.8247270584106445,19.63860321044922
Math-Instruct,78,True,25,6.5859832763671875,30.17397689819336
Math-Instruct,78,True,26,4.716249465942383,48.3387336730957
Math-Instruct,78,True,27,5.545292377471924,72.70695495605469
Math-Instruct,78,True,28,-2.246058940887451,4.369210720062256
Math-Instruct,79,True,0,-2.2783939838409424,-9.057823181152344
Math-Instruct,79,True,1,-2.273416519165039,-9.12322998046875
Math-Instruct,79,True,2,-2.0430588722229004,-9.09209156036377
Math-Instruct,79,True,3,-2.1629366874694824,-9.046954154968262
Math-Instruct,79,True,4,-2.292041540145874,-8.724897384643555
Math-Instruct,79,True,5,-2.268373727798462,-8.704959869384766
Math-Instruct,79,True,6,-2.036163091659546,-8.663166999816895
Math-Instruct,79,True,7,-1.878617286682129,-8.829001426696777
Math-Instruct,79,True,8,-1.598767638206482,-8.443212509155273
Math-Instruct,79,True,9,-1.6609752178192139,-8.432039260864258
Math-Instruct,79,True,10,-1.6296684741973877,-8.427879333496094
Math-Instruct,79,True,11,-1.4969290494918823,-8.39973258972168
Math-Instruct,79,True,12,-0.815068244934082,-8.372498512268066
Math-Instruct,79,True,13,-0.3038037419319153,-8.339190483093262
Math-Instruct,79,True,14,0.06183382868766785,-7.906345844268799
Math-Instruct,79,True,15,0.2360067069530487,-8.136102676391602
Math-Instruct,79,True,16,1.1871705055236816,-8.338326454162598
Math-Instruct,79,True,17,1.8020015954971313,-7.346634864807129
Math-Instruct,79,True,18,2.535968065261841,-6.764880180358887
Math-Instruct,79,True,19,3.880291223526001,-5.736138820648193
Math-Instruct,79,True,20,4.242566108703613,-4.076078414916992
Math-Instruct,79,True,21,3.6347694396972656,-2.6064226627349854
Math-Instruct,79,True,22,4.323602199554443,5.424389839172363
Math-Instruct,79,True,23,5.760028839111328,12.598305702209473
Math-Instruct,79,True,24,6.789809226989746,18.836030960083008
Math-Instruct,79,True,25,7.972060680389404,28.187152862548828
Math-Instruct,79,True,26,7.0601935386657715,44.726192474365234
Math-Instruct,79,True,27,6.98512077331543,70.621337890625
Math-Instruct,79,True,28,-2.9051122665405273,3.769474983215332
Math-Instruct,80,True,0,-2.263653516769409,-9.053886413574219
Math-Instruct,80,True,1,-1.999337911605835,-9.22362995147705
Math-Instruct,80,True,2,-1.701333999633789,-9.109989166259766
Math-Instruct,80,True,3,-1.4216464757919312,-9.190254211425781
Math-Instruct,80,True,4,-1.1565284729003906,-9.040506362915039
Math-Instruct,80,True,5,-0.975834846496582,-8.95921802520752
Math-Instruct,80,True,6,-0.738930344581604,-8.764309883117676
Math-Instruct,80,True,7,-0.456778883934021,-8.82801628112793
Math-Instruct,80,True,8,-0.44351091980934143,-8.445435523986816
Math-Instruct,80,True,9,-0.43997469544410706,-8.68895149230957
Math-Instruct,80,True,10,-0.5756324529647827,-8.591870307922363
Math-Instruct,80,True,11,-0.5602995157241821,-8.53366470336914
Math-Instruct,80,True,12,-0.4710727334022522,-8.400554656982422
Math-Instruct,80,True,13,-0.23230159282684326,-8.056203842163086
Math-Instruct,80,True,14,-0.2726204991340637,-7.833168029785156
Math-Instruct,80,True,15,-0.20552140474319458,-7.828765392303467
Math-Instruct,80,True,16,0.35369718074798584,-7.349613189697266
Math-Instruct,80,True,17,0.987411618232727,-6.683505058288574
Math-Instruct,80,True,18,1.3498437404632568,-5.937492370605469
Math-Instruct,80,True,19,2.3945488929748535,-5.256953239440918
Math-Instruct,80,True,20,2.170577049255371,-4.3871259689331055
Math-Instruct,80,True,21,3.5257749557495117,-2.4102327823638916
Math-Instruct,80,True,22,5.176630020141602,3.8991079330444336
Math-Instruct,80,True,23,6.722146511077881,11.183820724487305
Math-Instruct,80,True,24,8.08349609375,17.302867889404297
Math-Instruct,80,True,25,9.359643936157227,27.50566864013672
Math-Instruct,80,True,26,9.273094177246094,46.03400802612305
Math-Instruct,80,True,27,9.814908027648926,70.59382629394531
Math-Instruct,80,True,28,-0.715040922164917,3.428985118865967
Math-Instruct,81,True,0,-2.2704312801361084,-9.065561294555664
Math-Instruct,81,True,1,-1.73517906665802,-9.18998908996582
Math-Instruct,81,True,2,-1.154556393623352,-9.206958770751953
Math-Instruct,81,True,3,-0.916061520576477,-9.293034553527832
Math-Instruct,81,True,4,-0.3974354863166809,-9.20425796508789
Math-Instruct,81,True,5,-0.2768358886241913,-9.358134269714355
Math-Instruct,81,True,6,-0.0893155187368393,-9.206851959228516
Math-Instruct,81,True,7,0.27596789598464966,-9.248029708862305
Math-Instruct,81,True,8,0.5084683895111084,-8.919147491455078
Math-Instruct,81,True,9,0.9584307670593262,-8.833992958068848
Math-Instruct,81,True,10,0.7776890993118286,-8.747880935668945
Math-Instruct,81,True,11,0.28223443031311035,-8.688789367675781
Math-Instruct,81,True,12,0.8191043734550476,-8.437633514404297
Math-Instruct,81,True,13,1.0842704772949219,-8.344408988952637
Math-Instruct,81,True,14,1.2083433866500854,-8.321857452392578
Math-Instruct,81,True,15,1.180117130279541,-8.227448463439941
Math-Instruct,81,True,16,1.7323280572891235,-7.519139766693115
Math-Instruct,81,True,17,2.3897435665130615,-7.055357456207275
Math-Instruct,81,True,18,2.5554494857788086,-6.633303642272949
Math-Instruct,81,True,19,3.5605924129486084,-6.302403450012207
Math-Instruct,81,True,20,3.714132308959961,-5.631842136383057
Math-Instruct,81,True,21,5.889739036560059,-3.7367258071899414
Math-Instruct,81,True,22,8.664015769958496,2.823974609375
Math-Instruct,81,True,23,10.342083930969238,9.091196060180664
Math-Instruct,81,True,24,11.364952087402344,14.754799842834473
Math-Instruct,81,True,25,12.690325736999512,25.7674617767334
Math-Instruct,81,True,26,11.919842720031738,40.85528564453125
Math-Instruct,81,True,27,12.01235580444336,64.23667907714844
Math-Instruct,81,True,28,-0.9059827923774719,1.7168939113616943
Math-Instruct,82,True,0,-2.2710225582122803,-9.065673828125
Math-Instruct,82,True,1,-2.0811610221862793,-9.070030212402344
Math-Instruct,82,True,2,-1.7351224422454834,-9.11043930053711
Math-Instruct,82,True,3,-1.489875316619873,-9.119154930114746
Math-Instruct,82,True,4,-0.9827600717544556,-9.133564949035645
Math-Instruct,82,True,5,-0.9865137338638306,-9.194896697998047
Math-Instruct,82,True,6,-0.9846295118331909,-8.915124893188477
Math-Instruct,82,True,7,-0.5523642301559448,-9.017391204833984
Math-Instruct,82,True,8,-0.22997626662254333,-8.673280715942383
Math-Instruct,82,True,9,-0.3072971701622009,-8.896455764770508
Math-Instruct,82,True,10,-0.19325761497020721,-8.82322883605957
Math-Instruct,82,True,11,0.4491109848022461,-8.761631965637207
Math-Instruct,82,True,12,1.0022399425506592,-9.080808639526367
Math-Instruct,82,True,13,1.1529723405838013,-8.862448692321777
Math-Instruct,82,True,14,1.550396203994751,-8.653655052185059
Math-Instruct,82,True,15,1.4937379360198975,-8.885417938232422
Math-Instruct,82,True,16,2.354445457458496,-8.427684783935547
Math-Instruct,82,True,17,2.8163564205169678,-7.661766529083252
Math-Instruct,82,True,18,3.4722821712493896,-7.258403301239014
Math-Instruct,82,True,19,5.081352233886719,-6.460379600524902
Math-Instruct,82,True,20,5.153604507446289,-5.470627307891846
Math-Instruct,82,True,21,6.357250213623047,-3.402604103088379
Math-Instruct,82,True,22,7.570790767669678,3.021608352661133
Math-Instruct,82,True,23,9.260394096374512,9.731897354125977
Math-Instruct,82,True,24,10.119714736938477,16.54055404663086
Math-Instruct,82,True,25,10.575071334838867,25.603294372558594
Math-Instruct,82,True,26,9.597692489624023,41.8050651550293
Math-Instruct,82,True,27,11.916999816894531,64.98220825195312
Math-Instruct,82,True,28,-0.7849130630493164,2.64709210395813
Math-Instruct,83,True,0,-2.264944076538086,-9.056224822998047
Math-Instruct,83,True,1,-1.6714792251586914,-9.327696800231934
Math-Instruct,83,True,2,-1.1098947525024414,-9.2975435256958
Math-Instruct,83,True,3,-0.8590567111968994,-9.3856840133667
Math-Instruct,83,True,4,-0.296174556016922,-9.299379348754883
Math-Instruct,83,True,5,0.14026406407356262,-9.291351318359375
Math-Instruct,83,True,6,0.15149615705013275,-9.081942558288574
Math-Instruct,83,True,7,0.380137175321579,-9.303738594055176
Math-Instruct,83,True,8,1.0470502376556396,-8.755230903625488
Math-Instruct,83,True,9,1.3784852027893066,-8.974214553833008
Math-Instruct,83,True,10,1.5561563968658447,-8.92697811126709
Math-Instruct,83,True,11,2.5279486179351807,-8.880086898803711
Math-Instruct,83,True,12,3.4242186546325684,-8.678333282470703
Math-Instruct,83,True,13,3.8438234329223633,-8.375262260437012
Math-Instruct,83,True,14,4.360587120056152,-7.918364524841309
Math-Instruct,83,True,15,4.338221073150635,-8.137935638427734
Math-Instruct,83,True,16,5.524430274963379,-7.7414116859436035
Math-Instruct,83,True,17,6.958489418029785,-6.87816047668457
Math-Instruct,83,True,18,7.226067543029785,-6.726616382598877
Math-Instruct,83,True,19,9.33897590637207,-5.742034912109375
Math-Instruct,83,True,20,9.187898635864258,-4.7153167724609375
Math-Instruct,83,True,21,11.657022476196289,-2.7279720306396484
Math-Instruct,83,True,22,15.51939582824707,4.432668209075928
Math-Instruct,83,True,23,17.237342834472656,11.046928405761719
Math-Instruct,83,True,24,18.45480728149414,17.627546310424805
Math-Instruct,83,True,25,21.123485565185547,28.304710388183594
Math-Instruct,83,True,26,20.75203514099121,43.70147705078125
Math-Instruct,83,True,27,21.265453338623047,66.72101593017578
Math-Instruct,83,True,28,1.782060146331787,3.069232940673828
Math-Instruct,84,True,0,-2.2665810585021973,-9.069864273071289
Math-Instruct,84,True,1,-2.0522937774658203,-9.077943801879883
Math-Instruct,84,True,2,-1.8125293254852295,-9.037155151367188
Math-Instruct,84,True,3,-1.5084038972854614,-9.185108184814453
Math-Instruct,84,True,4,-1.1843490600585938,-9.079423904418945
Math-Instruct,84,True,5,-1.0633759498596191,-9.063470840454102
Math-Instruct,84,True,6,-0.7530348300933838,-8.853179931640625
Math-Instruct,84,True,7,-0.5006104707717896,-8.843927383422852
Math-Instruct,84,True,8,-0.3840324282646179,-8.677306175231934
Math-Instruct,84,True,9,-0.436906635761261,-8.616865158081055
Math-Instruct,84,True,10,-0.37194472551345825,-8.674915313720703
Math-Instruct,84,True,11,0.024116814136505127,-8.502182006835938
Math-Instruct,84,True,12,0.4607066214084625,-8.455317497253418
Math-Instruct,84,True,13,0.6084432601928711,-8.255168914794922
Math-Instruct,84,True,14,0.879818320274353,-8.056604385375977
Math-Instruct,84,True,15,0.7805944681167603,-7.859560966491699
Math-Instruct,84,True,16,1.5293933153152466,-7.279384613037109
Math-Instruct,84,True,17,2.0990800857543945,-6.637273788452148
Math-Instruct,84,True,18,3.1996893882751465,-5.779780387878418
Math-Instruct,84,True,19,4.141859531402588,-5.2457146644592285
Math-Instruct,84,True,20,4.307629585266113,-4.499754428863525
Math-Instruct,84,True,21,5.799162864685059,-2.188232183456421
Math-Instruct,84,True,22,7.546043395996094,4.202779293060303
Math-Instruct,84,True,23,8.8026123046875,11.27858829498291
Math-Instruct,84,True,24,9.50848388671875,18.07099151611328
Math-Instruct,84,True,25,10.293423652648926,27.912750244140625
Math-Instruct,84,True,26,9.9222412109375,44.914512634277344
Math-Instruct,84,True,27,10.552803039550781,69.09355163574219
Math-Instruct,84,True,28,-0.6201169490814209,2.7570817470550537
Math-Instruct,85,True,0,-2.2684741020202637,-9.06979751586914
Math-Instruct,85,True,1,-1.7641046047210693,-9.12740707397461
Math-Instruct,85,True,2,-1.4190480709075928,-9.138405799865723
Math-Instruct,85,True,3,-1.3403904438018799,-9.178115844726562
Math-Instruct,85,True,4,-1.138378381729126,-8.91827392578125
Math-Instruct,85,True,5,-1.2433749437332153,-9.160079956054688
Math-Instruct,85,True,6,-1.2986291646957397,-8.899394989013672
Math-Instruct,85,True,7,-1.025728464126587,-8.842042922973633
Math-Instruct,85,True,8,-1.033687949180603,-8.446966171264648
Math-Instruct,85,True,9,-1.1596003770828247,-8.425522804260254
Math-Instruct,85,True,10,-1.0715279579162598,-8.430617332458496
Math-Instruct,85,True,11,-0.7861157059669495,-8.316732406616211
Math-Instruct,85,True,12,-0.6202263236045837,-8.220611572265625
Math-Instruct,85,True,13,-0.5394127368927002,-7.889260292053223
Math-Instruct,85,True,14,-0.6442000865936279,-7.695312976837158
Math-Instruct,85,True,15,-0.8302125930786133,-7.769892692565918
Math-Instruct,85,True,16,-0.39498716592788696,-7.405190467834473
Math-Instruct,85,True,17,0.013337910175323486,-6.723085403442383
Math-Instruct,85,True,18,0.03220584988594055,-6.127110481262207
Math-Instruct,85,True,19,0.685477614402771,-5.437749862670898
Math-Instruct,85,True,20,0.5646780729293823,-5.043081760406494
Math-Instruct,85,True,21,0.4732770323753357,-3.5777671337127686
Math-Instruct,85,True,22,1.8510193824768066,1.484428882598877
Math-Instruct,85,True,23,2.5618865489959717,8.672825813293457
Math-Instruct,85,True,24,3.3505659103393555,13.985580444335938
Math-Instruct,85,True,25,4.453286170959473,23.43048095703125
Math-Instruct,85,True,26,2.8057193756103516,34.194732666015625
Math-Instruct,85,True,27,3.1762876510620117,53.77478790283203
Math-Instruct,85,True,28,-2.4377381801605225,0.08964025974273682
Math-Instruct,86,True,0,-2.2662997245788574,-9.059470176696777
Math-Instruct,86,True,1,-2.0835633277893066,-9.08737564086914
Math-Instruct,86,True,2,-1.6871452331542969,-8.796391487121582
Math-Instruct,86,True,3,-1.8634846210479736,-8.907095909118652
Math-Instruct,86,True,4,-1.9238641262054443,-8.605987548828125
Math-Instruct,86,True,5,-2.2010324001312256,-8.717215538024902
Math-Instruct,86,True,6,-2.1578927040100098,-8.817363739013672
Math-Instruct,86,True,7,-1.703416109085083,-8.764291763305664
Math-Instruct,86,True,8,-1.6234028339385986,-8.155345916748047
Math-Instruct,86,True,9,-1.73188054561615,-7.9934892654418945
Math-Instruct,86,True,10,-1.545180320739746,-8.23763656616211
Math-Instruct,86,True,11,-1.6600065231323242,-7.965511322021484
Math-Instruct,86,True,12,-1.5831489562988281,-7.803894996643066
Math-Instruct,86,True,13,-1.613978624343872,-7.594695568084717
Math-Instruct,86,True,14,-1.1507424116134644,-7.546751976013184
Math-Instruct,86,True,15,-1.1908167600631714,-7.261984348297119
Math-Instruct,86,True,16,-0.6626830697059631,-6.94204568862915
Math-Instruct,86,True,17,-0.2568250894546509,-6.04871940612793
Math-Instruct,86,True,18,0.507563591003418,-5.268582344055176
Math-Instruct,86,True,19,1.222546100616455,-5.019039630889893
Math-Instruct,86,True,20,0.5012723207473755,-3.8893041610717773
Math-Instruct,86,True,21,0.3713266849517822,-2.208503484725952
Math-Instruct,86,True,22,1.4930799007415771,2.4705605506896973
Math-Instruct,86,True,23,2.1662094593048096,9.274163246154785
Math-Instruct,86,True,24,2.552022933959961,14.381561279296875
Math-Instruct,86,True,25,3.3003625869750977,24.585376739501953
Math-Instruct,86,True,26,2.890840768814087,37.67613220214844
Math-Instruct,86,True,27,3.53608775138855,59.872833251953125
Math-Instruct,86,True,28,-1.664791226387024,1.113194227218628
Math-Instruct,87,False,0,-2.278899669647217,-9.065250396728516
Math-Instruct,87,False,1,-2.782684803009033,-9.450908660888672
Math-Instruct,87,False,2,-2.9885365962982178,-9.1622314453125
Math-Instruct,87,False,3,-3.669079303741455,-9.180941581726074
Math-Instruct,87,False,4,-4.638223648071289,-8.64625072479248
Math-Instruct,87,False,5,-5.093132495880127,-8.525062561035156
Math-Instruct,87,False,6,-5.234267234802246,-8.115333557128906
Math-Instruct,87,False,7,-5.991066932678223,-7.7827301025390625
Math-Instruct,87,False,8,-6.623254776000977,-6.8609795570373535
Math-Instruct,87,False,9,-7.502006530761719,-7.459796905517578
Math-Instruct,87,False,10,-7.683772563934326,-7.423501014709473
Math-Instruct,87,False,11,-8.888148307800293,-7.692329406738281
Math-Instruct,87,False,12,-9.511306762695312,-7.18111515045166
Math-Instruct,87,False,13,-9.352015495300293,-7.532649517059326
Math-Instruct,87,False,14,-9.729854583740234,-7.392333984375
Math-Instruct,87,False,15,-10.637041091918945,-7.483638763427734
Math-Instruct,87,False,16,-11.90294361114502,-7.057737827301025
Math-Instruct,87,False,17,-11.425177574157715,-5.614315986633301
Math-Instruct,87,False,18,-11.693737030029297,-5.202291488647461
Math-Instruct,87,False,19,-11.965240478515625,-4.633822917938232
Math-Instruct,87,False,20,-13.833288192749023,-2.847566843032837
Math-Instruct,87,False,21,-14.97791862487793,-1.060568928718567
Math-Instruct,87,False,22,-15.512996673583984,4.373501777648926
Math-Instruct,87,False,23,-16.167415618896484,10.507619857788086
Math-Instruct,87,False,24,-18.384735107421875,16.411239624023438
Math-Instruct,87,False,25,-20.0994930267334,25.92681121826172
Math-Instruct,87,False,26,-21.319866180419922,39.35199737548828
Math-Instruct,87,False,27,-21.990707397460938,60.29218292236328
Math-Instruct,87,False,28,-9.381187438964844,2.4539339542388916
Math-Instruct,88,True,0,-2.272646427154541,-9.06053352355957
Math-Instruct,88,True,1,-2.087440252304077,-9.238245010375977
Math-Instruct,88,True,2,-1.8506265878677368,-9.196722030639648
Math-Instruct,88,True,3,-1.6599814891815186,-9.241962432861328
Math-Instruct,88,True,4,-1.4429340362548828,-9.032100677490234
Math-Instruct,88,True,5,-1.3851157426834106,-9.291399955749512
Math-Instruct,88,True,6,-1.0162864923477173,-9.1014404296875
Math-Instruct,88,True,7,-0.6793086528778076,-9.047880172729492
Math-Instruct,88,True,8,-0.5228956937789917,-8.56265640258789
Math-Instruct,88,True,9,-0.5890471935272217,-8.600723266601562
Math-Instruct,88,True,10,-0.27528122067451477,-8.704532623291016
Math-Instruct,88,True,11,-0.007978036999702454,-8.524958610534668
Math-Instruct,88,True,12,0.3412332534790039,-8.533895492553711
Math-Instruct,88,True,13,0.5274747014045715,-8.303245544433594
Math-Instruct,88,True,14,1.176180362701416,-8.009418487548828
Math-Instruct,88,True,15,1.0695421695709229,-7.8581438064575195
Math-Instruct,88,True,16,1.8410227298736572,-7.6611552238464355
Math-Instruct,88,True,17,2.620950698852539,-6.585971832275391
Math-Instruct,88,True,18,3.5769426822662354,-5.749024391174316
Math-Instruct,88,True,19,4.851274490356445,-5.169865608215332
Math-Instruct,88,True,20,4.76411247253418,-3.911137104034424
Math-Instruct,88,True,21,6.761604309082031,-2.0011730194091797
Math-Instruct,88,True,22,8.895133972167969,4.009730339050293
Math-Instruct,88,True,23,9.856122970581055,11.132402420043945
Math-Instruct,88,True,24,10.720958709716797,18.28037452697754
Math-Instruct,88,True,25,11.90748405456543,29.205842971801758
Math-Instruct,88,True,26,10.809162139892578,45.9889030456543
Math-Instruct,88,True,27,11.672403335571289,71.0088119506836
Math-Instruct,88,True,28,-0.9146381616592407,2.6085057258605957
Math-Instruct,89,False,0,-2.2686619758605957,-9.065418243408203
Math-Instruct,89,False,1,-2.105203151702881,-9.079730987548828
Math-Instruct,89,False,2,-1.8076934814453125,-9.047353744506836
Math-Instruct,89,False,3,-1.8997560739517212,-9.167627334594727
Math-Instruct,89,False,4,-1.423043966293335,-8.91433334350586
Math-Instruct,89,False,5,-1.0566620826721191,-9.085227966308594
Math-Instruct,89,False,6,-1.0177202224731445,-8.93854808807373
Math-Instruct,89,False,7,-0.9330534934997559,-8.961260795593262
Math-Instruct,89,False,8,-0.6315878629684448,-8.516083717346191
Math-Instruct,89,False,9,-0.43979647755622864,-8.698996543884277
Math-Instruct,89,False,10,-0.45794886350631714,-8.679277420043945
Math-Instruct,89,False,11,0.09089145064353943,-8.576119422912598
Math-Instruct,89,False,12,0.2227693349123001,-8.279858589172363
Math-Instruct,89,False,13,0.25156235694885254,-8.07866382598877
Math-Instruct,89,False,14,0.741435170173645,-7.7752180099487305
Math-Instruct,89,False,15,0.8282918930053711,-7.728028297424316
Math-Instruct,89,False,16,1.2801529169082642,-7.517895221710205
Math-Instruct,89,False,17,1.8397605419158936,-7.099725723266602
Math-Instruct,89,False,18,2.034207344055176,-6.486306190490723
Math-Instruct,89,False,19,3.234370231628418,-5.549768447875977
Math-Instruct,89,False,20,3.151921272277832,-4.690066337585449
Math-Instruct,89,False,21,3.811746120452881,-3.5024256706237793
Math-Instruct,89,False,22,4.869235992431641,2.8543829917907715
Math-Instruct,89,False,23,5.628726005554199,9.955667495727539
Math-Instruct,89,False,24,5.992332458496094,15.457513809204102
Math-Instruct,89,False,25,6.51258659362793,25.003908157348633
Math-Instruct,89,False,26,4.865941047668457,39.597835540771484
Math-Instruct,89,False,27,3.7520806789398193,61.41099548339844
Math-Instruct,89,False,28,-2.7424893379211426,1.0470017194747925
Math-Instruct,90,True,0,-2.270608425140381,-9.05893611907959
Math-Instruct,90,True,1,-2.0665533542633057,-9.049753189086914
Math-Instruct,90,True,2,-1.7583160400390625,-9.03169059753418
Math-Instruct,90,True,3,-1.510286569595337,-9.1453857421875
Math-Instruct,90,True,4,-1.0983059406280518,-8.88389778137207
Math-Instruct,90,True,5,-0.9533796906471252,-8.619630813598633
Math-Instruct,90,True,6,-0.8903536796569824,-8.635704040527344
Math-Instruct,90,True,7,-0.6492284536361694,-8.799321174621582
Math-Instruct,90,True,8,-0.5301318168640137,-8.32059097290039
Math-Instruct,90,True,9,-0.6449747085571289,-8.560866355895996
Math-Instruct,90,True,10,-0.5529294013977051,-8.466611862182617
Math-Instruct,90,True,11,0.027224630117416382,-8.421486854553223
Math-Instruct,90,True,12,0.3811684250831604,-8.268502235412598
Math-Instruct,90,True,13,0.4753997027873993,-7.938543796539307
Math-Instruct,90,True,14,1.1830544471740723,-7.702402114868164
Math-Instruct,90,True,15,1.0233629941940308,-8.045679092407227
Math-Instruct,90,True,16,2.203141212463379,-7.704817771911621
Math-Instruct,90,True,17,3.189931869506836,-6.782063007354736
Math-Instruct,90,True,18,3.5742883682250977,-6.202165603637695
Math-Instruct,90,True,19,5.008911609649658,-5.560504913330078
Math-Instruct,90,True,20,4.552464008331299,-4.296514511108398
Math-Instruct,90,True,21,5.898982048034668,-2.7209625244140625
Math-Instruct,90,True,22,7.582823276519775,4.441856384277344
Math-Instruct,90,True,23,9.013418197631836,11.570197105407715
Math-Instruct,90,True,24,10.201848983764648,17.91098403930664
Math-Instruct,90,True,25,12.133813858032227,27.56407928466797
Math-Instruct,90,True,26,10.702359199523926,42.54648208618164
Math-Instruct,90,True,27,11.234981536865234,65.32130432128906
Math-Instruct,90,True,28,-0.9106732606887817,2.557074785232544
Math-Instruct,91,True,0,-2.2641682624816895,-9.068418502807617
Math-Instruct,91,True,1,-1.6781374216079712,-9.220775604248047
Math-Instruct,91,True,2,-1.2929418087005615,-9.148192405700684
Math-Instruct,91,True,3,-1.0679281949996948,-9.268588066101074
Math-Instruct,91,True,4,-0.5789952278137207,-9.177350997924805
Math-Instruct,91,True,5,-0.4529407024383545,-9.276036262512207
Math-Instruct,91,True,6,-0.5534191727638245,-9.040733337402344
Math-Instruct,91,True,7,-0.14953485131263733,-9.13826847076416
Math-Instruct,91,True,8,0.263324111700058,-8.495756149291992
Math-Instruct,91,True,9,0.26786473393440247,-8.794775009155273
Math-Instruct,91,True,10,0.5703879594802856,-8.859159469604492
Math-Instruct,91,True,11,0.9442327618598938,-8.710783004760742
Math-Instruct,91,True,12,1.3743689060211182,-8.79766845703125
Math-Instruct,91,True,13,1.7224295139312744,-8.62961483001709
Math-Instruct,91,True,14,2.4160995483398438,-8.300017356872559
Math-Instruct,91,True,15,2.704084873199463,-8.427870750427246
Math-Instruct,91,True,16,3.6455399990081787,-7.95475435256958
Math-Instruct,91,True,17,4.4651570320129395,-7.25881290435791
Math-Instruct,91,True,18,5.117060661315918,-6.611969947814941
Math-Instruct,91,True,19,7.15931510925293,-6.240219593048096
Math-Instruct,91,True,20,7.345217704772949,-5.412832260131836
Math-Instruct,91,True,21,9.723200798034668,-3.358099937438965
Math-Instruct,91,True,22,12.291316986083984,2.650430679321289
Math-Instruct,91,True,23,13.643638610839844,9.507112503051758
Math-Instruct,91,True,24,15.20197868347168,16.148605346679688
Math-Instruct,91,True,25,15.910831451416016,26.183940887451172
Math-Instruct,91,True,26,15.574596405029297,40.897552490234375
Math-Instruct,91,True,27,17.218006134033203,63.317970275878906
Math-Instruct,91,True,28,1.0392560958862305,2.1296632289886475
Math-Instruct,92,True,0,-2.271542549133301,-9.066579818725586
Math-Instruct,92,True,1,-2.184074640274048,-8.878894805908203
Math-Instruct,92,True,2,-1.8198474645614624,-8.89095401763916
Math-Instruct,92,True,3,-1.8442366123199463,-9.02237606048584
Math-Instruct,92,True,4,-1.6369946002960205,-9.152732849121094
Math-Instruct,92,True,5,-1.664711594581604,-9.301153182983398
Math-Instruct,92,True,6,-1.7213307619094849,-9.09572696685791
Math-Instruct,92,True,7,-1.530794620513916,-9.023808479309082
Math-Instruct,92,True,8,-1.426745891571045,-8.2046480178833
Math-Instruct,92,True,9,-1.3182774782180786,-8.49272346496582
Math-Instruct,92,True,10,-1.0577257871627808,-8.269733428955078
Math-Instruct,92,True,11,-1.2746250629425049,-8.312298774719238
Math-Instruct,92,True,12,-1.0108463764190674,-8.634790420532227
Math-Instruct,92,True,13,-0.6005184650421143,-8.029536247253418
Math-Instruct,92,True,14,0.20587174594402313,-7.848395347595215
Math-Instruct,92,True,15,0.4777429699897766,-7.855133056640625
Math-Instruct,92,True,16,1.0718953609466553,-7.3106489181518555
Math-Instruct,92,True,17,1.6309165954589844,-7.053997993469238
Math-Instruct,92,True,18,2.3932394981384277,-6.431715965270996
Math-Instruct,92,True,19,3.8601551055908203,-6.096066474914551
Math-Instruct,92,True,20,3.5292181968688965,-5.662778854370117
Math-Instruct,92,True,21,3.8708019256591797,-3.7704010009765625
Math-Instruct,92,True,22,3.813443183898926,1.6522718667984009
Math-Instruct,92,True,23,4.801055431365967,8.490615844726562
Math-Instruct,92,True,24,5.24500846862793,15.146295547485352
Math-Instruct,92,True,25,5.156022071838379,23.83829116821289
Math-Instruct,92,True,26,4.231945514678955,38.44551086425781
Math-Instruct,92,True,27,5.152434825897217,59.38072967529297
Math-Instruct,92,True,28,-1.4714233875274658,1.3107761144638062
Math-Instruct,93,False,0,-2.2812299728393555,-9.064648628234863
Math-Instruct,93,False,1,-2.3207836151123047,-9.07962417602539
Math-Instruct,93,False,2,-2.18582820892334,-9.022008895874023
Math-Instruct,93,False,3,-2.493394136428833,-9.084793090820312
Math-Instruct,93,False,4,-2.8785085678100586,-8.634868621826172
Math-Instruct,93,False,5,-3.0147948265075684,-8.611804008483887
Math-Instruct,93,False,6,-3.066385269165039,-8.509424209594727
Math-Instruct,93,False,7,-2.743604898452759,-8.541915893554688
Math-Instruct,93,False,8,-3.0056896209716797,-8.171018600463867
Math-Instruct,93,False,9,-3.2284984588623047,-8.29025650024414
Math-Instruct,93,False,10,-3.1087865829467773,-8.186111450195312
Math-Instruct,93,False,11,-3.557852268218994,-8.45792293548584
Math-Instruct,93,False,12,-3.758011817932129,-8.004655838012695
Math-Instruct,93,False,13,-3.574492931365967,-7.594745635986328
Math-Instruct,93,False,14,-2.9911346435546875,-7.675623416900635
Math-Instruct,93,False,15,-2.890660524368286,-7.685694217681885
Math-Instruct,93,False,16,-2.7266950607299805,-7.500335216522217
Math-Instruct,93,False,17,-2.769308567047119,-6.834573745727539
Math-Instruct,93,False,18,-2.8898963928222656,-6.638530731201172
Math-Instruct,93,False,19,-2.6326937675476074,-5.688824653625488
Math-Instruct,93,False,20,-3.376235008239746,-4.41877555847168
Math-Instruct,93,False,21,-5.650738716125488,-2.983325958251953
Math-Instruct,93,False,22,-6.7554426193237305,3.4295120239257812
Math-Instruct,93,False,23,-6.68196439743042,10.120792388916016
Math-Instruct,93,False,24,-6.6445817947387695,16.731788635253906
Math-Instruct,93,False,25,-7.91749382019043,25.8712158203125
Math-Instruct,93,False,26,-9.512105941772461,40.09309005737305
Math-Instruct,93,False,27,-9.569944381713867,62.420982360839844
Math-Instruct,93,False,28,-5.996475696563721,0.6647676229476929
Math-Instruct,94,True,0,-2.266719341278076,-9.066985130310059
Math-Instruct,94,True,1,-1.6745576858520508,-9.314288139343262
Math-Instruct,94,True,2,-1.3427876234054565,-9.209386825561523
Math-Instruct,94,True,3,-1.095138669013977,-9.259698867797852
Math-Instruct,94,True,4,-0.7880526781082153,-9.203028678894043
Math-Instruct,94,True,5,-0.5258393287658691,-9.029726028442383
Math-Instruct,94,True,6,-0.5981898307800293,-8.936347961425781
Math-Instruct,94,True,7,-0.34461510181427,-9.11839485168457
Math-Instruct,94,True,8,0.22004346549510956,-8.685044288635254
Math-Instruct,94,True,9,0.14337457716464996,-8.838386535644531
Math-Instruct,94,True,10,0.3951405882835388,-8.833110809326172
Math-Instruct,94,True,11,0.8460120558738708,-8.849299430847168
Math-Instruct,94,True,12,1.2137222290039062,-8.91431999206543
Math-Instruct,94,True,13,1.4126386642456055,-8.61373233795166
Math-Instruct,94,True,14,1.826141595840454,-8.333959579467773
Math-Instruct,94,True,15,2.0942158699035645,-8.433160781860352
Math-Instruct,94,True,16,2.6874701976776123,-8.129497528076172
Math-Instruct,94,True,17,3.2569022178649902,-7.586123466491699
Math-Instruct,94,True,18,3.6679859161376953,-7.223447799682617
Math-Instruct,94,True,19,5.439758777618408,-6.864166259765625
Math-Instruct,94,True,20,5.5956573486328125,-6.029573917388916
Math-Instruct,94,True,21,7.595130920410156,-4.687175750732422
Math-Instruct,94,True,22,9.420404434204102,1.2508957386016846
Math-Instruct,94,True,23,10.3955078125,8.400976181030273
Math-Instruct,94,True,24,10.856084823608398,15.080671310424805
Math-Instruct,94,True,25,11.423983573913574,25.49026870727539
Math-Instruct,94,True,26,10.5882568359375,42.60697555541992
Math-Instruct,94,True,27,10.333877563476562,65.7651596069336
Math-Instruct,94,True,28,-0.01796478033065796,2.3879809379577637
Math-Instruct,95,True,0,-2.2644331455230713,-9.066742897033691
Math-Instruct,95,True,1,-1.800897240638733,-9.180718421936035
Math-Instruct,95,True,2,-1.4425294399261475,-9.112717628479004
Math-Instruct,95,True,3,-1.2522265911102295,-9.122848510742188
Math-Instruct,95,True,4,-0.6432757377624512,-9.129753112792969
Math-Instruct,95,True,5,-0.4789077043533325,-9.136251449584961
Math-Instruct,95,True,6,-0.3555487394332886,-8.871055603027344
Math-Instruct,95,True,7,-0.27643096446990967,-9.190749168395996
Math-Instruct,95,True,8,-0.1313481628894806,-8.539274215698242
Math-Instruct,95,True,9,0.009933263063430786,-9.002740859985352
Math-Instruct,95,True,10,0.11559149622917175,-8.739758491516113
Math-Instruct,95,True,11,0.29398536682128906,-8.590120315551758
Math-Instruct,95,True,12,0.723630428314209,-8.369854927062988
Math-Instruct,95,True,13,0.8340555429458618,-8.098760604858398
Math-Instruct,95,True,14,1.2870854139328003,-7.8829803466796875
Math-Instruct,95,True,15,1.0171746015548706,-7.860227584838867
Math-Instruct,95,True,16,1.5050501823425293,-7.60453987121582
Math-Instruct,95,True,17,2.3613109588623047,-6.804673194885254
Math-Instruct,95,True,18,3.15445613861084,-6.444265842437744
Math-Instruct,95,True,19,4.258853435516357,-5.633862018585205
Math-Instruct,95,True,20,4.484972953796387,-4.465568542480469
Math-Instruct,95,True,21,6.767148017883301,-3.2951443195343018
Math-Instruct,95,True,22,9.241743087768555,2.1037867069244385
Math-Instruct,95,True,23,10.926782608032227,8.76545524597168
Math-Instruct,95,True,24,11.964157104492188,15.235487937927246
Math-Instruct,95,True,25,12.784765243530273,24.970552444458008
Math-Instruct,95,True,26,11.836687088012695,39.58727264404297
Math-Instruct,95,True,27,13.841017723083496,62.38579559326172
Math-Instruct,95,True,28,0.7026022672653198,1.6750651597976685
Math-Instruct,96,True,0,-2.2699618339538574,-9.063575744628906
Math-Instruct,96,True,1,-1.9049808979034424,-9.164253234863281
Math-Instruct,96,True,2,-1.5833231210708618,-9.015195846557617
Math-Instruct,96,True,3,-1.5106964111328125,-9.095268249511719
Math-Instruct,96,True,4,-1.0872771739959717,-8.877065658569336
Math-Instruct,96,True,5,-0.8729133605957031,-8.800230026245117
Math-Instruct,96,True,6,-0.9015306830406189,-8.667455673217773
Math-Instruct,96,True,7,-0.9511612057685852,-8.783018112182617
Math-Instruct,96,True,8,-0.7298277020454407,-8.143037796020508
Math-Instruct,96,True,9,-0.6524248123168945,-8.263724327087402
Math-Instruct,96,True,10,-0.8067569732666016,-8.02841854095459
Math-Instruct,96,True,11,-0.7145384550094604,-7.85292911529541
Math-Instruct,96,True,12,-0.7707390785217285,-7.848974227905273
Math-Instruct,96,True,13,-0.8711732029914856,-7.654590606689453
Math-Instruct,96,True,14,-0.8828045725822449,-7.284183502197266
Math-Instruct,96,True,15,-0.6671960353851318,-6.943090915679932
Math-Instruct,96,True,16,-0.41316598653793335,-6.80136775970459
Math-Instruct,96,True,17,0.11672085523605347,-5.829586982727051
Math-Instruct,96,True,18,0.4351503849029541,-4.7094502449035645
Math-Instruct,96,True,19,1.026353120803833,-3.9544777870178223
Math-Instruct,96,True,20,0.6188397407531738,-3.3635945320129395
Math-Instruct,96,True,21,0.8768191337585449,-1.3197669982910156
Math-Instruct,96,True,22,1.4317359924316406,4.117842674255371
Math-Instruct,96,True,23,1.1174455881118774,10.881782531738281
Math-Instruct,96,True,24,1.6838092803955078,17.886531829833984
Math-Instruct,96,True,25,1.1510801315307617,29.00171661376953
Math-Instruct,96,True,26,-1.130815029144287,43.64781951904297
Math-Instruct,96,True,27,-3.0827317237854004,63.31224822998047
Math-Instruct,96,True,28,-3.4717824459075928,2.4173526763916016
Math-Instruct,97,True,0,-2.2685816287994385,-9.055255889892578
Math-Instruct,97,True,1,-2.211543560028076,-9.119281768798828
Math-Instruct,97,True,2,-1.810743808746338,-9.085538864135742
Math-Instruct,97,True,3,-1.7019150257110596,-9.143341064453125
Math-Instruct,97,True,4,-1.3663184642791748,-8.910111427307129
Math-Instruct,97,True,5,-1.4313609600067139,-8.83627986907959
Math-Instruct,97,True,6,-1.2700515985488892,-8.732097625732422
Math-Instruct,97,True,7,-0.9112618565559387,-8.97669506072998
Math-Instruct,97,True,8,-0.9087607860565186,-8.59051513671875
Math-Instruct,97,True,9,-0.6894195079803467,-8.745349884033203
Math-Instruct,97,True,10,-0.4508364796638489,-8.622272491455078
Math-Instruct,97,True,11,0.24939733743667603,-8.350595474243164
Math-Instruct,97,True,12,0.18915142118930817,-8.140098571777344
Math-Instruct,97,True,13,0.2348404824733734,-7.864654541015625
Math-Instruct,97,True,14,0.4890153408050537,-7.572754859924316
Math-Instruct,97,True,15,0.42998209595680237,-7.503739833831787
Math-Instruct,97,True,16,1.2595425844192505,-7.190125942230225
Math-Instruct,97,True,17,1.594789743423462,-6.33615779876709
Math-Instruct,97,True,18,1.9842300415039062,-5.657569885253906
Math-Instruct,97,True,19,2.7664661407470703,-4.538418769836426
Math-Instruct,97,True,20,2.3539204597473145,-3.8380484580993652
Math-Instruct,97,True,21,3.3582358360290527,-1.9358155727386475
Math-Instruct,97,True,22,4.734597206115723,2.9387307167053223
Math-Instruct,97,True,23,6.277466297149658,9.454212188720703
Math-Instruct,97,True,24,7.751264572143555,14.45524787902832
Math-Instruct,97,True,25,9.0089693069458,23.811538696289062
Math-Instruct,97,True,26,8.412495613098145,36.644866943359375
Math-Instruct,97,True,27,9.149179458618164,57.322959899902344
Math-Instruct,97,True,28,-1.215472936630249,0.8297222256660461
Math-Instruct,98,False,0,-2.2767398357391357,-9.068360328674316
Math-Instruct,98,False,1,-2.1345529556274414,-9.08864974975586
Math-Instruct,98,False,2,-1.9495344161987305,-9.061198234558105
Math-Instruct,98,False,3,-1.9084234237670898,-9.105330467224121
Math-Instruct,98,False,4,-1.887233018875122,-8.919439315795898
Math-Instruct,98,False,5,-2.1513466835021973,-8.954046249389648
Math-Instruct,98,False,6,-1.851060152053833,-8.767080307006836
Math-Instruct,98,False,7,-1.680980920791626,-8.988908767700195
Math-Instruct,98,False,8,-1.6511449813842773,-8.391332626342773
Math-Instruct,98,False,9,-1.793376088142395,-8.505167007446289
Math-Instruct,98,False,10,-1.8380241394042969,-8.581989288330078
Math-Instruct,98,False,11,-1.7793209552764893,-8.475602149963379
Math-Instruct,98,False,12,-1.9525823593139648,-8.427852630615234
Math-Instruct,98,False,13,-1.6813011169433594,-8.292630195617676
Math-Instruct,98,False,14,-1.53774094581604,-8.15655517578125
Math-Instruct,98,False,15,-2.042659282684326,-8.136815071105957
Math-Instruct,98,False,16,-1.6985684633255005,-7.698985576629639
Math-Instruct,98,False,17,-1.409310221672058,-6.9443254470825195
Math-Instruct,98,False,18,-0.898514986038208,-6.566474437713623
Math-Instruct,98,False,19,-0.9994786977767944,-5.826174736022949
Math-Instruct,98,False,20,-1.4309301376342773,-5.329083442687988
Math-Instruct,98,False,21,-2.4804372787475586,-3.7833659648895264
Math-Instruct,98,False,22,-1.6561474800109863,1.5255097150802612
Math-Instruct,98,False,23,-1.8182834386825562,7.347363471984863
Math-Instruct,98,False,24,-2.1263413429260254,12.770415306091309
Math-Instruct,98,False,25,-2.6692299842834473,21.91179656982422
Math-Instruct,98,False,26,-4.003167629241943,36.94348907470703
Math-Instruct,98,False,27,-4.7695159912109375,58.40464401245117
Math-Instruct,98,False,28,-4.190290451049805,0.31973522901535034
Math-Instruct,99,True,0,-2.2697744369506836,-9.066781997680664
Math-Instruct,99,True,1,-2.0291988849639893,-9.130475997924805
Math-Instruct,99,True,2,-1.6432344913482666,-9.157891273498535
Math-Instruct,99,True,3,-1.722337245941162,-9.193414688110352
Math-Instruct,99,True,4,-1.4610300064086914,-9.13794231414795
Math-Instruct,99,True,5,-1.4421885013580322,-9.095277786254883
Math-Instruct,99,True,6,-1.4293310642242432,-8.807673454284668
Math-Instruct,99,True,7,-0.993465006351471,-8.963065147399902
Math-Instruct,99,True,8,-0.7285177111625671,-8.718890190124512
Math-Instruct,99,True,9,-0.7638866305351257,-8.608185768127441
Math-Instruct,99,True,10,-0.4906667470932007,-8.63760757446289
Math-Instruct,99,True,11,-0.2810087502002716,-8.578938484191895
Math-Instruct,99,True,12,0.2946240305900574,-8.2689790725708
Math-Instruct,99,True,13,0.47344282269477844,-8.091529846191406
Math-Instruct,99,True,14,0.9718552827835083,-7.917497634887695
Math-Instruct,99,True,15,0.8279449343681335,-7.931272506713867
Math-Instruct,99,True,16,1.5764318704605103,-7.391369819641113
Math-Instruct,99,True,17,2.2834370136260986,-6.77700138092041
Math-Instruct,99,True,18,2.713974952697754,-6.206693649291992
Math-Instruct,99,True,19,3.967672824859619,-5.738425254821777
Math-Instruct,99,True,20,4.098440647125244,-4.862652778625488
Math-Instruct,99,True,21,5.08867073059082,-3.45365047454834
Math-Instruct,99,True,22,7.2692084312438965,2.9651665687561035
Math-Instruct,99,True,23,8.75855827331543,10.46853256225586
Math-Instruct,99,True,24,10.095565795898438,16.606712341308594
Math-Instruct,99,True,25,11.551431655883789,26.346927642822266
Math-Instruct,99,True,26,10.826974868774414,39.584625244140625
Math-Instruct,99,True,27,12.172392845153809,61.685794830322266
Math-Instruct,99,True,28,-0.4224015474319458,1.1773512363433838
R1-Distill,0,False,0,-0.9051508903503418,-10.600418090820312
R1-Distill,0,False,1,-0.9440248012542725,-10.549476623535156
R1-Distill,0,False,2,-0.9962174892425537,-10.445792198181152
R1-Distill,0,False,3,-0.964467465877533,-10.393331527709961
R1-Distill,0,False,4,-0.5617813467979431,-10.253177642822266
R1-Distill,0,False,5,-0.7933022975921631,-9.918352127075195
R1-Distill,0,False,6,-1.0745755434036255,-9.8876314163208
R1-Distill,0,False,7,-1.2668797969818115,-10.11605453491211
R1-Distill,0,False,8,-0.4575400650501251,-9.765279769897461
R1-Distill,0,False,9,-0.5445610284805298,-9.61386489868164
R1-Distill,0,False,10,-0.5470364093780518,-9.255020141601562
R1-Distill,0,False,11,0.1289801299571991,-8.831831932067871
R1-Distill,0,False,12,0.2366843968629837,-8.51327133178711
R1-Distill,0,False,13,0.19552917778491974,-7.972460746765137
R1-Distill,0,False,14,0.3277849555015564,-8.776336669921875
R1-Distill,0,False,15,0.019373059272766113,-8.603090286254883
R1-Distill,0,False,16,0.501726508140564,-8.166143417358398
R1-Distill,0,False,17,0.9784667491912842,-7.656213283538818
R1-Distill,0,False,18,1.52161705493927,-7.076954364776611
R1-Distill,0,False,19,2.652034282684326,-5.762372970581055
R1-Distill,0,False,20,2.82745099067688,-3.3490490913391113
R1-Distill,0,False,21,4.430033206939697,0.9489501714706421
R1-Distill,0,False,22,5.475130081176758,8.06789779663086
R1-Distill,0,False,23,5.414098739624023,14.579938888549805
R1-Distill,0,False,24,6.575437545776367,20.85531234741211
R1-Distill,0,False,25,4.998739719390869,32.580169677734375
R1-Distill,0,False,26,4.197545528411865,44.567543029785156
R1-Distill,0,False,27,4.972087860107422,58.434349060058594
R1-Distill,0,False,28,0.17566215991973877,0.05968421697616577
R1-Distill,1,False,0,-0.9009745121002197,-10.599513053894043
R1-Distill,1,False,1,-1.0732287168502808,-10.455615997314453
R1-Distill,1,False,2,-1.0821290016174316,-10.411005020141602
R1-Distill,1,False,3,-1.1310560703277588,-10.386528015136719
R1-Distill,1,False,4,-0.9054320454597473,-10.4010591506958
R1-Distill,1,False,5,-0.8475642204284668,-9.98379898071289
R1-Distill,1,False,6,-0.9262422919273376,-10.077585220336914
R1-Distill,1,False,7,-0.9144141674041748,-10.087924003601074
R1-Distill,1,False,8,-0.7076143026351929,-9.794848442077637
R1-Distill,1,False,9,-0.7086090445518494,-9.569107055664062
R1-Distill,1,False,10,-0.714470624923706,-9.31547737121582
R1-Distill,1,False,11,-0.6474553346633911,-8.819526672363281
R1-Distill,1,False,12,-0.9429236650466919,-8.610289573669434
R1-Distill,1,False,13,-1.1239871978759766,-7.94711971282959
R1-Distill,1,False,14,-1.0806177854537964,-8.061248779296875
R1-Distill,1,False,15,-0.7999164462089539,-8.178601264953613
R1-Distill,1,False,16,-0.3615409731864929,-7.327500343322754
R1-Distill,1,False,17,-0.5784430503845215,-6.3722405433654785
R1-Distill,1,False,18,-1.1194276809692383,-5.1855149269104
R1-Distill,1,False,19,-0.8085374236106873,-4.3270769119262695
R1-Distill,1,False,20,-1.0183063745498657,-2.2987747192382812
R1-Distill,1,False,21,-0.42565128207206726,2.2932825088500977
R1-Distill,1,False,22,-1.9718165397644043,9.58454704284668
R1-Distill,1,False,23,-1.0225205421447754,14.834819793701172
R1-Distill,1,False,24,-1.1200569868087769,20.470417022705078
R1-Distill,1,False,25,-3.478829860687256,30.76572036743164
R1-Distill,1,False,26,-4.892634868621826,43.425621032714844
R1-Distill,1,False,27,-5.037387371063232,58.09138488769531
R1-Distill,1,False,28,-1.3557164669036865,-0.6154255270957947
R1-Distill,2,False,0,-0.9225890636444092,-10.591670989990234
R1-Distill,2,False,1,-1.0393109321594238,-10.590232849121094
R1-Distill,2,False,2,-1.1885336637496948,-10.398063659667969
R1-Distill,2,False,3,-1.4454072713851929,-10.1773681640625
R1-Distill,2,False,4,-1.4869985580444336,-9.898603439331055
R1-Distill,2,False,5,-1.8538496494293213,-9.495288848876953
R1-Distill,2,False,6,-1.6967415809631348,-9.680719375610352
R1-Distill,2,False,7,-2.0036771297454834,-9.769951820373535
R1-Distill,2,False,8,-1.8703241348266602,-9.284503936767578
R1-Distill,2,False,9,-1.9394400119781494,-9.516170501708984
R1-Distill,2,False,10,-2.2690563201904297,-8.999170303344727
R1-Distill,2,False,11,-2.2069973945617676,-8.635567665100098
R1-Distill,2,False,12,-2.6016411781311035,-8.117646217346191
R1-Distill,2,False,13,-2.990126371383667,-7.857907295227051
R1-Distill,2,False,14,-2.5780768394470215,-7.90671443939209
R1-Distill,2,False,15,-2.6023929119110107,-7.641569137573242
R1-Distill,2,False,16,-2.371452808380127,-7.094347953796387
R1-Distill,2,False,17,-2.6354784965515137,-6.188643455505371
R1-Distill,2,False,18,-2.6739091873168945,-5.067705154418945
R1-Distill,2,False,19,-2.7203850746154785,-4.271975994110107
R1-Distill,2,False,20,-2.7723920345306396,-1.6571476459503174
R1-Distill,2,False,21,-4.546590328216553,2.4124927520751953
R1-Distill,2,False,22,-5.443844795227051,9.448250770568848
R1-Distill,2,False,23,-5.781032562255859,16.713375091552734
R1-Distill,2,False,24,-5.756490707397461,23.51592254638672
R1-Distill,2,False,25,-7.587787628173828,34.875091552734375
R1-Distill,2,False,26,-10.445457458496094,47.94609069824219
R1-Distill,2,False,27,-12.32888412475586,65.35942077636719
R1-Distill,2,False,28,-3.970101833343506,0.9304415583610535
R1-Distill,3,False,0,-0.9020892977714539,-10.594883918762207
R1-Distill,3,False,1,-0.8973821997642517,-10.525460243225098
R1-Distill,3,False,2,-0.7736216187477112,-10.427279472351074
R1-Distill,3,False,3,-0.847004234790802,-10.3965482711792
R1-Distill,3,False,4,-0.5047935843467712,-10.192644119262695
R1-Distill,3,False,5,-0.31887465715408325,-9.931450843811035
R1-Distill,3,False,6,-0.4478093683719635,-9.880266189575195
R1-Distill,3,False,7,-0.40224725008010864,-9.805997848510742
R1-Distill,3,False,8,0.20459504425525665,-9.568835258483887
R1-Distill,3,False,9,0.3649383783340454,-9.535154342651367
R1-Distill,3,False,10,0.9201241731643677,-9.180794715881348
R1-Distill,3,False,11,1.3564883470535278,-8.643787384033203
R1-Distill,3,False,12,1.7892752885818481,-8.552765846252441
R1-Distill,3,False,13,1.8989205360412598,-7.724837303161621
R1-Distill,3,False,14,2.246011972427368,-7.80765962600708
R1-Distill,3,False,15,2.393339157104492,-7.698151111602783
R1-Distill,3,False,16,3.1560330390930176,-6.740494728088379
R1-Distill,3,False,17,3.7137444019317627,-6.130692481994629
R1-Distill,3,False,18,4.174793243408203,-4.5406646728515625
R1-Distill,3,False,19,4.718562126159668,-3.2865922451019287
R1-Distill,3,False,20,5.560355186462402,-0.9356033802032471
R1-Distill,3,False,21,7.023993492126465,3.872544050216675
R1-Distill,3,False,22,7.486114025115967,12.0201416015625
R1-Distill,3,False,23,7.817293167114258,18.074420928955078
R1-Distill,3,False,24,7.468613624572754,23.869844436645508
R1-Distill,3,False,25,5.933133125305176,35.985374450683594
R1-Distill,3,False,26,3.792177438735962,48.43959045410156
R1-Distill,3,False,27,3.9098000526428223,66.06950378417969
R1-Distill,3,False,28,-0.5019326210021973,0.976298987865448
R1-Distill,4,False,0,-0.894531786441803,-10.612431526184082
R1-Distill,4,False,1,-0.8050649762153625,-10.691801071166992
R1-Distill,4,False,2,-0.8304799795150757,-10.60910415649414
R1-Distill,4,False,3,-0.8384370803833008,-10.723027229309082
R1-Distill,4,False,4,-0.4548836648464203,-10.3674955368042
R1-Distill,4,False,5,-0.5850776433944702,-10.32054328918457
R1-Distill,4,False,6,-0.7154288291931152,-10.245546340942383
R1-Distill,4,False,7,-0.6384024024009705,-10.177905082702637
R1-Distill,4,False,8,-0.4051166772842407,-10.009184837341309
R1-Distill,4,False,9,-0.5173018574714661,-10.011541366577148
R1-Distill,4,False,10,-0.5777145624160767,-9.674962997436523
R1-Distill,4,False,11,-0.44374433159828186,-9.279438018798828
R1-Distill,4,False,12,-0.653182864189148,-8.997758865356445
R1-Distill,4,False,13,-0.8912251591682434,-8.732589721679688
R1-Distill,4,False,14,-1.3888514041900635,-8.902084350585938
R1-Distill,4,False,15,-1.4085458517074585,-9.247535705566406
R1-Distill,4,False,16,-1.147444486618042,-8.71531867980957
R1-Distill,4,False,17,-1.2938998937606812,-8.08668327331543
R1-Distill,4,False,18,-1.5735409259796143,-6.822319030761719
R1-Distill,4,False,19,-2.1364569664001465,-6.104511260986328
R1-Distill,4,False,20,-2.211859703063965,-4.333794593811035
R1-Distill,4,False,21,-2.3945083618164062,-0.05466187000274658
R1-Distill,4,False,22,-3.9197611808776855,6.919239044189453
R1-Distill,4,False,23,-4.613361358642578,12.690496444702148
R1-Distill,4,False,24,-5.20510196685791,16.908161163330078
R1-Distill,4,False,25,-7.997502326965332,26.358911514282227
R1-Distill,4,False,26,-9.372856140136719,36.02210998535156
R1-Distill,4,False,27,-10.035921096801758,47.60130310058594
R1-Distill,4,False,28,-1.9528229236602783,-1.461303949356079
R1-Distill,5,True,0,-0.9077355265617371,-10.599017143249512
R1-Distill,5,True,1,-0.9142990112304688,-10.530450820922852
R1-Distill,5,True,2,-0.8578553199768066,-10.38125991821289
R1-Distill,5,True,3,-1.1347477436065674,-10.327746391296387
R1-Distill,5,True,4,-0.9389286041259766,-10.024919509887695
R1-Distill,5,True,5,-1.0098930597305298,-9.646047592163086
R1-Distill,5,True,6,-0.9613972902297974,-9.827939987182617
R1-Distill,5,True,7,-0.9616385102272034,-9.960542678833008
R1-Distill,5,True,8,-0.5748114585876465,-9.522397994995117
R1-Distill,5,True,9,-0.9031310677528381,-9.525163650512695
R1-Distill,5,True,10,-0.9147202968597412,-9.132938385009766
R1-Distill,5,True,11,-0.9711788892745972,-8.672510147094727
R1-Distill,5,True,12,-1.0613207817077637,-8.340134620666504
R1-Distill,5,True,13,-0.939939558506012,-7.876565933227539
R1-Distill,5,True,14,-0.9045654535293579,-8.089784622192383
R1-Distill,5,True,15,-0.666164755821228,-8.12895393371582
R1-Distill,5,True,16,-0.12348580360412598,-7.411172866821289
R1-Distill,5,True,17,0.06608110666275024,-6.519797325134277
R1-Distill,5,True,18,0.10327169299125671,-5.498206615447998
R1-Distill,5,True,19,0.49734050035476685,-4.6704182624816895
R1-Distill,5,True,20,0.6808559894561768,-2.632192373275757
R1-Distill,5,True,21,0.7481687068939209,2.0542783737182617
R1-Distill,5,True,22,1.0361133813858032,9.368571281433105
R1-Distill,5,True,23,1.9555445909500122,15.755302429199219
R1-Distill,5,True,24,2.490234851837158,21.597517013549805
R1-Distill,5,True,25,0.943746030330658,32.95691680908203
R1-Distill,5,True,26,-1.0330450534820557,46.66339874267578
R1-Distill,5,True,27,-0.03814351558685303,62.171592712402344
R1-Distill,5,True,28,-0.9417264461517334,0.7566540241241455
R1-Distill,6,False,0,-0.9080003499984741,-10.597341537475586
R1-Distill,6,False,1,-0.9132440686225891,-10.55222225189209
R1-Distill,6,False,2,-1.0153344869613647,-10.500085830688477
R1-Distill,6,False,3,-1.0856932401657104,-10.467153549194336
R1-Distill,6,False,4,-0.9793265461921692,-10.433865547180176
R1-Distill,6,False,5,-0.9073864221572876,-10.17304801940918
R1-Distill,6,False,6,-0.97947758436203,-10.018227577209473
R1-Distill,6,False,7,-1.0550072193145752,-9.837692260742188
R1-Distill,6,False,8,-0.9631800651550293,-9.456783294677734
R1-Distill,6,False,9,-1.032173752784729,-9.792516708374023
R1-Distill,6,False,10,-0.9645766615867615,-9.522451400756836
R1-Distill,6,False,11,-0.9170675873756409,-9.245000839233398
R1-Distill,6,False,12,-1.3016622066497803,-8.968746185302734
R1-Distill,6,False,13,-1.3627461194992065,-8.231362342834473
R1-Distill,6,False,14,-1.047294020652771,-8.402021408081055
R1-Distill,6,False,15,-1.059938907623291,-8.430274963378906
R1-Distill,6,False,16,-0.9986401796340942,-7.799776077270508
R1-Distill,6,False,17,-1.1729514598846436,-6.994030952453613
R1-Distill,6,False,18,-2.339550018310547,-6.036027908325195
R1-Distill,6,False,19,-1.916078805923462,-5.289332389831543
R1-Distill,6,False,20,-1.3636143207550049,-3.5220131874084473
R1-Distill,6,False,21,-0.5492119789123535,0.25067099928855896
R1-Distill,6,False,22,-2.0909790992736816,6.95589542388916
R1-Distill,6,False,23,-0.9002082943916321,12.603147506713867
R1-Distill,6,False,24,0.08960455656051636,17.81426429748535
R1-Distill,6,False,25,-3.5648770332336426,27.79178237915039
R1-Distill,6,False,26,-4.826643943786621,41.31972885131836
R1-Distill,6,False,27,-5.025582313537598,57.446258544921875
R1-Distill,6,False,28,-1.6070799827575684,-1.3691871166229248
R1-Distill,7,False,0,-0.9039124250411987,-10.600292205810547
R1-Distill,7,False,1,-1.1289255619049072,-10.452718734741211
R1-Distill,7,False,2,-1.1003713607788086,-10.388810157775879
R1-Distill,7,False,3,-1.2112915515899658,-10.365455627441406
R1-Distill,7,False,4,-1.3758785724639893,-9.865605354309082
R1-Distill,7,False,5,-1.6587753295898438,-9.57833480834961
R1-Distill,7,False,6,-1.476647138595581,-9.41377067565918
R1-Distill,7,False,7,-1.395577311515808,-9.658796310424805
R1-Distill,7,False,8,-1.1672687530517578,-9.505653381347656
R1-Distill,7,False,9,-1.5681235790252686,-9.56997299194336
R1-Distill,7,False,10,-1.6137465238571167,-9.106770515441895
R1-Distill,7,False,11,-1.5026546716690063,-8.36395263671875
R1-Distill,7,False,12,-1.8428207635879517,-8.41584587097168
R1-Distill,7,False,13,-1.5835387706756592,-7.936622142791748
R1-Distill,7,False,14,-1.3682794570922852,-8.403614044189453
R1-Distill,7,False,15,-1.2393747568130493,-8.478105545043945
R1-Distill,7,False,16,-1.221114158630371,-8.168779373168945
R1-Distill,7,False,17,-1.1799947023391724,-7.156383514404297
R1-Distill,7,False,18,-1.7596668004989624,-6.150122165679932
R1-Distill,7,False,19,-1.2896640300750732,-5.49461555480957
R1-Distill,7,False,20,-1.9238845109939575,-3.3225693702697754
R1-Distill,7,False,21,-2.338639736175537,0.07125085592269897
R1-Distill,7,False,22,-4.064425468444824,6.70130729675293
R1-Distill,7,False,23,-4.899508476257324,11.952524185180664
R1-Distill,7,False,24,-4.388376235961914,16.707473754882812
R1-Distill,7,False,25,-8.885488510131836,27.132915496826172
R1-Distill,7,False,26,-11.857919692993164,37.7382926940918
R1-Distill,7,False,27,-13.476473808288574,50.533592224121094
R1-Distill,7,False,28,-4.145551681518555,-1.9136128425598145
R1-Distill,8,False,0,-0.9007136821746826,-10.604283332824707
R1-Distill,8,False,1,-1.0780376195907593,-10.623125076293945
R1-Distill,8,False,2,-1.0103249549865723,-10.518115997314453
R1-Distill,8,False,3,-1.0367286205291748,-10.641013145446777
R1-Distill,8,False,4,-0.9018830060958862,-10.467309951782227
R1-Distill,8,False,5,-1.1337101459503174,-10.20299243927002
R1-Distill,8,False,6,-0.8742102384567261,-9.921639442443848
R1-Distill,8,False,7,-0.814288854598999,-9.942594528198242
R1-Distill,8,False,8,-0.5033294558525085,-9.75652027130127
R1-Distill,8,False,9,-0.5559333562850952,-9.83438491821289
R1-Distill,8,False,10,-0.35312438011169434,-9.697959899902344
R1-Distill,8,False,11,-0.23187997937202454,-8.666223526000977
R1-Distill,8,False,12,-0.08164870738983154,-8.528133392333984
R1-Distill,8,False,13,-0.3834155797958374,-8.137283325195312
R1-Distill,8,False,14,-0.33450397849082947,-8.401145935058594
R1-Distill,8,False,15,-0.3438417911529541,-8.349466323852539
R1-Distill,8,False,16,0.2190881371498108,-7.6503705978393555
R1-Distill,8,False,17,-0.14490780234336853,-6.909775733947754
R1-Distill,8,False,18,-0.32740288972854614,-5.316142559051514
R1-Distill,8,False,19,0.3908788859844208,-4.609537124633789
R1-Distill,8,False,20,1.004871129989624,-1.8388723134994507
R1-Distill,8,False,21,0.33390435576438904,2.024575710296631
R1-Distill,8,False,22,-0.05318118631839752,9.839838027954102
R1-Distill,8,False,23,-1.5077983140945435,16.506885528564453
R1-Distill,8,False,24,-3.1968307495117188,22.46807861328125
R1-Distill,8,False,25,-5.355171203613281,33.69645309448242
R1-Distill,8,False,26,-7.492639064788818,44.091514587402344
R1-Distill,8,False,27,-9.639581680297852,56.54338455200195
R1-Distill,8,False,28,-3.6714141368865967,-0.48502564430236816
R1-Distill,9,True,0,-0.8932735919952393,-10.597600936889648
R1-Distill,9,True,1,-0.8079843521118164,-10.64113712310791
R1-Distill,9,True,2,-0.6056641340255737,-10.616082191467285
R1-Distill,9,True,3,-0.597870945930481,-10.551403045654297
R1-Distill,9,True,4,-0.2758955955505371,-10.196094512939453
R1-Distill,9,True,5,-0.13177379965782166,-9.77935791015625
R1-Distill,9,True,6,0.027986139059066772,-9.729815483093262
R1-Distill,9,True,7,0.30248814821243286,-9.76925277709961
R1-Distill,9,True,8,0.8427479267120361,-9.746160507202148
R1-Distill,9,True,9,0.7991727590560913,-9.893575668334961
R1-Distill,9,True,10,0.9642465710639954,-9.690571784973145
R1-Distill,9,True,11,1.1741931438446045,-9.289319038391113
R1-Distill,9,True,12,1.6982591152191162,-9.091958999633789
R1-Distill,9,True,13,2.007660150527954,-8.486330032348633
R1-Distill,9,True,14,2.4966938495635986,-8.646299362182617
R1-Distill,9,True,15,2.24714732170105,-8.476541519165039
R1-Distill,9,True,16,2.989248037338257,-8.219219207763672
R1-Distill,9,True,17,3.7467446327209473,-7.269474029541016
R1-Distill,9,True,18,5.1402692794799805,-6.5171356201171875
R1-Distill,9,True,19,5.516641139984131,-5.715980052947998
R1-Distill,9,True,20,6.6983642578125,-3.9932823181152344
R1-Distill,9,True,21,7.034885883331299,1.4077613353729248
R1-Distill,9,True,22,10.78356647491455,7.1480913162231445
R1-Distill,9,True,23,12.584665298461914,14.191017150878906
R1-Distill,9,True,24,15.515716552734375,19.996578216552734
R1-Distill,9,True,25,17.67772674560547,29.002899169921875
R1-Distill,9,True,26,19.29230499267578,39.41157531738281
R1-Distill,9,True,27,20.794471740722656,54.619503021240234
R1-Distill,9,True,28,1.738938331604004,-1.4340089559555054
R1-Distill,10,False,0,-0.911362886428833,-10.595672607421875
R1-Distill,10,False,1,-1.128509283065796,-10.594108581542969
R1-Distill,10,False,2,-1.1271939277648926,-10.474851608276367
R1-Distill,10,False,3,-1.2794232368469238,-10.342225074768066
R1-Distill,10,False,4,-1.2414696216583252,-10.056848526000977
R1-Distill,10,False,5,-1.3200116157531738,-9.68201732635498
R1-Distill,10,False,6,-1.4417076110839844,-9.705496788024902
R1-Distill,10,False,7,-1.4504642486572266,-9.731422424316406
R1-Distill,10,False,8,-1.3863914012908936,-9.272638320922852
R1-Distill,10,False,9,-1.2582447528839111,-9.423276901245117
R1-Distill,10,False,10,-1.4676326513290405,-9.191043853759766
R1-Distill,10,False,11,-1.5529608726501465,-8.66817855834961
R1-Distill,10,False,12,-1.9325045347213745,-8.314090728759766
R1-Distill,10,False,13,-1.8930000066757202,-7.81008243560791
R1-Distill,10,False,14,-1.4671467542648315,-7.884581565856934
R1-Distill,10,False,15,-1.497159719467163,-7.867283344268799
R1-Distill,10,False,16,-1.219831943511963,-6.891361236572266
R1-Distill,10,False,17,-1.786683201789856,-5.72780704498291
R1-Distill,10,False,18,-2.437387466430664,-4.528562545776367
R1-Distill,10,False,19,-2.159060478210449,-3.352750778198242
R1-Distill,10,False,20,-2.0256237983703613,-1.2157495021820068
R1-Distill,10,False,21,-1.5704855918884277,3.4339728355407715
R1-Distill,10,False,22,-2.824993133544922,10.798903465270996
R1-Distill,10,False,23,-2.48235821723938,17.029386520385742
R1-Distill,10,False,24,-1.842090129852295,22.391666412353516
R1-Distill,10,False,25,-4.723123073577881,32.876827239990234
R1-Distill,10,False,26,-6.583909034729004,46.12779998779297
R1-Distill,10,False,27,-6.298739910125732,63.71364974975586
R1-Distill,10,False,28,-2.4852280616760254,-0.011180639266967773
R1-Distill,11,False,0,-0.9248422384262085,-10.587738990783691
R1-Distill,11,False,1,-1.0325803756713867,-10.603148460388184
R1-Distill,11,False,2,-0.9717940092086792,-10.444530487060547
R1-Distill,11,False,3,-1.168358564376831,-10.28277587890625
R1-Distill,11,False,4,-1.1943786144256592,-10.0606689453125
R1-Distill,11,False,5,-1.3644617795944214,-9.618038177490234
R1-Distill,11,False,6,-1.2855308055877686,-9.573219299316406
R1-Distill,11,False,7,-1.4224417209625244,-9.661620140075684
R1-Distill,11,False,8,-1.0788238048553467,-9.39500617980957
R1-Distill,11,False,9,-0.8771737813949585,-9.723406791687012
R1-Distill,11,False,10,-0.842707633972168,-9.319917678833008
R1-Distill,11,False,11,-0.8848759531974792,-8.884453773498535
R1-Distill,11,False,12,-1.1839194297790527,-8.66861343383789
R1-Distill,11,False,13,-1.3061344623565674,-7.7422404289245605
R1-Distill,11,False,14,-1.155195951461792,-7.816140651702881
R1-Distill,11,False,15,-1.2030075788497925,-7.71774435043335
R1-Distill,11,False,16,-1.3045916557312012,-6.982231616973877
R1-Distill,11,False,17,-1.0151447057724,-6.146458625793457
R1-Distill,11,False,18,-1.6802825927734375,-4.686798095703125
R1-Distill,11,False,19,-1.7375152111053467,-3.698463201522827
R1-Distill,11,False,20,-1.4427902698516846,-1.7081141471862793
R1-Distill,11,False,21,-0.7541558146476746,3.0838356018066406
R1-Distill,11,False,22,-0.6393887996673584,10.527246475219727
R1-Distill,11,False,23,0.5206001996994019,18.07589340209961
R1-Distill,11,False,24,1.6430970430374146,24.304798126220703
R1-Distill,11,False,25,-0.05948352813720703,35.46050262451172
R1-Distill,11,False,26,-2.960761308670044,51.29096984863281
R1-Distill,11,False,27,-2.8406407833099365,70.7081298828125
R1-Distill,11,False,28,-1.9891691207885742,0.416159987449646
R1-Distill,12,False,0,-0.9066064357757568,-10.615403175354004
R1-Distill,12,False,1,-1.9187393188476562,-11.142702102661133
R1-Distill,12,False,2,-1.97760009765625,-11.415908813476562
R1-Distill,12,False,3,-1.9484572410583496,-11.133565902709961
R1-Distill,12,False,4,-1.7669845819473267,-10.585431098937988
R1-Distill,12,False,5,-2.6934540271759033,-10.148946762084961
R1-Distill,12,False,6,-2.0980396270751953,-9.960198402404785
R1-Distill,12,False,7,-1.4510215520858765,-10.316329956054688
R1-Distill,12,False,8,-1.7089282274246216,-10.08521556854248
R1-Distill,12,False,9,-1.6654844284057617,-10.158854484558105
R1-Distill,12,False,10,-1.3240469694137573,-9.928668975830078
R1-Distill,12,False,11,-0.4388628304004669,-9.63950252532959
R1-Distill,12,False,12,0.2682523727416992,-8.648144721984863
R1-Distill,12,False,13,0.3461053967475891,-8.18030071258545
R1-Distill,12,False,14,0.05018055438995361,-8.979208946228027
R1-Distill,12,False,15,-0.2337358593940735,-8.768638610839844
R1-Distill,12,False,16,0.4729686379432678,-8.675248146057129
R1-Distill,12,False,17,1.1058800220489502,-7.847925186157227
R1-Distill,12,False,18,2.057094097137451,-6.819141387939453
R1-Distill,12,False,19,3.3314194679260254,-6.299427032470703
R1-Distill,12,False,20,3.761533498764038,-2.4391896724700928
R1-Distill,12,False,21,3.7793240547180176,0.9980382323265076
R1-Distill,12,False,22,3.815033435821533,8.37246322631836
R1-Distill,12,False,23,4.684802055358887,13.440752029418945
R1-Distill,12,False,24,3.0893163681030273,23.860660552978516
R1-Distill,12,False,25,1.6537439823150635,34.45024490356445
R1-Distill,12,False,26,1.0692882537841797,43.72297286987305
R1-Distill,12,False,27,2.0478169918060303,57.80366134643555
R1-Distill,12,False,28,-1.7925658226013184,-0.7385523915290833
R1-Distill,13,False,0,-0.9136329889297485,-10.59939956665039
R1-Distill,13,False,1,-1.2615467309951782,-10.541149139404297
R1-Distill,13,False,2,-1.3947573900222778,-10.471702575683594
R1-Distill,13,False,3,-1.5812501907348633,-10.467504501342773
R1-Distill,13,False,4,-1.6002488136291504,-10.417768478393555
R1-Distill,13,False,5,-1.9734394550323486,-10.075825691223145
R1-Distill,13,False,6,-2.0020930767059326,-9.998250007629395
R1-Distill,13,False,7,-2.3057987689971924,-10.043478965759277
R1-Distill,13,False,8,-2.249483108520508,-9.76346206665039
R1-Distill,13,False,9,-2.239083766937256,-9.921648979187012
R1-Distill,13,False,10,-2.421751022338867,-9.477331161499023
R1-Distill,13,False,11,-2.6948606967926025,-8.925728797912598
R1-Distill,13,False,12,-3.3145928382873535,-8.685140609741211
R1-Distill,13,False,13,-3.3564624786376953,-8.374117851257324
R1-Distill,13,False,14,-3.060983657836914,-8.640177726745605
R1-Distill,13,False,15,-3.2875165939331055,-8.689852714538574
R1-Distill,13,False,16,-3.288234233856201,-8.200587272644043
R1-Distill,13,False,17,-3.8710381984710693,-7.251864433288574
R1-Distill,13,False,18,-4.64505672454834,-6.3234663009643555
R1-Distill,13,False,19,-4.717651844024658,-5.652363300323486
R1-Distill,13,False,20,-5.331840515136719,-3.827004909515381
R1-Distill,13,False,21,-5.858536720275879,0.24921181797981262
R1-Distill,13,False,22,-8.018327713012695,6.259058952331543
R1-Distill,13,False,23,-7.785349369049072,12.126799583435059
R1-Distill,13,False,24,-7.876949310302734,17.43877410888672
R1-Distill,13,False,25,-11.480936050415039,26.454879760742188
R1-Distill,13,False,26,-13.731895446777344,39.04357147216797
R1-Distill,13,False,27,-15.680006980895996,53.826560974121094
R1-Distill,13,False,28,-3.9545905590057373,-1.3283437490463257
R1-Distill,14,False,0,-0.9158863425254822,-10.592037200927734
R1-Distill,14,False,1,-1.248946189880371,-10.523433685302734
R1-Distill,14,False,2,-1.2642818689346313,-10.484264373779297
R1-Distill,14,False,3,-1.503047227859497,-10.343158721923828
R1-Distill,14,False,4,-1.546765923500061,-10.166644096374512
R1-Distill,14,False,5,-1.6994524002075195,-10.038433074951172
R1-Distill,14,False,6,-1.644892692565918,-10.060012817382812
R1-Distill,14,False,7,-1.6625477075576782,-10.100273132324219
R1-Distill,14,False,8,-1.7300686836242676,-9.693092346191406
R1-Distill,14,False,9,-1.7039474248886108,-9.75619888305664
R1-Distill,14,False,10,-1.708472490310669,-9.546314239501953
R1-Distill,14,False,11,-1.5074284076690674,-8.867034912109375
R1-Distill,14,False,12,-1.7671953439712524,-8.554862976074219
R1-Distill,14,False,13,-1.9345219135284424,-8.010149002075195
R1-Distill,14,False,14,-1.4629162549972534,-8.195255279541016
R1-Distill,14,False,15,-1.5558922290802002,-7.9572906494140625
R1-Distill,14,False,16,-1.0700032711029053,-7.331422805786133
R1-Distill,14,False,17,-1.4776833057403564,-6.46043062210083
R1-Distill,14,False,18,-1.785691261291504,-5.138463973999023
R1-Distill,14,False,19,-1.1876330375671387,-3.9200081825256348
R1-Distill,14,False,20,-1.0801684856414795,-1.5372161865234375
R1-Distill,14,False,21,-1.6683212518692017,2.531278371810913
R1-Distill,14,False,22,-2.6089394092559814,9.393949508666992
R1-Distill,14,False,23,-2.31888484954834,15.761879920959473
R1-Distill,14,False,24,-2.409979820251465,21.50819206237793
R1-Distill,14,False,25,-4.433091163635254,31.92274284362793
R1-Distill,14,False,26,-7.429499626159668,46.060672760009766
R1-Distill,14,False,27,-9.087787628173828,61.522377014160156
R1-Distill,14,False,28,-3.0512948036193848,-0.465640127658844
R1-Distill,15,False,0,-0.9004119634628296,-10.594993591308594
R1-Distill,15,False,1,-0.6222012639045715,-10.747653007507324
R1-Distill,15,False,2,-0.4897504448890686,-10.736478805541992
R1-Distill,15,False,3,-0.424269437789917,-10.470052719116211
R1-Distill,15,False,4,0.21803170442581177,-10.405871391296387
R1-Distill,15,False,5,0.3030487895011902,-10.255668640136719
R1-Distill,15,False,6,0.25449785590171814,-10.377058029174805
R1-Distill,15,False,7,0.09013758599758148,-10.479766845703125
R1-Distill,15,False,8,0.7015578746795654,-9.765816688537598
R1-Distill,15,False,9,0.8002915978431702,-9.628631591796875
R1-Distill,15,False,10,1.3734012842178345,-9.41832160949707
R1-Distill,15,False,11,2.1396963596343994,-9.041549682617188
R1-Distill,15,False,12,2.746570110321045,-8.72469711303711
R1-Distill,15,False,13,2.911935567855835,-8.068219184875488
R1-Distill,15,False,14,3.108215808868408,-8.31692886352539
R1-Distill,15,False,15,3.469048500061035,-8.212353706359863
R1-Distill,15,False,16,4.195150375366211,-7.536115646362305
R1-Distill,15,False,17,5.032561302185059,-6.677340984344482
R1-Distill,15,False,18,6.2723388671875,-5.803708076477051
R1-Distill,15,False,19,7.471896171569824,-4.401792049407959
R1-Distill,15,False,20,9.5304536819458,-1.656895399093628
R1-Distill,15,False,21,10.509786605834961,2.238083839416504
R1-Distill,15,False,22,11.962784767150879,10.066055297851562
R1-Distill,15,False,23,13.509298324584961,16.583932876586914
R1-Distill,15,False,24,13.576910018920898,24.407798767089844
R1-Distill,15,False,25,14.421039581298828,37.16692352294922
R1-Distill,15,False,26,14.006610870361328,48.477333068847656
R1-Distill,15,False,27,14.718120574951172,65.05763244628906
R1-Distill,15,False,28,0.32884737849235535,0.5386207103729248
R1-Distill,16,False,0,-0.9090668559074402,-10.60008430480957
R1-Distill,16,False,1,-1.3404574394226074,-10.49870491027832
R1-Distill,16,False,2,-1.3935000896453857,-10.453277587890625
R1-Distill,16,False,3,-1.476155400276184,-10.420429229736328
R1-Distill,16,False,4,-0.9968822002410889,-10.06875228881836
R1-Distill,16,False,5,-1.3105392456054688,-9.68124008178711
R1-Distill,16,False,6,-1.0350334644317627,-9.720720291137695
R1-Distill,16,False,7,-0.8394039273262024,-9.92813491821289
R1-Distill,16,False,8,-0.3228720724582672,-9.464889526367188
R1-Distill,16,False,9,-0.32714182138442993,-9.374297142028809
R1-Distill,16,False,10,-0.16707400977611542,-9.126848220825195
R1-Distill,16,False,11,0.4352254271507263,-8.440715789794922
R1-Distill,16,False,12,0.9956868886947632,-8.240716934204102
R1-Distill,16,False,13,0.867608904838562,-7.7126359939575195
R1-Distill,16,False,14,0.9951887726783752,-7.820845603942871
R1-Distill,16,False,15,1.2975066900253296,-7.666924476623535
R1-Distill,16,False,16,2.1686902046203613,-6.845211029052734
R1-Distill,16,False,17,1.8175621032714844,-5.767775535583496
R1-Distill,16,False,18,2.0842978954315186,-3.9205665588378906
R1-Distill,16,False,19,2.3543918132781982,-3.1831483840942383
R1-Distill,16,False,20,3.5783181190490723,-0.39034220576286316
R1-Distill,16,False,21,3.141289472579956,4.142446041107178
R1-Distill,16,False,22,3.9884884357452393,12.510009765625
R1-Distill,16,False,23,3.628159284591675,19.363521575927734
R1-Distill,16,False,24,3.2303316593170166,25.135709762573242
R1-Distill,16,False,25,1.3111451864242554,37.22999572753906
R1-Distill,16,False,26,0.10604238510131836,48.7273063659668
R1-Distill,16,False,27,-1.1676726341247559,64.68083953857422
R1-Distill,16,False,28,-2.205629825592041,-0.22662633657455444
R1-Distill,17,True,0,-0.9081064462661743,-10.593802452087402
R1-Distill,17,True,1,-0.9100918173789978,-10.568021774291992
R1-Distill,17,True,2,-0.9890093803405762,-10.425227165222168
R1-Distill,17,True,3,-1.1606590747833252,-10.248334884643555
R1-Distill,17,True,4,-1.139728307723999,-9.898645401000977
R1-Distill,17,True,5,-1.101074457168579,-9.488690376281738
R1-Distill,17,True,6,-1.3721485137939453,-9.542383193969727
R1-Distill,17,True,7,-1.1700960397720337,-9.572809219360352
R1-Distill,17,True,8,-0.7670224905014038,-9.424436569213867
R1-Distill,17,True,9,-0.8287614583969116,-9.525337219238281
R1-Distill,17,True,10,-0.8151675462722778,-9.220662117004395
R1-Distill,17,True,11,-0.6120952367782593,-8.87347412109375
R1-Distill,17,True,12,-0.6937913298606873,-8.443838119506836
R1-Distill,17,True,13,-0.8424111008644104,-7.863801956176758
R1-Distill,17,True,14,-0.7110503911972046,-7.955765724182129
R1-Distill,17,True,15,-0.9407160878181458,-7.657871246337891
R1-Distill,17,True,16,-1.0487515926361084,-6.878960132598877
R1-Distill,17,True,17,-0.808696985244751,-6.188004016876221
R1-Distill,17,True,18,-0.890357255935669,-4.977892875671387
R1-Distill,17,True,19,-0.8398902416229248,-3.8422181606292725
R1-Distill,17,True,20,-0.9539675712585449,-1.8207417726516724
R1-Distill,17,True,21,-0.017189353704452515,3.6801493167877197
R1-Distill,17,True,22,-0.52253258228302,11.079497337341309
R1-Distill,17,True,23,-0.22673636674880981,17.878765106201172
R1-Distill,17,True,24,1.313233494758606,23.794240951538086
R1-Distill,17,True,25,-0.30875876545906067,35.390357971191406
R1-Distill,17,True,26,-1.7523051500320435,48.480472564697266
R1-Distill,17,True,27,-1.6456007957458496,65.699951171875
R1-Distill,17,True,28,-1.6115096807479858,1.265233039855957
R1-Distill,18,True,0,-0.8945510387420654,-10.592523574829102
R1-Distill,18,True,1,-0.47151562571525574,-10.534377098083496
R1-Distill,18,True,2,-0.22305899858474731,-10.457881927490234
R1-Distill,18,True,3,-0.11665654182434082,-10.57986068725586
R1-Distill,18,True,4,0.4023286998271942,-10.426944732666016
R1-Distill,18,True,5,0.5592818856239319,-10.169955253601074
R1-Distill,18,True,6,0.6084098219871521,-10.136859893798828
R1-Distill,18,True,7,0.5992730855941772,-10.19363784790039
R1-Distill,18,True,8,1.291850209236145,-9.706290245056152
R1-Distill,18,True,9,1.431103229522705,-9.788019180297852
R1-Distill,18,True,10,1.9036502838134766,-9.530326843261719
R1-Distill,18,True,11,2.5352554321289062,-8.833330154418945
R1-Distill,18,True,12,2.9896581172943115,-8.588306427001953
R1-Distill,18,True,13,3.1512837409973145,-8.057023048400879
R1-Distill,18,True,14,3.6649768352508545,-8.145352363586426
R1-Distill,18,True,15,3.7976291179656982,-7.905445575714111
R1-Distill,18,True,16,4.780409812927246,-7.112802505493164
R1-Distill,18,True,17,5.330572128295898,-6.326138973236084
R1-Distill,18,True,18,6.136069297790527,-4.798882484436035
R1-Distill,18,True,19,7.443012237548828,-3.6477482318878174
R1-Distill,18,True,20,9.460847854614258,-1.4079817533493042
R1-Distill,18,True,21,11.804985046386719,3.5332627296447754
R1-Distill,18,True,22,13.887613296508789,11.836474418640137
R1-Distill,18,True,23,16.943817138671875,18.945133209228516
R1-Distill,18,True,24,21.13369369506836,25.80117416381836
R1-Distill,18,True,25,23.43592643737793,38.22575378417969
R1-Distill,18,True,26,23.201297760009766,52.18903732299805
R1-Distill,18,True,27,26.54852294921875,70.3485107421875
R1-Distill,18,True,28,3.6500730514526367,1.3223222494125366
R1-Distill,19,False,0,-0.8967814445495605,-10.595304489135742
R1-Distill,19,False,1,-1.2264001369476318,-10.382390975952148
R1-Distill,19,False,2,-1.2521169185638428,-10.286154747009277
R1-Distill,19,False,3,-1.540095567703247,-10.302943229675293
R1-Distill,19,False,4,-1.5981818437576294,-9.996731758117676
R1-Distill,19,False,5,-1.6986262798309326,-9.753520965576172
R1-Distill,19,False,6,-1.6571400165557861,-9.434524536132812
R1-Distill,19,False,7,-1.5613911151885986,-9.48824691772461
R1-Distill,19,False,8,-1.4271092414855957,-9.477277755737305
R1-Distill,19,False,9,-1.6251524686813354,-9.551085472106934
R1-Distill,19,False,10,-1.5230735540390015,-9.219833374023438
R1-Distill,19,False,11,-1.7508151531219482,-8.693729400634766
R1-Distill,19,False,12,-1.856459379196167,-8.688880920410156
R1-Distill,19,False,13,-1.839047908782959,-8.361284255981445
R1-Distill,19,False,14,-1.3760342597961426,-8.48060417175293
R1-Distill,19,False,15,-1.826999306678772,-8.278182983398438
R1-Distill,19,False,16,-1.8377735614776611,-8.181462287902832
R1-Distill,19,False,17,-1.747481107711792,-7.259176731109619
R1-Distill,19,False,18,-1.8682708740234375,-6.167088985443115
R1-Distill,19,False,19,-1.8390614986419678,-5.274491310119629
R1-Distill,19,False,20,-2.269016981124878,-3.5905702114105225
R1-Distill,19,False,21,-3.629223108291626,-0.4335705637931824
R1-Distill,19,False,22,-5.896236419677734,6.957724094390869
R1-Distill,19,False,23,-6.15767765045166,12.261384963989258
R1-Distill,19,False,24,-4.511283874511719,17.254499435424805
R1-Distill,19,False,25,-6.033904075622559,25.532203674316406
R1-Distill,19,False,26,-7.207805633544922,35.99840545654297
R1-Distill,19,False,27,-8.197751998901367,49.06234359741211
R1-Distill,19,False,28,-2.492835521697998,-1.8593671321868896
R1-Distill,20,False,0,-0.91181480884552,-10.59742546081543
R1-Distill,20,False,1,-1.3829110860824585,-10.50387954711914
R1-Distill,20,False,2,-1.5189012289047241,-10.362905502319336
R1-Distill,20,False,3,-1.6961086988449097,-10.231358528137207
R1-Distill,20,False,4,-1.8397208452224731,-9.992963790893555
R1-Distill,20,False,5,-1.87889564037323,-9.765274047851562
R1-Distill,20,False,6,-1.9148290157318115,-9.734498977661133
R1-Distill,20,False,7,-2.299922466278076,-9.815430641174316
R1-Distill,20,False,8,-2.437330722808838,-9.667766571044922
R1-Distill,20,False,9,-2.6700339317321777,-9.905667304992676
R1-Distill,20,False,10,-2.9809622764587402,-9.656335830688477
R1-Distill,20,False,11,-2.987715721130371,-9.204360008239746
R1-Distill,20,False,12,-3.4906961917877197,-8.818359375
R1-Distill,20,False,13,-3.7346715927124023,-8.290384292602539
R1-Distill,20,False,14,-3.5746068954467773,-8.542364120483398
R1-Distill,20,False,15,-3.899845600128174,-8.593185424804688
R1-Distill,20,False,16,-3.8818109035491943,-8.183262825012207
R1-Distill,20,False,17,-3.9950110912323,-7.423928260803223
R1-Distill,20,False,18,-4.935212135314941,-6.525302886962891
R1-Distill,20,False,19,-4.837526321411133,-5.753894805908203
R1-Distill,20,False,20,-5.554108619689941,-4.041862964630127
R1-Distill,20,False,21,-7.110452651977539,-0.688298761844635
R1-Distill,20,False,22,-9.89633846282959,4.554503917694092
R1-Distill,20,False,23,-10.967079162597656,10.470792770385742
R1-Distill,20,False,24,-12.632905960083008,14.450369834899902
R1-Distill,20,False,25,-16.479185104370117,22.105857849121094
R1-Distill,20,False,26,-18.543560028076172,34.917545318603516
R1-Distill,20,False,27,-20.434255599975586,50.55229187011719
R1-Distill,20,False,28,-4.09443998336792,-2.2667131423950195
R1-Distill,21,False,0,-0.9081383943557739,-10.594625473022461
R1-Distill,21,False,1,-1.148345708847046,-10.560556411743164
R1-Distill,21,False,2,-1.268548846244812,-10.560230255126953
R1-Distill,21,False,3,-1.298324465751648,-10.58487319946289
R1-Distill,21,False,4,-1.0753535032272339,-10.423935890197754
R1-Distill,21,False,5,-1.3577544689178467,-10.154922485351562
R1-Distill,21,False,6,-1.5674834251403809,-10.19900131225586
R1-Distill,21,False,7,-1.4315184354782104,-10.366304397583008
R1-Distill,21,False,8,-1.5197852849960327,-9.858396530151367
R1-Distill,21,False,9,-1.7174705266952515,-9.800272941589355
R1-Distill,21,False,10,-1.7824311256408691,-9.630071640014648
R1-Distill,21,False,11,-1.7983442544937134,-9.20058536529541
R1-Distill,21,False,12,-2.1535825729370117,-9.430326461791992
R1-Distill,21,False,13,-2.1036019325256348,-8.866317749023438
R1-Distill,21,False,14,-1.628190279006958,-8.975971221923828
R1-Distill,21,False,15,-1.6942135095596313,-9.01767349243164
R1-Distill,21,False,16,-1.6642847061157227,-8.735535621643066
R1-Distill,21,False,17,-2.0751965045928955,-7.989531517028809
R1-Distill,21,False,18,-2.4793925285339355,-6.708984375
R1-Distill,21,False,19,-1.844576120376587,-5.662069320678711
R1-Distill,21,False,20,-1.6895486116409302,-4.058864593505859
R1-Distill,21,False,21,-2.745029926300049,-0.375019371509552
R1-Distill,21,False,22,-4.335855484008789,6.453825950622559
R1-Distill,21,False,23,-4.815764427185059,11.11011028289795
R1-Distill,21,False,24,-5.5342326164245605,15.749276161193848
R1-Distill,21,False,25,-10.446022033691406,26.28145980834961
R1-Distill,21,False,26,-12.901808738708496,38.2244873046875
R1-Distill,21,False,27,-14.199295043945312,54.69536590576172
R1-Distill,21,False,28,-3.4407925605773926,-0.670791745185852
R1-Distill,22,False,0,-0.905110239982605,-10.596155166625977
R1-Distill,22,False,1,-0.962760865688324,-10.512003898620605
R1-Distill,22,False,2,-0.938188910484314,-10.493500709533691
R1-Distill,22,False,3,-1.1680024862289429,-10.565847396850586
R1-Distill,22,False,4,-1.0217844247817993,-10.299206733703613
R1-Distill,22,False,5,-1.032236099243164,-9.914278030395508
R1-Distill,22,False,6,-1.1052448749542236,-9.855427742004395
R1-Distill,22,False,7,-1.105948567390442,-9.798105239868164
R1-Distill,22,False,8,-0.9225218892097473,-9.513127326965332
R1-Distill,22,False,9,-0.9415780305862427,-9.598962783813477
R1-Distill,22,False,10,-0.8689724802970886,-9.365945816040039
R1-Distill,22,False,11,-1.0684880018234253,-8.762611389160156
R1-Distill,22,False,12,-1.087137222290039,-8.530317306518555
R1-Distill,22,False,13,-1.2013964653015137,-7.907806873321533
R1-Distill,22,False,14,-0.8864555358886719,-8.133129119873047
R1-Distill,22,False,15,-1.0051641464233398,-8.128324508666992
R1-Distill,22,False,16,-0.9989927411079407,-7.566257953643799
R1-Distill,22,False,17,-0.824359655380249,-6.646318435668945
R1-Distill,22,False,18,-1.5864195823669434,-5.404090881347656
R1-Distill,22,False,19,-1.3190635442733765,-4.541952133178711
R1-Distill,22,False,20,-1.8050446510314941,-2.8354530334472656
R1-Distill,22,False,21,-0.6686626076698303,1.497054934501648
R1-Distill,22,False,22,-1.4915789365768433,8.810617446899414
R1-Distill,22,False,23,-0.8978071212768555,14.360840797424316
R1-Distill,22,False,24,0.02671992778778076,19.169940948486328
R1-Distill,22,False,25,-1.8265759944915771,29.18587875366211
R1-Distill,22,False,26,-3.573920965194702,41.51141357421875
R1-Distill,22,False,27,-2.3034420013427734,56.45414352416992
R1-Distill,22,False,28,-1.1030769348144531,-0.7078922986984253
R1-Distill,23,False,0,-0.899300754070282,-10.597896575927734
R1-Distill,23,False,1,-0.8536328077316284,-10.458868026733398
R1-Distill,23,False,2,-0.7652171850204468,-10.310149192810059
R1-Distill,23,False,3,-0.9258679747581482,-10.16865348815918
R1-Distill,23,False,4,-0.6977295875549316,-9.872591018676758
R1-Distill,23,False,5,-0.4593247175216675,-9.83777141571045
R1-Distill,23,False,6,-0.42088383436203003,-9.831941604614258
R1-Distill,23,False,7,-0.4964582026004791,-9.70791244506836
R1-Distill,23,False,8,-0.04585075378417969,-9.427772521972656
R1-Distill,23,False,9,-0.2185031771659851,-9.311895370483398
R1-Distill,23,False,10,-0.12791752815246582,-9.018775939941406
R1-Distill,23,False,11,0.11683821678161621,-8.25864028930664
R1-Distill,23,False,12,0.6535139083862305,-8.195154190063477
R1-Distill,23,False,13,0.7459900379180908,-7.66215181350708
R1-Distill,23,False,14,1.1127034425735474,-7.6670918464660645
R1-Distill,23,False,15,1.0904078483581543,-7.362671375274658
R1-Distill,23,False,16,2.0106101036071777,-6.381868362426758
R1-Distill,23,False,17,2.22169828414917,-5.825436592102051
R1-Distill,23,False,18,2.570033073425293,-4.247664451599121
R1-Distill,23,False,19,2.920790195465088,-3.324521064758301
R1-Distill,23,False,20,4.2706499099731445,-0.9387493133544922
R1-Distill,23,False,21,4.966274261474609,3.056941032409668
R1-Distill,23,False,22,6.662209510803223,10.691993713378906
R1-Distill,23,False,23,7.500898361206055,17.576576232910156
R1-Distill,23,False,24,9.299400329589844,23.565319061279297
R1-Distill,23,False,25,11.786168098449707,35.96955871582031
R1-Distill,23,False,26,12.606584548950195,48.28449249267578
R1-Distill,23,False,27,14.012365341186523,64.78121185302734
R1-Distill,23,False,28,0.44280165433883667,-0.36541715264320374
R1-Distill,24,False,0,-0.9131776690483093,-10.594274520874023
R1-Distill,24,False,1,-1.182671070098877,-10.580305099487305
R1-Distill,24,False,2,-1.1921052932739258,-10.563430786132812
R1-Distill,24,False,3,-1.3176766633987427,-10.35284423828125
R1-Distill,24,False,4,-1.3200987577438354,-10.20541763305664
R1-Distill,24,False,5,-1.3711762428283691,-9.97368049621582
R1-Distill,24,False,6,-1.526893138885498,-9.953144073486328
R1-Distill,24,False,7,-1.6645032167434692,-9.951168060302734
R1-Distill,24,False,8,-1.6380481719970703,-9.646038055419922
R1-Distill,24,False,9,-1.7428821325302124,-9.475123405456543
R1-Distill,24,False,10,-1.8007826805114746,-9.14729118347168
R1-Distill,24,False,11,-1.7409310340881348,-8.898750305175781
R1-Distill,24,False,12,-1.9877119064331055,-8.522231101989746
R1-Distill,24,False,13,-1.944960117340088,-8.054112434387207
R1-Distill,24,False,14,-1.516371726989746,-8.089056015014648
R1-Distill,24,False,15,-1.5795698165893555,-8.136505126953125
R1-Distill,24,False,16,-1.3505885601043701,-7.6859636306762695
R1-Distill,24,False,17,-1.510158658027649,-6.756739616394043
R1-Distill,24,False,18,-1.712573766708374,-5.508839130401611
R1-Distill,24,False,19,-1.4745054244995117,-4.689413070678711
R1-Distill,24,False,20,-1.3285341262817383,-2.612139940261841
R1-Distill,24,False,21,-1.779728651046753,1.7565574645996094
R1-Distill,24,False,22,-3.274078607559204,9.831472396850586
R1-Distill,24,False,23,-3.658158302307129,15.617256164550781
R1-Distill,24,False,24,-4.2613630294799805,21.7188720703125
R1-Distill,24,False,25,-6.039870262145996,32.23536682128906
R1-Distill,24,False,26,-8.10477352142334,44.870384216308594
R1-Distill,24,False,27,-10.178644180297852,62.08184814453125
R1-Distill,24,False,28,-2.7101945877075195,0.6149419546127319
R1-Distill,25,True,0,-0.9054266214370728,-10.593401908874512
R1-Distill,25,True,1,-1.072645664215088,-10.604098320007324
R1-Distill,25,True,2,-1.1762661933898926,-10.545875549316406
R1-Distill,25,True,3,-1.4699718952178955,-10.481698989868164
R1-Distill,25,True,4,-1.4835853576660156,-10.276788711547852
R1-Distill,25,True,5,-1.5321922302246094,-9.88222885131836
R1-Distill,25,True,6,-1.5533182621002197,-9.842086791992188
R1-Distill,25,True,7,-1.6172970533370972,-9.894993782043457
R1-Distill,25,True,8,-1.3222743272781372,-9.468090057373047
R1-Distill,25,True,9,-1.3804126977920532,-9.5244140625
R1-Distill,25,True,10,-1.2864289283752441,-9.360382080078125
R1-Distill,25,True,11,-0.9521113038063049,-9.14206314086914
R1-Distill,25,True,12,-1.0946741104125977,-8.937576293945312
R1-Distill,25,True,13,-1.127143144607544,-8.238909721374512
R1-Distill,25,True,14,-0.5846444368362427,-8.393874168395996
R1-Distill,25,True,15,-0.6669877767562866,-8.261146545410156
R1-Distill,25,True,16,-0.3968921899795532,-7.674949645996094
R1-Distill,25,True,17,-0.06785795092582703,-6.663890838623047
R1-Distill,25,True,18,-0.8592828512191772,-5.361225605010986
R1-Distill,25,True,19,-0.526854932308197,-4.491336345672607
R1-Distill,25,True,20,-0.37981197237968445,-2.886413335800171
R1-Distill,25,True,21,0.3693300485610962,2.005277156829834
R1-Distill,25,True,22,-0.005511879920959473,9.940879821777344
R1-Distill,25,True,23,1.4142073392868042,16.830612182617188
R1-Distill,25,True,24,2.9929826259613037,22.300235748291016
R1-Distill,25,True,25,2.3955910205841064,33.03125762939453
R1-Distill,25,True,26,1.230919361114502,46.50041961669922
R1-Distill,25,True,27,2.2360360622406006,63.309471130371094
R1-Distill,25,True,28,-0.021339058876037598,0.19532150030136108
R1-Distill,26,False,0,-0.9285987019538879,-10.583124160766602
R1-Distill,26,False,1,-1.1550710201263428,-10.645076751708984
R1-Distill,26,False,2,-1.0882166624069214,-10.61577320098877
R1-Distill,26,False,3,-1.408186435699463,-10.342530250549316
R1-Distill,26,False,4,-1.348023533821106,-10.084035873413086
R1-Distill,26,False,5,-1.432264804840088,-9.687007904052734
R1-Distill,26,False,6,-1.4906282424926758,-9.690455436706543
R1-Distill,26,False,7,-1.5555248260498047,-9.670437812805176
R1-Distill,26,False,8,-1.2865309715270996,-9.306530952453613
R1-Distill,26,False,9,-1.1931812763214111,-9.689717292785645
R1-Distill,26,False,10,-1.1934423446655273,-9.242565155029297
R1-Distill,26,False,11,-1.1890044212341309,-8.845640182495117
R1-Distill,26,False,12,-1.4703925848007202,-8.638157844543457
R1-Distill,26,False,13,-1.4271280765533447,-7.600659370422363
R1-Distill,26,False,14,-1.228194236755371,-7.852226257324219
R1-Distill,26,False,15,-1.4219673871994019,-7.692631721496582
R1-Distill,26,False,16,-1.4413118362426758,-6.907780647277832
R1-Distill,26,False,17,-0.9923696517944336,-6.076323509216309
R1-Distill,26,False,18,-1.7766849994659424,-4.492708683013916
R1-Distill,26,False,19,-1.8691341876983643,-3.819394588470459
R1-Distill,26,False,20,-1.5051722526550293,-1.8768354654312134
R1-Distill,26,False,21,-0.5978561639785767,2.775372266769409
R1-Distill,26,False,22,-1.1957674026489258,10.402206420898438
R1-Distill,26,False,23,-0.33420276641845703,17.980478286743164
R1-Distill,26,False,24,-0.391033411026001,25.011882781982422
R1-Distill,26,False,25,-2.249051332473755,36.180198669433594
R1-Distill,26,False,26,-4.914549827575684,52.72028350830078
R1-Distill,26,False,27,-4.570443630218506,71.89749145507812
R1-Distill,26,False,28,-2.315032958984375,0.8484790325164795
R1-Distill,27,True,0,-0.8972276449203491,-10.602922439575195
R1-Distill,27,True,1,-0.8646246194839478,-10.520347595214844
R1-Distill,27,True,2,-0.7548332810401917,-10.514572143554688
R1-Distill,27,True,3,-0.9061311483383179,-10.50582504272461
R1-Distill,27,True,4,-0.6248990297317505,-10.23908805847168
R1-Distill,27,True,5,-0.4208713471889496,-9.785835266113281
R1-Distill,27,True,6,-0.30465996265411377,-9.67052936553955
R1-Distill,27,True,7,-0.046376124024391174,-9.539669036865234
R1-Distill,27,True,8,0.36289387941360474,-9.105408668518066
R1-Distill,27,True,9,0.22391599416732788,-9.340680122375488
R1-Distill,27,True,10,0.7364855408668518,-8.95391845703125
R1-Distill,27,True,11,1.4460524320602417,-8.713977813720703
R1-Distill,27,True,12,2.076479196548462,-8.767288208007812
R1-Distill,27,True,13,2.0602574348449707,-8.152318954467773
R1-Distill,27,True,14,2.7249207496643066,-8.125576972961426
R1-Distill,27,True,15,2.4629969596862793,-7.918593883514404
R1-Distill,27,True,16,3.475674629211426,-7.835394382476807
R1-Distill,27,True,17,4.279541015625,-6.935479164123535
R1-Distill,27,True,18,5.793804168701172,-6.327995300292969
R1-Distill,27,True,19,5.947305202484131,-5.4942779541015625
R1-Distill,27,True,20,6.956979274749756,-3.622887134552002
R1-Distill,27,True,21,8.1383056640625,0.6719950437545776
R1-Distill,27,True,22,11.719079971313477,6.313857555389404
R1-Distill,27,True,23,13.869093894958496,12.181387901306152
R1-Distill,27,True,24,16.545486450195312,16.89133071899414
R1-Distill,27,True,25,18.858259201049805,25.117414474487305
R1-Distill,27,True,26,20.276084899902344,34.42608642578125
R1-Distill,27,True,27,20.583723068237305,48.50492858886719
R1-Distill,27,True,28,2.790419816970825,-2.3060755729675293
R1-Distill,28,True,0,-0.9035689234733582,-10.601632118225098
R1-Distill,28,True,1,-1.2135480642318726,-10.477258682250977
R1-Distill,28,True,2,-1.306780219078064,-10.426584243774414
R1-Distill,28,True,3,-1.4640552997589111,-10.432341575622559
R1-Distill,28,True,4,-1.3063514232635498,-10.265581130981445
R1-Distill,28,True,5,-1.4261987209320068,-10.047036170959473
R1-Distill,28,True,6,-1.1564295291900635,-9.949949264526367
R1-Distill,28,True,7,-0.9885889291763306,-9.94282341003418
R1-Distill,28,True,8,-0.8509557247161865,-9.654086112976074
R1-Distill,28,True,9,-0.8270623683929443,-9.798368453979492
R1-Distill,28,True,10,-0.9817029237747192,-9.458741188049316
R1-Distill,28,True,11,-0.8380184769630432,-9.138090133666992
R1-Distill,28,True,12,-0.7996796369552612,-8.997581481933594
R1-Distill,28,True,13,-0.5679786801338196,-8.706707000732422
R1-Distill,28,True,14,-0.19654564559459686,-8.866127967834473
R1-Distill,28,True,15,-0.3353387415409088,-9.001569747924805
R1-Distill,28,True,16,0.27227306365966797,-8.542898178100586
R1-Distill,28,True,17,0.4218234419822693,-7.771264553070068
R1-Distill,28,True,18,0.6985487341880798,-6.924281120300293
R1-Distill,28,True,19,0.7966740131378174,-6.147219657897949
R1-Distill,28,True,20,1.048844575881958,-4.63054084777832
R1-Distill,28,True,21,0.6419094204902649,-1.5054676532745361
R1-Distill,28,True,22,1.5007445812225342,4.413510322570801
R1-Distill,28,True,23,1.12759268283844,10.029130935668945
R1-Distill,28,True,24,1.3042209148406982,14.746715545654297
R1-Distill,28,True,25,0.3278772532939911,23.669889450073242
R1-Distill,28,True,26,-0.3005943298339844,33.454071044921875
R1-Distill,28,True,27,-1.0447889566421509,46.87158203125
R1-Distill,28,True,28,-1.5843948125839233,-2.553600549697876
R1-Distill,29,True,0,-0.9017513990402222,-10.598087310791016
R1-Distill,29,True,1,-0.833319902420044,-10.480658531188965
R1-Distill,29,True,2,-0.7341427206993103,-10.413431167602539
R1-Distill,29,True,3,-0.8611187934875488,-10.208162307739258
R1-Distill,29,True,4,-0.7209011912345886,-10.185901641845703
R1-Distill,29,True,5,-0.827224612236023,-9.906168937683105
R1-Distill,29,True,6,-0.8957076072692871,-9.892658233642578
R1-Distill,29,True,7,-0.6553142666816711,-9.938056945800781
R1-Distill,29,True,8,-0.6445604562759399,-9.384410858154297
R1-Distill,29,True,9,-0.7018629312515259,-9.420961380004883
R1-Distill,29,True,10,-0.8628084063529968,-9.215069770812988
R1-Distill,29,True,11,-0.730085015296936,-8.968517303466797
R1-Distill,29,True,12,-0.7429909706115723,-8.765053749084473
R1-Distill,29,True,13,-0.9071971774101257,-8.286001205444336
R1-Distill,29,True,14,-0.6375357508659363,-8.154040336608887
R1-Distill,29,True,15,-0.6982995271682739,-8.072906494140625
R1-Distill,29,True,16,-0.5029816031455994,-7.413978099822998
R1-Distill,29,True,17,-0.7795534133911133,-6.63807487487793
R1-Distill,29,True,18,-0.8097161054611206,-5.46406364440918
R1-Distill,29,True,19,-0.305791437625885,-5.032892227172852
R1-Distill,29,True,20,0.2502201199531555,-3.111732006072998
R1-Distill,29,True,21,1.351548194885254,1.0875505208969116
R1-Distill,29,True,22,2.1468324661254883,8.163820266723633
R1-Distill,29,True,23,3.4869534969329834,15.211170196533203
R1-Distill,29,True,24,4.617375373840332,21.63950538635254
R1-Distill,29,True,25,4.325303554534912,32.44853210449219
R1-Distill,29,True,26,3.542536973953247,45.60585021972656
R1-Distill,29,True,27,5.479901313781738,61.258644104003906
R1-Distill,29,True,28,0.06977617740631104,-0.07881754636764526
R1-Distill,30,False,0,-0.9117584228515625,-10.599430084228516
R1-Distill,30,False,1,-1.1131293773651123,-10.725629806518555
R1-Distill,30,False,2,-1.0906550884246826,-10.696475982666016
R1-Distill,30,False,3,-1.1694526672363281,-10.573701858520508
R1-Distill,30,False,4,-1.1476178169250488,-10.588714599609375
R1-Distill,30,False,5,-1.2309434413909912,-10.410112380981445
R1-Distill,30,False,6,-1.3698396682739258,-10.220146179199219
R1-Distill,30,False,7,-1.3729643821716309,-10.224578857421875
R1-Distill,30,False,8,-1.1393991708755493,-10.043952941894531
R1-Distill,30,False,9,-1.27943754196167,-10.151592254638672
R1-Distill,30,False,10,-1.3491966724395752,-9.90159797668457
R1-Distill,30,False,11,-1.0244871377944946,-9.634702682495117
R1-Distill,30,False,12,-0.8456060886383057,-9.428915023803711
R1-Distill,30,False,13,-0.7925695776939392,-8.880392074584961
R1-Distill,30,False,14,-0.5429967641830444,-8.961694717407227
R1-Distill,30,False,15,-0.34397417306900024,-8.984722137451172
R1-Distill,30,False,16,0.3000054359436035,-8.271612167358398
R1-Distill,30,False,17,0.15091168880462646,-7.6655473709106445
R1-Distill,30,False,18,-0.31616902351379395,-6.5760908126831055
R1-Distill,30,False,19,0.05323511362075806,-5.567750930786133
R1-Distill,30,False,20,0.1660449206829071,-4.004103660583496
R1-Distill,30,False,21,0.3903392553329468,-0.37068814039230347
R1-Distill,30,False,22,-0.8180492520332336,7.415585994720459
R1-Distill,30,False,23,0.3364564776420593,13.255369186401367
R1-Distill,30,False,24,-0.23920148611068726,18.130950927734375
R1-Distill,30,False,25,-2.5856311321258545,28.050750732421875
R1-Distill,30,False,26,-4.2334160804748535,40.27734375
R1-Distill,30,False,27,-4.02747106552124,57.58740997314453
R1-Distill,30,False,28,-1.8009889125823975,-1.0961461067199707
R1-Distill,31,True,0,-0.9169056415557861,-10.593994140625
R1-Distill,31,True,1,-1.0964813232421875,-10.57593059539795
R1-Distill,31,True,2,-1.139641284942627,-10.53467845916748
R1-Distill,31,True,3,-1.2562925815582275,-10.408918380737305
R1-Distill,31,True,4,-1.2761855125427246,-10.285700798034668
R1-Distill,31,True,5,-1.420293927192688,-9.951000213623047
R1-Distill,31,True,6,-1.2025206089019775,-10.020692825317383
R1-Distill,31,True,7,-1.311460018157959,-9.987472534179688
R1-Distill,31,True,8,-0.9600003957748413,-9.57944107055664
R1-Distill,31,True,9,-0.9677402973175049,-9.702757835388184
R1-Distill,31,True,10,-0.9328440427780151,-9.447494506835938
R1-Distill,31,True,11,-0.6383229494094849,-8.990259170532227
R1-Distill,31,True,12,-0.7324049472808838,-8.889296531677246
R1-Distill,31,True,13,-0.6668874025344849,-8.245394706726074
R1-Distill,31,True,14,-0.5150245428085327,-8.456072807312012
R1-Distill,31,True,15,-0.5007056593894958,-8.346597671508789
R1-Distill,31,True,16,-0.5441765189170837,-7.562114238739014
R1-Distill,31,True,17,-0.9219553470611572,-6.854489326477051
R1-Distill,31,True,18,-1.6560214757919312,-5.424628257751465
R1-Distill,31,True,19,-1.3197015523910522,-4.321192741394043
R1-Distill,31,True,20,-0.8488163948059082,-1.972704529762268
R1-Distill,31,True,21,0.7936465740203857,1.8004372119903564
R1-Distill,31,True,22,-0.08422267436981201,8.605791091918945
R1-Distill,31,True,23,1.1656385660171509,15.152595520019531
R1-Distill,31,True,24,2.2960450649261475,20.313541412353516
R1-Distill,31,True,25,1.057640552520752,30.121200561523438
R1-Distill,31,True,26,-0.6228232979774475,44.018455505371094
R1-Distill,31,True,27,1.173349142074585,61.5355339050293
R1-Distill,31,True,28,-1.1442327499389648,-0.6547643542289734
R1-Distill,32,True,0,-0.8832957148551941,-10.603571891784668
R1-Distill,32,True,1,-0.16140130162239075,-10.664290428161621
R1-Distill,32,True,2,0.32587140798568726,-10.714578628540039
R1-Distill,32,True,3,0.3611132502555847,-10.60556411743164
R1-Distill,32,True,4,1.0580883026123047,-10.565049171447754
R1-Distill,32,True,5,1.0587748289108276,-10.338240623474121
R1-Distill,32,True,6,1.113249659538269,-10.269784927368164
R1-Distill,32,True,7,1.161040186882019,-10.481849670410156
R1-Distill,32,True,8,2.2116713523864746,-10.022802352905273
R1-Distill,32,True,9,2.3936126232147217,-9.718997955322266
R1-Distill,32,True,10,3.1140365600585938,-9.640913963317871
R1-Distill,32,True,11,3.6435160636901855,-9.00599193572998
R1-Distill,32,True,12,4.978806018829346,-8.481155395507812
R1-Distill,32,True,13,5.343433380126953,-8.251824378967285
R1-Distill,32,True,14,5.538827419281006,-8.520956993103027
R1-Distill,32,True,15,5.372941017150879,-8.139554977416992
R1-Distill,32,True,16,6.254794597625732,-8.00540542602539
R1-Distill,32,True,17,6.759089946746826,-7.258464336395264
R1-Distill,32,True,18,8.049079895019531,-6.272765159606934
R1-Distill,32,True,19,8.734138488769531,-5.1550469398498535
R1-Distill,32,True,20,11.079108238220215,-2.5555169582366943
R1-Distill,32,True,21,13.113235473632812,-0.11864209175109863
R1-Distill,32,True,22,15.975797653198242,7.293638229370117
R1-Distill,32,True,23,17.935497283935547,13.050729751586914
R1-Distill,32,True,24,19.539703369140625,20.254940032958984
R1-Distill,32,True,25,22.70853042602539,30.947065353393555
R1-Distill,32,True,26,23.832687377929688,40.763954162597656
R1-Distill,32,True,27,25.780250549316406,53.714569091796875
R1-Distill,32,True,28,2.9914979934692383,-0.8261195421218872
R1-Distill,33,False,0,-0.907569169998169,-10.596298217773438
R1-Distill,33,False,1,-1.0126497745513916,-10.55406665802002
R1-Distill,33,False,2,-0.9680521488189697,-10.511536598205566
R1-Distill,33,False,3,-1.0512585639953613,-10.443658828735352
R1-Distill,33,False,4,-0.7501441836357117,-10.374861717224121
R1-Distill,33,False,5,-0.7091612219810486,-10.17816162109375
R1-Distill,33,False,6,-1.0080323219299316,-10.123431205749512
R1-Distill,33,False,7,-0.8151165246963501,-10.015337944030762
R1-Distill,33,False,8,-0.6800564527511597,-9.498714447021484
R1-Distill,33,False,9,-0.5878317356109619,-9.646561622619629
R1-Distill,33,False,10,-0.5965690612792969,-9.397005081176758
R1-Distill,33,False,11,-0.4724263548851013,-8.998893737792969
R1-Distill,33,False,12,-0.509347677230835,-8.817702293395996
R1-Distill,33,False,13,-0.6125695705413818,-8.340208053588867
R1-Distill,33,False,14,-0.19348007440567017,-8.34978199005127
R1-Distill,33,False,15,-0.2547339200973511,-8.372642517089844
R1-Distill,33,False,16,0.06646661460399628,-7.729835510253906
R1-Distill,33,False,17,-0.12247592210769653,-6.815731048583984
R1-Distill,33,False,18,-0.37955039739608765,-5.518197059631348
R1-Distill,33,False,19,0.043721407651901245,-4.686858177185059
R1-Distill,33,False,20,0.9192776083946228,-2.6578736305236816
R1-Distill,33,False,21,2.157249927520752,1.820650339126587
R1-Distill,33,False,22,2.3551740646362305,9.377848625183105
R1-Distill,33,False,23,4.196557521820068,15.771299362182617
R1-Distill,33,False,24,5.595829963684082,22.124818801879883
R1-Distill,33,False,25,4.597157955169678,32.0302734375
R1-Distill,33,False,26,3.812589645385742,44.95740509033203
R1-Distill,33,False,27,5.759637832641602,62.21644592285156
R1-Distill,33,False,28,0.17949414253234863,-0.5020668506622314
R1-Distill,34,False,0,-0.9060375094413757,-10.600375175476074
R1-Distill,34,False,1,-0.9844275712966919,-10.50257396697998
R1-Distill,34,False,2,-0.9344327449798584,-10.469324111938477
R1-Distill,34,False,3,-0.9143270254135132,-10.522201538085938
R1-Distill,34,False,4,-0.7595481872558594,-10.425182342529297
R1-Distill,34,False,5,-0.8318888545036316,-10.19830322265625
R1-Distill,34,False,6,-0.7833549380302429,-10.145631790161133
R1-Distill,34,False,7,-0.6769567728042603,-10.057056427001953
R1-Distill,34,False,8,-0.4847440719604492,-9.515356063842773
R1-Distill,34,False,9,-0.5343234539031982,-9.668392181396484
R1-Distill,34,False,10,-0.5760680437088013,-9.416935920715332
R1-Distill,34,False,11,-0.3720768094062805,-9.03199577331543
R1-Distill,34,False,12,-0.7938433289527893,-8.81193733215332
R1-Distill,34,False,13,-0.9600916504859924,-8.248617172241211
R1-Distill,34,False,14,-0.42806899547576904,-8.329265594482422
R1-Distill,34,False,15,-0.3389805853366852,-8.31728458404541
R1-Distill,34,False,16,-0.09065686166286469,-7.643026351928711
R1-Distill,34,False,17,-0.3889090120792389,-6.927814960479736
R1-Distill,34,False,18,-1.0623663663864136,-5.728610992431641
R1-Distill,34,False,19,-0.40183913707733154,-4.748926639556885
R1-Distill,34,False,20,0.05283075571060181,-2.9936769008636475
R1-Distill,34,False,21,0.6650688648223877,1.5449113845825195
R1-Distill,34,False,22,-0.05228742957115173,8.658438682556152
R1-Distill,34,False,23,1.3074097633361816,14.863102912902832
R1-Distill,34,False,24,0.97857266664505,20.621627807617188
R1-Distill,34,False,25,-1.5552107095718384,31.40825653076172
R1-Distill,34,False,26,-2.150150775909424,44.02265167236328
R1-Distill,34,False,27,-2.3353285789489746,61.15557861328125
R1-Distill,34,False,28,-1.1632437705993652,-0.39158183336257935
R1-Distill,35,True,0,-0.9010301828384399,-10.597230911254883
R1-Distill,35,True,1,-0.6807711124420166,-10.48701000213623
R1-Distill,35,True,2,-0.5811333656311035,-10.524438858032227
R1-Distill,35,True,3,-0.44435015320777893,-10.543341636657715
R1-Distill,35,True,4,0.04402840882539749,-10.482812881469727
R1-Distill,35,True,5,0.07180316746234894,-10.042445182800293
R1-Distill,35,True,6,-0.06976064294576645,-10.173295974731445
R1-Distill,35,True,7,0.02966657280921936,-10.233139038085938
R1-Distill,35,True,8,0.6804080009460449,-9.844347953796387
R1-Distill,35,True,9,0.8001515865325928,-9.772442817687988
R1-Distill,35,True,10,1.1659564971923828,-9.636371612548828
R1-Distill,35,True,11,1.4128472805023193,-9.245823860168457
R1-Distill,35,True,12,1.731248140335083,-9.011825561523438
R1-Distill,35,True,13,1.9169039726257324,-8.452536582946777
R1-Distill,35,True,14,2.125883102416992,-8.659934997558594
R1-Distill,35,True,15,2.238260269165039,-8.853584289550781
R1-Distill,35,True,16,2.9511260986328125,-8.095196723937988
R1-Distill,35,True,17,3.1331348419189453,-7.463077068328857
R1-Distill,35,True,18,3.4782938957214355,-5.932290077209473
R1-Distill,35,True,19,4.256208419799805,-5.037145137786865
R1-Distill,35,True,20,5.26469612121582,-2.4127631187438965
R1-Distill,35,True,21,7.02308464050293,1.6264461278915405
R1-Distill,35,True,22,7.967033863067627,10.025955200195312
R1-Distill,35,True,23,8.686922073364258,16.29947853088379
R1-Distill,35,True,24,9.67322063446045,22.43950080871582
R1-Distill,35,True,25,9.273138046264648,34.6193962097168
R1-Distill,35,True,26,7.344505310058594,46.85318374633789
R1-Distill,35,True,27,7.250971794128418,61.447052001953125
R1-Distill,35,True,28,0.31067323684692383,0.3219156861305237
R1-Distill,36,True,0,-0.9125089645385742,-10.59327220916748
R1-Distill,36,True,1,-0.9547666311264038,-10.590747833251953
R1-Distill,36,True,2,-1.0139294862747192,-10.615564346313477
R1-Distill,36,True,3,-1.2764345407485962,-10.50623893737793
R1-Distill,36,True,4,-1.2326304912567139,-10.211069107055664
R1-Distill,36,True,5,-1.2267674207687378,-9.83869743347168
R1-Distill,36,True,6,-1.231500267982483,-9.802021026611328
R1-Distill,36,True,7,-1.284651517868042,-9.833771705627441
R1-Distill,36,True,8,-0.9332341551780701,-9.565084457397461
R1-Distill,36,True,9,-1.0609170198440552,-9.626421928405762
R1-Distill,36,True,10,-1.0874539613723755,-9.271020889282227
R1-Distill,36,True,11,-0.8361281752586365,-8.946593284606934
R1-Distill,36,True,12,-0.7485514283180237,-8.82758903503418
R1-Distill,36,True,13,-0.7881830930709839,-8.360394477844238
R1-Distill,36,True,14,-0.7237081527709961,-8.450040817260742
R1-Distill,36,True,15,-0.7634493112564087,-8.342950820922852
R1-Distill,36,True,16,-0.8861889839172363,-7.727455139160156
R1-Distill,36,True,17,-0.46612322330474854,-6.800989627838135
R1-Distill,36,True,18,-0.9347591400146484,-5.3796281814575195
R1-Distill,36,True,19,-0.9592487215995789,-4.404661178588867
R1-Distill,36,True,20,-1.079132318496704,-2.8668174743652344
R1-Distill,36,True,21,0.025994956493377686,1.7236922979354858
R1-Distill,36,True,22,-0.5654901266098022,9.22313117980957
R1-Distill,36,True,23,0.46378904581069946,15.153571128845215
R1-Distill,36,True,24,1.1606082916259766,20.77018165588379
R1-Distill,36,True,25,-1.6526204347610474,31.90686798095703
R1-Distill,36,True,26,-3.5861968994140625,45.571773529052734
R1-Distill,36,True,27,-2.9955344200134277,62.10979461669922
R1-Distill,36,True,28,-1.0890830755233765,0.17646026611328125
R1-Distill,37,False,0,-0.9098964333534241,-10.595863342285156
R1-Distill,37,False,1,-1.0639337301254272,-10.53652572631836
R1-Distill,37,False,2,-1.2313034534454346,-10.486360549926758
R1-Distill,37,False,3,-1.4152963161468506,-10.382165908813477
R1-Distill,37,False,4,-1.4967354536056519,-10.23189640045166
R1-Distill,37,False,5,-1.6251754760742188,-9.738380432128906
R1-Distill,37,False,6,-1.7017340660095215,-9.77802848815918
R1-Distill,37,False,7,-1.8870165348052979,-9.787614822387695
R1-Distill,37,False,8,-1.776127576828003,-9.503265380859375
R1-Distill,37,False,9,-1.7676031589508057,-9.693336486816406
R1-Distill,37,False,10,-1.7832072973251343,-9.369991302490234
R1-Distill,37,False,11,-1.8098200559616089,-9.015349388122559
R1-Distill,37,False,12,-2.2156639099121094,-8.68551254272461
R1-Distill,37,False,13,-2.420041561126709,-8.121695518493652
R1-Distill,37,False,14,-2.0302066802978516,-8.122156143188477
R1-Distill,37,False,15,-2.2695529460906982,-8.093605041503906
R1-Distill,37,False,16,-2.4836795330047607,-7.429502964019775
R1-Distill,37,False,17,-2.6033363342285156,-6.480790615081787
R1-Distill,37,False,18,-3.506640911102295,-5.348032474517822
R1-Distill,37,False,19,-3.431094169616699,-4.395964622497559
R1-Distill,37,False,20,-3.620453357696533,-2.3531405925750732
R1-Distill,37,False,21,-3.7032957077026367,2.5415215492248535
R1-Distill,37,False,22,-5.23171854019165,10.325119018554688
R1-Distill,37,False,23,-5.039529800415039,18.04237174987793
R1-Distill,37,False,24,-5.610719680786133,23.986892700195312
R1-Distill,37,False,25,-9.269876480102539,33.91454315185547
R1-Distill,37,False,26,-11.6220703125,46.94239044189453
R1-Distill,37,False,27,-11.836140632629395,63.27068328857422
R1-Distill,37,False,28,-2.927025556564331,0.5672582983970642
R1-Distill,38,False,0,-0.9061667919158936,-10.59930419921875
R1-Distill,38,False,1,-1.1838397979736328,-10.568533897399902
R1-Distill,38,False,2,-1.2122454643249512,-10.5047607421875
R1-Distill,38,False,3,-1.4550127983093262,-10.426708221435547
R1-Distill,38,False,4,-1.6035702228546143,-10.110152244567871
R1-Distill,38,False,5,-1.638476848602295,-9.690425872802734
R1-Distill,38,False,6,-1.5853557586669922,-9.58659553527832
R1-Distill,38,False,7,-1.5945653915405273,-9.713869094848633
R1-Distill,38,False,8,-1.2609493732452393,-9.615574836730957
R1-Distill,38,False,9,-1.580128788948059,-9.688961029052734
R1-Distill,38,False,10,-1.5971264839172363,-9.432775497436523
R1-Distill,38,False,11,-1.8177776336669922,-9.025053024291992
R1-Distill,38,False,12,-1.9492180347442627,-8.609882354736328
R1-Distill,38,False,13,-2.167065143585205,-8.033132553100586
R1-Distill,38,False,14,-2.1044368743896484,-8.209827423095703
R1-Distill,38,False,15,-2.5116729736328125,-8.267892837524414
R1-Distill,38,False,16,-2.7169578075408936,-7.683518886566162
R1-Distill,38,False,17,-3.0011579990386963,-7.058509349822998
R1-Distill,38,False,18,-4.169595718383789,-5.929518699645996
R1-Distill,38,False,19,-3.9536972045898438,-4.833287239074707
R1-Distill,38,False,20,-4.565356254577637,-2.8307065963745117
R1-Distill,38,False,21,-4.529783725738525,1.977199673652649
R1-Distill,38,False,22,-7.33806037902832,9.345475196838379
R1-Distill,38,False,23,-8.43377685546875,15.316973686218262
R1-Distill,38,False,24,-9.628828048706055,20.455806732177734
R1-Distill,38,False,25,-13.405887603759766,32.151981353759766
R1-Distill,38,False,26,-15.414312362670898,44.25872802734375
R1-Distill,38,False,27,-16.901779174804688,59.120399475097656
R1-Distill,38,False,28,-3.727449893951416,0.521581768989563
R1-Distill,39,False,0,-0.9065287113189697,-10.600004196166992
R1-Distill,39,False,1,-1.136117935180664,-10.541976928710938
R1-Distill,39,False,2,-1.1987605094909668,-10.409080505371094
R1-Distill,39,False,3,-1.4623128175735474,-10.422158241271973
R1-Distill,39,False,4,-1.5599219799041748,-10.265268325805664
R1-Distill,39,False,5,-1.6436622142791748,-10.058424949645996
R1-Distill,39,False,6,-1.6465511322021484,-9.82309341430664
R1-Distill,39,False,7,-1.420849323272705,-9.793052673339844
R1-Distill,39,False,8,-1.3557029962539673,-9.59618854522705
R1-Distill,39,False,9,-1.8990840911865234,-9.86795711517334
R1-Distill,39,False,10,-2.0015127658843994,-9.604728698730469
R1-Distill,39,False,11,-2.0157952308654785,-9.278518676757812
R1-Distill,39,False,12,-2.3274223804473877,-9.143997192382812
R1-Distill,39,False,13,-2.409724712371826,-8.445072174072266
R1-Distill,39,False,14,-2.2480669021606445,-8.638376235961914
R1-Distill,39,False,15,-2.4208569526672363,-8.47412395477295
R1-Distill,39,False,16,-2.423919916152954,-8.287687301635742
R1-Distill,39,False,17,-2.657794952392578,-7.407306671142578
R1-Distill,39,False,18,-3.297325372695923,-6.337555885314941
R1-Distill,39,False,19,-3.021696090698242,-5.576695442199707
R1-Distill,39,False,20,-3.2357139587402344,-3.6595630645751953
R1-Distill,39,False,21,-4.209987640380859,0.47660982608795166
R1-Distill,39,False,22,-6.757665157318115,7.407076835632324
R1-Distill,39,False,23,-7.362206935882568,12.83340072631836
R1-Distill,39,False,24,-6.700638294219971,18.44988250732422
R1-Distill,39,False,25,-8.809741973876953,27.548355102539062
R1-Distill,39,False,26,-9.710229873657227,39.30553436279297
R1-Distill,39,False,27,-12.111076354980469,54.322689056396484
R1-Distill,39,False,28,-3.2605559825897217,-1.530779480934143
R1-Distill,40,False,0,-0.8977515697479248,-10.608137130737305
R1-Distill,40,False,1,-1.0644341707229614,-10.531728744506836
R1-Distill,40,False,2,-1.1475460529327393,-10.461862564086914
R1-Distill,40,False,3,-1.3299784660339355,-10.539356231689453
R1-Distill,40,False,4,-1.1295950412750244,-10.328019142150879
R1-Distill,40,False,5,-1.3672151565551758,-10.020195007324219
R1-Distill,40,False,6,-1.3508199453353882,-10.082569122314453
R1-Distill,40,False,7,-1.2441234588623047,-10.044193267822266
R1-Distill,40,False,8,-1.029935359954834,-9.70246410369873
R1-Distill,40,False,9,-1.2968295812606812,-9.639796257019043
R1-Distill,40,False,10,-1.6000707149505615,-9.431095123291016
R1-Distill,40,False,11,-1.6100795269012451,-8.92831039428711
R1-Distill,40,False,12,-2.0485706329345703,-8.693540573120117
R1-Distill,40,False,13,-2.1889562606811523,-8.099275588989258
R1-Distill,40,False,14,-1.972717046737671,-8.23933219909668
R1-Distill,40,False,15,-1.8266823291778564,-8.26502799987793
R1-Distill,40,False,16,-1.7541754245758057,-7.836180210113525
R1-Distill,40,False,17,-2.1805198192596436,-7.331064224243164
R1-Distill,40,False,18,-2.59993314743042,-6.2221503257751465
R1-Distill,40,False,19,-2.2509329319000244,-5.29248046875
R1-Distill,40,False,20,-2.5309290885925293,-3.4375486373901367
R1-Distill,40,False,21,-2.7072560787200928,0.5920944213867188
R1-Distill,40,False,22,-4.83283805847168,6.843125343322754
R1-Distill,40,False,23,-5.05465030670166,11.595365524291992
R1-Distill,40,False,24,-5.84332799911499,16.115890502929688
R1-Distill,40,False,25,-10.018266677856445,26.0102481842041
R1-Distill,40,False,26,-11.89289379119873,37.67090606689453
R1-Distill,40,False,27,-12.560070037841797,52.85093688964844
R1-Distill,40,False,28,-2.4045217037200928,-0.9758267998695374
R1-Distill,41,False,0,-0.894936203956604,-10.609549522399902
R1-Distill,41,False,1,-0.8293960094451904,-10.524918556213379
R1-Distill,41,False,2,-0.8394262790679932,-10.425398826599121
R1-Distill,41,False,3,-0.8241652250289917,-10.576410293579102
R1-Distill,41,False,4,-0.7911561727523804,-10.468156814575195
R1-Distill,41,False,5,-0.9342244267463684,-10.23048210144043
R1-Distill,41,False,6,-0.663489043712616,-10.017602920532227
R1-Distill,41,False,7,-0.6968947052955627,-9.92902946472168
R1-Distill,41,False,8,-0.5111060738563538,-9.686521530151367
R1-Distill,41,False,9,-0.700977087020874,-9.804788589477539
R1-Distill,41,False,10,-0.8578035831451416,-9.54040241241455
R1-Distill,41,False,11,-0.9994645118713379,-9.203428268432617
R1-Distill,41,False,12,-1.1519309282302856,-9.013340950012207
R1-Distill,41,False,13,-1.3562102317810059,-8.493505477905273
R1-Distill,41,False,14,-1.4396131038665771,-8.668195724487305
R1-Distill,41,False,15,-1.815313458442688,-8.628211975097656
R1-Distill,41,False,16,-1.5666297674179077,-8.375306129455566
R1-Distill,41,False,17,-2.0902833938598633,-7.695931911468506
R1-Distill,41,False,18,-2.482485294342041,-6.666582107543945
R1-Distill,41,False,19,-2.2428267002105713,-6.2256574630737305
R1-Distill,41,False,20,-2.2714459896087646,-4.313874244689941
R1-Distill,41,False,21,-2.380551338195801,-2.0690419673919678
R1-Distill,41,False,22,-3.760876178741455,3.6304285526275635
R1-Distill,41,False,23,-3.7760868072509766,9.194234848022461
R1-Distill,41,False,24,-3.168513774871826,14.244039535522461
R1-Distill,41,False,25,-5.93018913269043,21.496917724609375
R1-Distill,41,False,26,-6.838776588439941,31.599124908447266
R1-Distill,41,False,27,-6.613746643066406,43.96479797363281
R1-Distill,41,False,28,-1.6206824779510498,-3.141148567199707
R1-Distill,42,True,0,-0.8854564428329468,-10.59974193572998
R1-Distill,42,True,1,-0.20649023354053497,-10.60622501373291
R1-Distill,42,True,2,0.11773405969142914,-10.659945487976074
R1-Distill,42,True,3,0.43017441034317017,-10.591103553771973
R1-Distill,42,True,4,1.1099417209625244,-10.668355941772461
R1-Distill,42,True,5,1.2206218242645264,-10.69195556640625
R1-Distill,42,True,6,1.2340596914291382,-10.492878913879395
R1-Distill,42,True,7,1.1240174770355225,-10.378299713134766
R1-Distill,42,True,8,2.0709853172302246,-9.937786102294922
R1-Distill,42,True,9,2.3812036514282227,-9.89759635925293
R1-Distill,42,True,10,2.9719743728637695,-9.721287727355957
R1-Distill,42,True,11,3.4615392684936523,-9.301424026489258
R1-Distill,42,True,12,4.684710502624512,-9.051998138427734
R1-Distill,42,True,13,4.9862213134765625,-8.585565567016602
R1-Distill,42,True,14,5.45228910446167,-8.869853973388672
R1-Distill,42,True,15,5.146765232086182,-8.58568286895752
R1-Distill,42,True,16,5.856431484222412,-8.431249618530273
R1-Distill,42,True,17,6.299121856689453,-7.812936782836914
R1-Distill,42,True,18,7.2810468673706055,-6.5314249992370605
R1-Distill,42,True,19,8.24490737915039,-5.6372480392456055
R1-Distill,42,True,20,10.932228088378906,-3.617004156112671
R1-Distill,42,True,21,13.432931900024414,-1.2121572494506836
R1-Distill,42,True,22,16.168176651000977,7.129714012145996
R1-Distill,42,True,23,18.191425323486328,12.613629341125488
R1-Distill,42,True,24,19.512338638305664,18.648422241210938
R1-Distill,42,True,25,23.468521118164062,28.437541961669922
R1-Distill,42,True,26,23.97294807434082,39.645347595214844
R1-Distill,42,True,27,26.22763442993164,53.71563720703125
R1-Distill,42,True,28,3.0548176765441895,-0.8522958159446716
R1-Distill,43,False,0,-0.8976726531982422,-10.596147537231445
R1-Distill,43,False,1,-0.8666765689849854,-10.428359031677246
R1-Distill,43,False,2,-0.8145790100097656,-10.391926765441895
R1-Distill,43,False,3,-0.8127914071083069,-10.36711311340332
R1-Distill,43,False,4,-0.5728001594543457,-10.069170951843262
R1-Distill,43,False,5,-0.6092895269393921,-9.627328872680664
R1-Distill,43,False,6,-0.8941819071769714,-9.532458305358887
R1-Distill,43,False,7,-0.7489417791366577,-9.75011920928955
R1-Distill,43,False,8,-0.6847810745239258,-9.47494125366211
R1-Distill,43,False,9,-0.5362271070480347,-9.485636711120605
R1-Distill,43,False,10,-0.7879995107650757,-9.343276977539062
R1-Distill,43,False,11,-0.4955267906188965,-9.041016578674316
R1-Distill,43,False,12,-0.6709073185920715,-8.633359909057617
R1-Distill,43,False,13,-0.8559563159942627,-8.422550201416016
R1-Distill,43,False,14,-0.643783688545227,-8.619331359863281
R1-Distill,43,False,15,-0.8589949011802673,-8.615713119506836
R1-Distill,43,False,16,-0.8556885719299316,-8.172845840454102
R1-Distill,43,False,17,-1.2301607131958008,-7.474945068359375
R1-Distill,43,False,18,-1.2016855478286743,-6.001267433166504
R1-Distill,43,False,19,-1.2761387825012207,-4.92303466796875
R1-Distill,43,False,20,-1.3206106424331665,-3.3612873554229736
R1-Distill,43,False,21,-0.9819627404212952,0.7552022933959961
R1-Distill,43,False,22,-1.6807470321655273,7.104496002197266
R1-Distill,43,False,23,-1.353166937828064,11.817863464355469
R1-Distill,43,False,24,-1.1580264568328857,15.836155891418457
R1-Distill,43,False,25,-4.682656288146973,25.100570678710938
R1-Distill,43,False,26,-5.991596221923828,36.91254425048828
R1-Distill,43,False,27,-5.142595291137695,50.382266998291016
R1-Distill,43,False,28,-1.4778554439544678,-1.159082055091858
R1-Distill,44,False,0,-0.9090853929519653,-10.594475746154785
R1-Distill,44,False,1,-1.0637264251708984,-10.600089073181152
R1-Distill,44,False,2,-1.2036659717559814,-10.536332130432129
R1-Distill,44,False,3,-1.5474860668182373,-10.378079414367676
R1-Distill,44,False,4,-1.510602593421936,-10.080097198486328
R1-Distill,44,False,5,-1.5973944664001465,-9.745058059692383
R1-Distill,44,False,6,-1.599189281463623,-9.741687774658203
R1-Distill,44,False,7,-1.743295669555664,-9.809980392456055
R1-Distill,44,False,8,-1.5405818223953247,-9.447307586669922
R1-Distill,44,False,9,-1.7529722452163696,-9.453120231628418
R1-Distill,44,False,10,-1.7664883136749268,-9.139204025268555
R1-Distill,44,False,11,-1.7090282440185547,-8.927579879760742
R1-Distill,44,False,12,-1.7589695453643799,-8.596487045288086
R1-Distill,44,False,13,-2.0369958877563477,-8.100828170776367
R1-Distill,44,False,14,-1.8450573682785034,-8.275217056274414
R1-Distill,44,False,15,-2.1325392723083496,-8.043720245361328
R1-Distill,44,False,16,-2.2915101051330566,-7.555681228637695
R1-Distill,44,False,17,-2.0597424507141113,-6.653925895690918
R1-Distill,44,False,18,-2.342790126800537,-5.02802848815918
R1-Distill,44,False,19,-2.2393507957458496,-4.442739486694336
R1-Distill,44,False,20,-2.4897055625915527,-2.1608214378356934
R1-Distill,44,False,21,-2.7242939472198486,2.836632251739502
R1-Distill,44,False,22,-4.250555515289307,10.694772720336914
R1-Distill,44,False,23,-4.217896461486816,17.312423706054688
R1-Distill,44,False,24,-5.374090194702148,22.85735321044922
R1-Distill,44,False,25,-9.420019149780273,34.24354934692383
R1-Distill,44,False,26,-10.727338790893555,47.069820404052734
R1-Distill,44,False,27,-11.464351654052734,63.034751892089844
R1-Distill,44,False,28,-2.6530017852783203,0.8336216807365417
R1-Distill,45,True,0,-0.8881065845489502,-10.593965530395508
R1-Distill,45,True,1,-0.516390323638916,-10.62886905670166
R1-Distill,45,True,2,-0.17236240208148956,-10.473224639892578
R1-Distill,45,True,3,-0.015187650918960571,-10.442424774169922
R1-Distill,45,True,4,0.4612230062484741,-10.19879150390625
R1-Distill,45,True,5,0.5576759576797485,-9.762669563293457
R1-Distill,45,True,6,0.8311461806297302,-9.789619445800781
R1-Distill,45,True,7,0.9433091878890991,-9.798896789550781
R1-Distill,45,True,8,1.3831555843353271,-9.394998550415039
R1-Distill,45,True,9,1.588100552558899,-9.493101119995117
R1-Distill,45,True,10,2.166694164276123,-9.21480941772461
R1-Distill,45,True,11,3.0697407722473145,-8.586045265197754
R1-Distill,45,True,12,4.16339111328125,-8.2265625
R1-Distill,45,True,13,4.024087429046631,-7.72667121887207
R1-Distill,45,True,14,4.454643249511719,-7.848148345947266
R1-Distill,45,True,15,4.475903511047363,-7.696132659912109
R1-Distill,45,True,16,5.26700496673584,-6.9758620262146
R1-Distill,45,True,17,5.520646095275879,-6.0680975914001465
R1-Distill,45,True,18,6.468527793884277,-4.679085731506348
R1-Distill,45,True,19,7.787075996398926,-3.6026699542999268
R1-Distill,45,True,20,10.411623001098633,-0.5701131224632263
R1-Distill,45,True,21,12.56615161895752,3.8601975440979004
R1-Distill,45,True,22,15.358309745788574,11.636374473571777
R1-Distill,45,True,23,18.13007354736328,18.40794563293457
R1-Distill,45,True,24,20.533267974853516,26.802526473999023
R1-Distill,45,True,25,23.81165313720703,39.536346435546875
R1-Distill,45,True,26,25.21795082092285,52.09607696533203
R1-Distill,45,True,27,28.369789123535156,67.6599349975586
R1-Distill,45,True,28,2.736874580383301,0.7417628169059753
R1-Distill,46,True,0,-0.9139370918273926,-10.596010208129883
R1-Distill,46,True,1,-1.0702389478683472,-10.540658950805664
R1-Distill,46,True,2,-1.1651910543441772,-10.524864196777344
R1-Distill,46,True,3,-1.216176152229309,-10.302441596984863
R1-Distill,46,True,4,-1.106560230255127,-10.296274185180664
R1-Distill,46,True,5,-1.2003659009933472,-10.08625602722168
R1-Distill,46,True,6,-1.3213467597961426,-10.086313247680664
R1-Distill,46,True,7,-1.2817622423171997,-10.01211166381836
R1-Distill,46,True,8,-1.1835672855377197,-9.650123596191406
R1-Distill,46,True,9,-1.1117169857025146,-9.845582962036133
R1-Distill,46,True,10,-1.1939935684204102,-9.417604446411133
R1-Distill,46,True,11,-0.8752185106277466,-8.805837631225586
R1-Distill,46,True,12,-1.2860502004623413,-8.704498291015625
R1-Distill,46,True,13,-1.347151279449463,-8.353875160217285
R1-Distill,46,True,14,-0.88080894947052,-8.465985298156738
R1-Distill,46,True,15,-0.8424633741378784,-8.372180938720703
R1-Distill,46,True,16,-0.6708770990371704,-7.699569225311279
R1-Distill,46,True,17,-0.7041940689086914,-6.866559028625488
R1-Distill,46,True,18,-1.2946999073028564,-5.3775787353515625
R1-Distill,46,True,19,-1.319791316986084,-4.808971405029297
R1-Distill,46,True,20,-0.9319684505462646,-3.1398282051086426
R1-Distill,46,True,21,0.018606841564178467,0.5213441252708435
R1-Distill,46,True,22,-0.574160099029541,7.8160080909729
R1-Distill,46,True,23,1.2740894556045532,14.60554027557373
R1-Distill,46,True,24,2.7235231399536133,20.53022003173828
R1-Distill,46,True,25,1.4454081058502197,29.97178077697754
R1-Distill,46,True,26,-0.4902024567127228,43.34493637084961
R1-Distill,46,True,27,0.6736811995506287,60.385902404785156
R1-Distill,46,True,28,-1.2730156183242798,-0.8206638097763062
R1-Distill,47,False,0,-0.9084868431091309,-10.591750144958496
R1-Distill,47,False,1,-1.06330406665802,-10.495843887329102
R1-Distill,47,False,2,-1.0713269710540771,-10.275557518005371
R1-Distill,47,False,3,-1.1172494888305664,-10.282370567321777
R1-Distill,47,False,4,-1.0716971158981323,-10.07392406463623
R1-Distill,47,False,5,-0.969355046749115,-9.59469223022461
R1-Distill,47,False,6,-0.914764404296875,-9.533853530883789
R1-Distill,47,False,7,-0.8655814528465271,-9.633073806762695
R1-Distill,47,False,8,-0.6447994112968445,-9.140054702758789
R1-Distill,47,False,9,-0.6684786081314087,-9.30251693725586
R1-Distill,47,False,10,-0.607001781463623,-8.928977966308594
R1-Distill,47,False,11,-0.48893284797668457,-8.696633338928223
R1-Distill,47,False,12,-0.7821676135063171,-8.459112167358398
R1-Distill,47,False,13,-1.0937291383743286,-8.014243125915527
R1-Distill,47,False,14,-0.8887221813201904,-8.058286666870117
R1-Distill,47,False,15,-0.6615402102470398,-7.81891393661499
R1-Distill,47,False,16,-0.4217139780521393,-7.355197906494141
R1-Distill,47,False,17,-0.24954918026924133,-6.626585960388184
R1-Distill,47,False,18,-0.8082834482192993,-5.520291805267334
R1-Distill,47,False,19,-0.20346656441688538,-4.440840244293213
R1-Distill,47,False,20,-0.014905206859111786,-2.433283567428589
R1-Distill,47,False,21,0.3659936189651489,2.5109641551971436
R1-Distill,47,False,22,-0.08747845888137817,10.121257781982422
R1-Distill,47,False,23,0.975011944770813,16.818510055541992
R1-Distill,47,False,24,1.1660958528518677,23.811105728149414
R1-Distill,47,False,25,-0.7546350359916687,35.25733184814453
R1-Distill,47,False,26,-2.1655216217041016,48.22037124633789
R1-Distill,47,False,27,-3.172086477279663,65.2338638305664
R1-Distill,47,False,28,-1.4360523223876953,1.2209868431091309
R1-Distill,48,False,0,-0.9059368968009949,-10.586710929870605
R1-Distill,48,False,1,-0.8089126944541931,-10.535717964172363
R1-Distill,48,False,2,-0.6907002329826355,-10.434321403503418
R1-Distill,48,False,3,-0.8045626878738403,-10.384626388549805
R1-Distill,48,False,4,-0.3264055550098419,-10.394548416137695
R1-Distill,48,False,5,-0.36643147468566895,-10.13839340209961
R1-Distill,48,False,6,-0.33154064416885376,-10.016616821289062
R1-Distill,48,False,7,-0.09742304682731628,-10.185006141662598
R1-Distill,48,False,8,0.6570813059806824,-9.744576454162598
R1-Distill,48,False,9,0.7868464589118958,-9.711091995239258
R1-Distill,48,False,10,1.312683343887329,-9.32298755645752
R1-Distill,48,False,11,2.0627098083496094,-8.559793472290039
R1-Distill,48,False,12,2.464926242828369,-8.33222770690918
R1-Distill,48,False,13,2.7434558868408203,-7.520031929016113
R1-Distill,48,False,14,3.515713930130005,-7.612654685974121
R1-Distill,48,False,15,3.6107888221740723,-7.706308841705322
R1-Distill,48,False,16,4.442555904388428,-7.005503177642822
R1-Distill,48,False,17,4.855778694152832,-6.130366325378418
R1-Distill,48,False,18,5.231623649597168,-4.245659828186035
R1-Distill,48,False,19,6.109238624572754,-2.786991596221924
R1-Distill,48,False,20,7.530482292175293,-0.20248499512672424
R1-Distill,48,False,21,7.686886787414551,4.6868367195129395
R1-Distill,48,False,22,8.696770668029785,14.120779037475586
R1-Distill,48,False,23,10.13900375366211,21.744037628173828
R1-Distill,48,False,24,12.15896987915039,29.55043601989746
R1-Distill,48,False,25,11.804471969604492,42.88671875
R1-Distill,48,False,26,10.883419036865234,56.690513610839844
R1-Distill,48,False,27,12.486838340759277,77.33900451660156
R1-Distill,48,False,28,0.7188405394554138,1.573699951171875
R1-Distill,49,True,0,-0.9046596884727478,-10.598220825195312
R1-Distill,49,True,1,-0.8747165203094482,-10.575969696044922
R1-Distill,49,True,2,-0.7319129109382629,-10.571311950683594
R1-Distill,49,True,3,-0.8047665357589722,-10.42444133758545
R1-Distill,49,True,4,-0.470317006111145,-10.250057220458984
R1-Distill,49,True,5,-0.5517170429229736,-10.023284912109375
R1-Distill,49,True,6,-0.424110472202301,-9.952566146850586
R1-Distill,49,True,7,-0.6261817812919617,-10.088236808776855
R1-Distill,49,True,8,-0.1813630312681198,-9.748332977294922
R1-Distill,49,True,9,-0.3232432007789612,-9.720115661621094
R1-Distill,49,True,10,-0.38004887104034424,-9.4719820022583
R1-Distill,49,True,11,0.04806263744831085,-8.919713973999023
R1-Distill,49,True,12,0.06985726207494736,-8.675735473632812
R1-Distill,49,True,13,0.1741691380739212,-8.276442527770996
R1-Distill,49,True,14,0.7101252675056458,-8.40626049041748
R1-Distill,49,True,15,0.8224717974662781,-8.381668090820312
R1-Distill,49,True,16,1.674825668334961,-7.880034446716309
R1-Distill,49,True,17,1.852630376815796,-6.823920249938965
R1-Distill,49,True,18,1.9551503658294678,-5.780109882354736
R1-Distill,49,True,19,2.3860063552856445,-5.097714424133301
R1-Distill,49,True,20,3.143970489501953,-2.9517555236816406
R1-Distill,49,True,21,4.823947906494141,0.9168133735656738
R1-Distill,49,True,22,5.299861431121826,7.742588996887207
R1-Distill,49,True,23,6.267401695251465,13.546380996704102
R1-Distill,49,True,24,7.638199329376221,18.97003173828125
R1-Distill,49,True,25,6.9845499992370605,28.806411743164062
R1-Distill,49,True,26,6.753061294555664,40.456153869628906
R1-Distill,49,True,27,10.14657974243164,54.37604522705078
R1-Distill,49,True,28,0.25776612758636475,-0.9488088488578796
R1-Distill,50,False,0,-0.9023210406303406,-10.5964937210083
R1-Distill,50,False,1,-1.0807543992996216,-10.59363842010498
R1-Distill,50,False,2,-1.18756902217865,-10.450960159301758
R1-Distill,50,False,3,-1.3433771133422852,-10.4051513671875
R1-Distill,50,False,4,-1.397400140762329,-10.169832229614258
R1-Distill,50,False,5,-1.2647844552993774,-9.712698936462402
R1-Distill,50,False,6,-1.2500841617584229,-9.625969886779785
R1-Distill,50,False,7,-1.4990135431289673,-9.629827499389648
R1-Distill,50,False,8,-1.1492899656295776,-9.36068344116211
R1-Distill,50,False,9,-1.3676276206970215,-9.43925666809082
R1-Distill,50,False,10,-1.3904895782470703,-9.136957168579102
R1-Distill,50,False,11,-0.9426335096359253,-8.74414348602295
R1-Distill,50,False,12,-1.2234253883361816,-8.529542922973633
R1-Distill,50,False,13,-1.2616443634033203,-8.045804023742676
R1-Distill,50,False,14,-1.1728347539901733,-8.084840774536133
R1-Distill,50,False,15,-1.260082483291626,-8.080540657043457
R1-Distill,50,False,16,-1.571159839630127,-7.562375068664551
R1-Distill,50,False,17,-1.5149242877960205,-6.6385064125061035
R1-Distill,50,False,18,-2.0559420585632324,-5.4066057205200195
R1-Distill,50,False,19,-1.7009320259094238,-4.445488452911377
R1-Distill,50,False,20,-1.610733985900879,-2.6933388710021973
R1-Distill,50,False,21,-0.956402063369751,1.7509132623672485
R1-Distill,50,False,22,-1.4963735342025757,9.329621315002441
R1-Distill,50,False,23,-1.0501079559326172,14.814984321594238
R1-Distill,50,False,24,-0.11738085746765137,19.78342628479004
R1-Distill,50,False,25,-1.4262728691101074,30.191057205200195
R1-Distill,50,False,26,-2.9602270126342773,43.36322784423828
R1-Distill,50,False,27,-2.884983777999878,60.0506591796875
R1-Distill,50,False,28,-1.1619740724563599,0.15868133306503296
R1-Distill,51,True,0,-0.899246335029602,-10.597697257995605
R1-Distill,51,True,1,-0.7531589269638062,-10.55650520324707
R1-Distill,51,True,2,-0.6158667206764221,-10.49317741394043
R1-Distill,51,True,3,-0.5940059423446655,-10.384723663330078
R1-Distill,51,True,4,-0.1610809713602066,-10.179322242736816
R1-Distill,51,True,5,0.06216751039028168,-10.03031063079834
R1-Distill,51,True,6,0.10292798280715942,-9.982263565063477
R1-Distill,51,True,7,0.2996910512447357,-10.03097152709961
R1-Distill,51,True,8,0.8942841291427612,-9.7960844039917
R1-Distill,51,True,9,0.8826338052749634,-9.821842193603516
R1-Distill,51,True,10,1.4514923095703125,-9.437591552734375
R1-Distill,51,True,11,2.0194525718688965,-8.854541778564453
R1-Distill,51,True,12,2.8333888053894043,-8.733091354370117
R1-Distill,51,True,13,2.9989147186279297,-8.269537925720215
R1-Distill,51,True,14,3.3318071365356445,-8.322196960449219
R1-Distill,51,True,15,3.445216655731201,-8.197046279907227
R1-Distill,51,True,16,4.087672710418701,-7.359273910522461
R1-Distill,51,True,17,4.264349937438965,-6.456232070922852
R1-Distill,51,True,18,5.046176910400391,-5.2927565574646
R1-Distill,51,True,19,6.091364860534668,-4.307097911834717
R1-Distill,51,True,20,7.709649085998535,-1.8401192426681519
R1-Distill,51,True,21,8.630488395690918,2.5372886657714844
R1-Distill,51,True,22,10.181955337524414,10.601812362670898
R1-Distill,51,True,23,10.93051528930664,17.06760025024414
R1-Distill,51,True,24,12.320338249206543,23.131168365478516
R1-Distill,51,True,25,12.298789978027344,35.102134704589844
R1-Distill,51,True,26,11.91850471496582,45.993934631347656
R1-Distill,51,True,27,11.427489280700684,61.294715881347656
R1-Distill,51,True,28,-0.21392323076725006,-0.09768593311309814
R1-Distill,52,False,0,-0.9040223360061646,-10.59920883178711
R1-Distill,52,False,1,-1.1377049684524536,-10.576773643493652
R1-Distill,52,False,2,-1.108865737915039,-10.52092170715332
R1-Distill,52,False,3,-1.3949750661849976,-10.440864562988281
R1-Distill,52,False,4,-1.5125846862792969,-10.227185249328613
R1-Distill,52,False,5,-1.5787453651428223,-9.95240306854248
R1-Distill,52,False,6,-1.6497101783752441,-9.896967887878418
R1-Distill,52,False,7,-1.758885383605957,-9.971336364746094
R1-Distill,52,False,8,-1.625868558883667,-9.640424728393555
R1-Distill,52,False,9,-1.5102410316467285,-9.688943862915039
R1-Distill,52,False,10,-1.5832703113555908,-9.439400672912598
R1-Distill,52,False,11,-1.573143482208252,-9.165656089782715
R1-Distill,52,False,12,-1.6714227199554443,-9.194916725158691
R1-Distill,52,False,13,-1.672515869140625,-8.690485000610352
R1-Distill,52,False,14,-1.34291410446167,-8.708968162536621
R1-Distill,52,False,15,-1.5745176076889038,-8.753345489501953
R1-Distill,52,False,16,-1.4856876134872437,-8.08792495727539
R1-Distill,52,False,17,-1.6930688619613647,-7.135011672973633
R1-Distill,52,False,18,-1.8319793939590454,-6.323986053466797
R1-Distill,52,False,19,-1.9105045795440674,-5.4558258056640625
R1-Distill,52,False,20,-2.2801685333251953,-3.768503427505493
R1-Distill,52,False,21,-2.5639538764953613,-0.23231101036071777
R1-Distill,52,False,22,-3.7636542320251465,6.782763957977295
R1-Distill,52,False,23,-3.0928754806518555,12.449529647827148
R1-Distill,52,False,24,-3.490449905395508,17.213218688964844
R1-Distill,52,False,25,-5.280642986297607,25.38515853881836
R1-Distill,52,False,26,-6.805699348449707,36.20023727416992
R1-Distill,52,False,27,-6.290386199951172,50.75401306152344
R1-Distill,52,False,28,-1.8195736408233643,-2.004861831665039
R1-Distill,53,False,0,-0.9061998128890991,-10.60060977935791
R1-Distill,53,False,1,-1.2197145223617554,-10.614550590515137
R1-Distill,53,False,2,-1.22842538356781,-10.4822998046875
R1-Distill,53,False,3,-1.449082851409912,-10.267508506774902
R1-Distill,53,False,4,-1.3621429204940796,-9.977131843566895
R1-Distill,53,False,5,-1.4410321712493896,-9.721805572509766
R1-Distill,53,False,6,-1.3618080615997314,-9.799604415893555
R1-Distill,53,False,7,-1.4437068700790405,-9.689626693725586
R1-Distill,53,False,8,-1.2044769525527954,-9.339150428771973
R1-Distill,53,False,9,-1.0754270553588867,-9.503522872924805
R1-Distill,53,False,10,-1.1598442792892456,-9.355611801147461
R1-Distill,53,False,11,-0.8903696537017822,-8.875741958618164
R1-Distill,53,False,12,-0.9420295357704163,-8.766770362854004
R1-Distill,53,False,13,-0.8275362849235535,-7.9716691970825195
R1-Distill,53,False,14,-0.6352653503417969,-7.999847888946533
R1-Distill,53,False,15,-0.7720999717712402,-7.937465190887451
R1-Distill,53,False,16,-0.9102681875228882,-7.239386558532715
R1-Distill,53,False,17,-0.7672605514526367,-6.6390228271484375
R1-Distill,53,False,18,-1.2498586177825928,-5.442780017852783
R1-Distill,53,False,19,-0.8569070100784302,-4.5342817306518555
R1-Distill,53,False,20,-0.8368980288505554,-2.6153552532196045
R1-Distill,53,False,21,-0.1278848648071289,1.5898723602294922
R1-Distill,53,False,22,-0.5345379114151001,7.837457180023193
R1-Distill,53,False,23,0.47928810119628906,13.759590148925781
R1-Distill,53,False,24,0.5663069486618042,19.868501663208008
R1-Distill,53,False,25,-0.6911152601242065,29.379188537597656
R1-Distill,53,False,26,-2.6279664039611816,42.76347351074219
R1-Distill,53,False,27,-2.8631184101104736,58.512935638427734
R1-Distill,53,False,28,-1.9973418712615967,-0.7937137484550476
R1-Distill,54,False,0,-0.8960309028625488,-10.605279922485352
R1-Distill,54,False,1,-0.956051766872406,-10.551855087280273
R1-Distill,54,False,2,-0.888022780418396,-10.559234619140625
R1-Distill,54,False,3,-0.8418151140213013,-10.490721702575684
R1-Distill,54,False,4,-0.65153568983078,-10.328369140625
R1-Distill,54,False,5,-0.5464773178100586,-10.050975799560547
R1-Distill,54,False,6,-0.8016120195388794,-10.01399040222168
R1-Distill,54,False,7,-0.7716568112373352,-9.967363357543945
R1-Distill,54,False,8,-0.5995084643363953,-9.630840301513672
R1-Distill,54,False,9,-0.5003414154052734,-9.706388473510742
R1-Distill,54,False,10,-0.6555961966514587,-9.45100212097168
R1-Distill,54,False,11,-0.49771931767463684,-9.001379013061523
R1-Distill,54,False,12,-0.53703773021698,-8.741151809692383
R1-Distill,54,False,13,-0.6800156235694885,-8.123050689697266
R1-Distill,54,False,14,-0.6018402576446533,-8.201351165771484
R1-Distill,54,False,15,-0.6677244901657104,-8.285893440246582
R1-Distill,54,False,16,-0.222147136926651,-7.523611068725586
R1-Distill,54,False,17,-0.9874909520149231,-6.578770637512207
R1-Distill,54,False,18,-1.3801542520523071,-5.494655132293701
R1-Distill,54,False,19,-1.3474621772766113,-4.709814071655273
R1-Distill,54,False,20,-0.9732215404510498,-2.9487900733947754
R1-Distill,54,False,21,-0.42516207695007324,0.4099311828613281
R1-Distill,54,False,22,-1.011723279953003,7.219037055969238
R1-Distill,54,False,23,-0.023693442344665527,12.984098434448242
R1-Distill,54,False,24,1.3054678440093994,17.47116470336914
R1-Distill,54,False,25,-1.6943740844726562,26.889190673828125
R1-Distill,54,False,26,-3.0313849449157715,38.99861145019531
R1-Distill,54,False,27,-2.873082160949707,50.90582275390625
R1-Distill,54,False,28,-1.1507467031478882,-1.7193717956542969
R1-Distill,55,False,0,-0.9004107117652893,-10.596500396728516
R1-Distill,55,False,1,-0.888816237449646,-10.470586776733398
R1-Distill,55,False,2,-0.899311900138855,-10.480188369750977
R1-Distill,55,False,3,-0.8234902024269104,-10.335916519165039
R1-Distill,55,False,4,-0.4994492530822754,-10.144011497497559
R1-Distill,55,False,5,-0.6377761363983154,-9.753759384155273
R1-Distill,55,False,6,-0.5840820670127869,-9.743834495544434
R1-Distill,55,False,7,-0.5646036267280579,-9.854043960571289
R1-Distill,55,False,8,-0.23813185095787048,-9.529999732971191
R1-Distill,55,False,9,0.006631523370742798,-9.495258331298828
R1-Distill,55,False,10,0.1293870359659195,-9.184703826904297
R1-Distill,55,False,11,0.5512542724609375,-8.590629577636719
R1-Distill,55,False,12,0.7462340593338013,-8.132637023925781
R1-Distill,55,False,13,0.7691738605499268,-7.563490867614746
R1-Distill,55,False,14,1.2515735626220703,-7.60532808303833
R1-Distill,55,False,15,0.8913366794586182,-7.390002727508545
R1-Distill,55,False,16,1.6983318328857422,-6.5822248458862305
R1-Distill,55,False,17,1.7311091423034668,-5.927089691162109
R1-Distill,55,False,18,1.908048152923584,-4.214898586273193
R1-Distill,55,False,19,2.219759941101074,-3.419311761856079
R1-Distill,55,False,20,3.128962993621826,-1.1415989398956299
R1-Distill,55,False,21,4.100661277770996,3.399740695953369
R1-Distill,55,False,22,5.405392646789551,11.902312278747559
R1-Distill,55,False,23,7.5728302001953125,18.683992385864258
R1-Distill,55,False,24,8.17552375793457,25.53388214111328
R1-Distill,55,False,25,9.441012382507324,37.53996276855469
R1-Distill,55,False,26,9.139986038208008,49.86377716064453
R1-Distill,55,False,27,11.825004577636719,66.19650268554688
R1-Distill,55,False,28,1.2784656286239624,0.5367441177368164
R1-Distill,56,True,0,-0.8963051438331604,-10.601707458496094
R1-Distill,56,True,1,-0.6963250637054443,-10.565385818481445
R1-Distill,56,True,2,-0.44561871886253357,-10.51636791229248
R1-Distill,56,True,3,-0.39294296503067017,-10.44845199584961
R1-Distill,56,True,4,0.17172718048095703,-10.212007522583008
R1-Distill,56,True,5,0.6623680591583252,-9.850174903869629
R1-Distill,56,True,6,0.6966891288757324,-10.096403121948242
R1-Distill,56,True,7,1.1261154413223267,-9.984190940856934
R1-Distill,56,True,8,1.8253343105316162,-9.878680229187012
R1-Distill,56,True,9,1.761296033859253,-9.856451034545898
R1-Distill,56,True,10,1.9874101877212524,-9.395404815673828
R1-Distill,56,True,11,2.4168074131011963,-8.897491455078125
R1-Distill,56,True,12,3.139505624771118,-8.883572578430176
R1-Distill,56,True,13,3.3651647567749023,-8.423290252685547
R1-Distill,56,True,14,3.9402475357055664,-8.570877075195312
R1-Distill,56,True,15,3.795358896255493,-8.404891967773438
R1-Distill,56,True,16,5.063605308532715,-7.945941925048828
R1-Distill,56,True,17,5.760603904724121,-7.035130500793457
R1-Distill,56,True,18,7.230304718017578,-6.575658798217773
R1-Distill,56,True,19,7.388382911682129,-5.716108322143555
R1-Distill,56,True,20,8.502640724182129,-3.9039769172668457
R1-Distill,56,True,21,10.274534225463867,0.29406988620758057
R1-Distill,56,True,22,14.056829452514648,5.942167282104492
R1-Distill,56,True,23,16.119478225708008,11.888668060302734
R1-Distill,56,True,24,18.619003295898438,16.551877975463867
R1-Distill,56,True,25,22.364112854003906,25.21163558959961
R1-Distill,56,True,26,23.211894989013672,33.79916763305664
R1-Distill,56,True,27,24.494918823242188,46.89004898071289
R1-Distill,56,True,28,3.157257318496704,-2.2410807609558105
R1-Distill,57,True,0,-0.9040869474411011,-10.598767280578613
R1-Distill,57,True,1,-0.8432146906852722,-10.496868133544922
R1-Distill,57,True,2,-0.8209378719329834,-10.432914733886719
R1-Distill,57,True,3,-0.8389454483985901,-10.307270050048828
R1-Distill,57,True,4,-0.7410784959793091,-10.188608169555664
R1-Distill,57,True,5,-0.7252823710441589,-9.964507102966309
R1-Distill,57,True,6,-0.6406381130218506,-9.768547058105469
R1-Distill,57,True,7,-0.592818021774292,-9.838979721069336
R1-Distill,57,True,8,-0.5338714122772217,-9.53719711303711
R1-Distill,57,True,9,-0.3231653571128845,-9.669629096984863
R1-Distill,57,True,10,-0.3421252369880676,-9.483024597167969
R1-Distill,57,True,11,0.09580443799495697,-9.128671646118164
R1-Distill,57,True,12,-0.21254725754261017,-9.033101081848145
R1-Distill,57,True,13,-0.2689571976661682,-8.539609909057617
R1-Distill,57,True,14,0.1597541868686676,-8.61845588684082
R1-Distill,57,True,15,0.11709129810333252,-8.489279747009277
R1-Distill,57,True,16,0.5928303003311157,-7.720211982727051
R1-Distill,57,True,17,0.7200782299041748,-6.9312849044799805
R1-Distill,57,True,18,1.0121774673461914,-5.731390953063965
R1-Distill,57,True,19,1.4332375526428223,-4.8613691329956055
R1-Distill,57,True,20,2.061082601547241,-3.177572727203369
R1-Distill,57,True,21,3.411762237548828,0.2036866694688797
R1-Distill,57,True,22,4.417980194091797,7.429621696472168
R1-Distill,57,True,23,5.936211585998535,13.814916610717773
R1-Distill,57,True,24,6.9477458000183105,19.290903091430664
R1-Distill,57,True,25,7.24376916885376,27.993877410888672
R1-Distill,57,True,26,6.005767345428467,39.856040954589844
R1-Distill,57,True,27,8.623086929321289,55.01543426513672
R1-Distill,57,True,28,0.016636252403259277,-1.6131139993667603
R1-Distill,58,False,0,-0.9145091772079468,-10.590713500976562
R1-Distill,58,False,1,-1.2150624990463257,-10.606954574584961
R1-Distill,58,False,2,-1.3417134284973145,-10.523290634155273
R1-Distill,58,False,3,-1.7217144966125488,-10.306318283081055
R1-Distill,58,False,4,-1.7860151529312134,-10.063634872436523
R1-Distill,58,False,5,-1.9803842306137085,-9.605913162231445
R1-Distill,58,False,6,-2.031797409057617,-9.735166549682617
R1-Distill,58,False,7,-2.3041934967041016,-9.91433334350586
R1-Distill,58,False,8,-2.2824878692626953,-9.612028121948242
R1-Distill,58,False,9,-2.3026037216186523,-9.459114074707031
R1-Distill,58,False,10,-2.6482558250427246,-9.174280166625977
R1-Distill,58,False,11,-2.588925361633301,-8.778654098510742
R1-Distill,58,False,12,-3.2488317489624023,-8.048971176147461
R1-Distill,58,False,13,-3.298170804977417,-7.698521137237549
R1-Distill,58,False,14,-2.8622279167175293,-8.013994216918945
R1-Distill,58,False,15,-3.248929023742676,-8.172117233276367
R1-Distill,58,False,16,-2.8463783264160156,-7.523678779602051
R1-Distill,58,False,17,-3.63996958732605,-6.609412670135498
R1-Distill,58,False,18,-4.252181529998779,-5.118663787841797
R1-Distill,58,False,19,-4.070931434631348,-4.426898956298828
R1-Distill,58,False,20,-4.831254005432129,-2.5632569789886475
R1-Distill,58,False,21,-5.9382734298706055,2.420989990234375
R1-Distill,58,False,22,-8.361324310302734,9.887097358703613
R1-Distill,58,False,23,-9.665420532226562,16.333251953125
R1-Distill,58,False,24,-11.11561393737793,22.154748916625977
R1-Distill,58,False,25,-15.846024513244629,33.72728729248047
R1-Distill,58,False,26,-19.816959381103516,49.55226516723633
R1-Distill,58,False,27,-22.61536407470703,68.20779418945312
R1-Distill,58,False,28,-5.071776390075684,1.3187971115112305
R1-Distill,59,False,0,-0.9062886834144592,-10.596443176269531
R1-Distill,59,False,1,-0.9129576683044434,-10.604146957397461
R1-Distill,59,False,2,-0.9582582712173462,-10.587687492370605
R1-Distill,59,False,3,-1.132480502128601,-10.444255828857422
R1-Distill,59,False,4,-0.9300842881202698,-10.29487419128418
R1-Distill,59,False,5,-0.9459105730056763,-9.908529281616211
R1-Distill,59,False,6,-1.1212058067321777,-9.866900444030762
R1-Distill,59,False,7,-1.206373929977417,-9.862085342407227
R1-Distill,59,False,8,-0.8091162443161011,-9.71803092956543
R1-Distill,59,False,9,-0.7777278423309326,-9.671154022216797
R1-Distill,59,False,10,-0.7834963798522949,-9.437061309814453
R1-Distill,59,False,11,-0.6088320016860962,-8.885369300842285
R1-Distill,59,False,12,-0.6822189688682556,-8.588784217834473
R1-Distill,59,False,13,-0.8584305644035339,-8.04718017578125
R1-Distill,59,False,14,-0.46798163652420044,-8.08537483215332
R1-Distill,59,False,15,-0.4508594572544098,-8.114051818847656
R1-Distill,59,False,16,-0.47845298051834106,-7.3793439865112305
R1-Distill,59,False,17,-0.35960644483566284,-6.45586633682251
R1-Distill,59,False,18,-1.0447920560836792,-5.268258571624756
R1-Distill,59,False,19,-0.6970116496086121,-4.3058624267578125
R1-Distill,59,False,20,-0.5699818730354309,-2.370260715484619
R1-Distill,59,False,21,0.6811386346817017,1.7933591604232788
R1-Distill,59,False,22,-0.37956956028938293,9.04763126373291
R1-Distill,59,False,23,1.1001415252685547,15.065135955810547
R1-Distill,59,False,24,1.9385899305343628,19.47857666015625
R1-Distill,59,False,25,-0.10922664403915405,29.143890380859375
R1-Distill,59,False,26,-1.0121960639953613,41.32354736328125
R1-Distill,59,False,27,0.4825305938720703,55.7003173828125
R1-Distill,59,False,28,-0.46979328989982605,-1.4755949974060059
R1-Distill,60,True,0,-0.9068678021430969,-10.597840309143066
R1-Distill,60,True,1,-0.8773040771484375,-10.57748794555664
R1-Distill,60,True,2,-0.8559891581535339,-10.568867683410645
R1-Distill,60,True,3,-0.8340009450912476,-10.523550033569336
R1-Distill,60,True,4,-0.5663710832595825,-10.377681732177734
R1-Distill,60,True,5,-0.5904096961021423,-10.199137687683105
R1-Distill,60,True,6,-0.46503838896751404,-10.223506927490234
R1-Distill,60,True,7,-0.4486593008041382,-10.232489585876465
R1-Distill,60,True,8,-0.33898991346359253,-9.856500625610352
R1-Distill,60,True,9,-0.2749403715133667,-9.946834564208984
R1-Distill,60,True,10,-0.22394634783267975,-9.721145629882812
R1-Distill,60,True,11,-0.039840810000896454,-9.074028015136719
R1-Distill,60,True,12,0.11460673809051514,-8.7257080078125
R1-Distill,60,True,13,-0.10015885531902313,-8.162429809570312
R1-Distill,60,True,14,0.3120947480201721,-8.337848663330078
R1-Distill,60,True,15,0.16284938156604767,-8.30270767211914
R1-Distill,60,True,16,0.7754970788955688,-7.4550275802612305
R1-Distill,60,True,17,0.64882493019104,-6.530492782592773
R1-Distill,60,True,18,0.717253565788269,-5.332366466522217
R1-Distill,60,True,19,1.2605135440826416,-4.565319538116455
R1-Distill,60,True,20,2.048727035522461,-2.573112964630127
R1-Distill,60,True,21,2.6036484241485596,1.4121716022491455
R1-Distill,60,True,22,2.457258701324463,8.527671813964844
R1-Distill,60,True,23,3.7397074699401855,14.905091285705566
R1-Distill,60,True,24,4.793421745300293,20.181385040283203
R1-Distill,60,True,25,4.2873029708862305,29.83232307434082
R1-Distill,60,True,26,3.501096248626709,43.81964111328125
R1-Distill,60,True,27,5.781136512756348,58.531410217285156
R1-Distill,60,True,28,0.20547223091125488,-0.9526611566543579
R1-Distill,61,False,0,-0.911048412322998,-10.593255996704102
R1-Distill,61,False,1,-1.119522213935852,-10.614156723022461
R1-Distill,61,False,2,-1.2266038656234741,-10.512083053588867
R1-Distill,61,False,3,-1.438310146331787,-10.258146286010742
R1-Distill,61,False,4,-1.4009593725204468,-9.976675033569336
R1-Distill,61,False,5,-1.5583102703094482,-9.635354042053223
R1-Distill,61,False,6,-1.4477777481079102,-9.726067543029785
R1-Distill,61,False,7,-1.7482595443725586,-9.849905014038086
R1-Distill,61,False,8,-1.5759458541870117,-9.67066764831543
R1-Distill,61,False,9,-1.3328428268432617,-9.469236373901367
R1-Distill,61,False,10,-1.247361660003662,-9.093313217163086
R1-Distill,61,False,11,-1.0872564315795898,-8.758346557617188
R1-Distill,61,False,12,-1.1244728565216064,-8.371126174926758
R1-Distill,61,False,13,-1.3358752727508545,-7.6898932456970215
R1-Distill,61,False,14,-1.0202288627624512,-7.818714141845703
R1-Distill,61,False,15,-1.0489907264709473,-7.426962852478027
R1-Distill,61,False,16,-0.43590015172958374,-6.7052764892578125
R1-Distill,61,False,17,-0.5740656852722168,-5.6275763511657715
R1-Distill,61,False,18,-0.45478034019470215,-3.822573184967041
R1-Distill,61,False,19,-0.23803764581680298,-2.758904457092285
R1-Distill,61,False,20,0.188615083694458,0.4576081335544586
R1-Distill,61,False,21,-0.5493633151054382,5.2592573165893555
R1-Distill,61,False,22,-0.7067065238952637,14.882732391357422
R1-Distill,61,False,23,-0.04775106906890869,23.50971221923828
R1-Distill,61,False,24,1.17373526096344,31.45063018798828
R1-Distill,61,False,25,-0.19145113229751587,45.45260238647461
R1-Distill,61,False,26,-2.296956777572632,60.627479553222656
R1-Distill,61,False,27,-1.8874353170394897,80.23238372802734
R1-Distill,61,False,28,-1.6118474006652832,2.4019360542297363
R1-Distill,62,False,0,-0.9104070663452148,-10.595531463623047
R1-Distill,62,False,1,-1.3135381937026978,-10.516865730285645
R1-Distill,62,False,2,-1.4979363679885864,-10.484066009521484
R1-Distill,62,False,3,-1.8424683809280396,-10.348834991455078
R1-Distill,62,False,4,-2.0228090286254883,-10.117215156555176
R1-Distill,62,False,5,-2.4194247722625732,-9.8488187789917
R1-Distill,62,False,6,-2.198604106903076,-9.796768188476562
R1-Distill,62,False,7,-2.287505626678467,-9.908352851867676
R1-Distill,62,False,8,-2.2640810012817383,-9.651208877563477
R1-Distill,62,False,9,-2.5775952339172363,-9.691320419311523
R1-Distill,62,False,10,-2.7769856452941895,-9.295562744140625
R1-Distill,62,False,11,-2.860801935195923,-8.553105354309082
R1-Distill,62,False,12,-3.23187255859375,-8.48741340637207
R1-Distill,62,False,13,-3.351652145385742,-8.13675308227539
R1-Distill,62,False,14,-3.2788779735565186,-8.270833015441895
R1-Distill,62,False,15,-3.614348888397217,-8.274564743041992
R1-Distill,62,False,16,-3.558527946472168,-7.807415008544922
R1-Distill,62,False,17,-3.9870753288269043,-6.738269805908203
R1-Distill,62,False,18,-4.8400468826293945,-5.735064506530762
R1-Distill,62,False,19,-4.928499221801758,-4.8682379722595215
R1-Distill,62,False,20,-5.381741523742676,-2.953824996948242
R1-Distill,62,False,21,-6.580803871154785,0.9449821710586548
R1-Distill,62,False,22,-8.649039268493652,7.382492542266846
R1-Distill,62,False,23,-8.6963529586792,14.134307861328125
R1-Distill,62,False,24,-7.72921085357666,19.313329696655273
R1-Distill,62,False,25,-10.991798400878906,30.451995849609375
R1-Distill,62,False,26,-14.20993709564209,43.94868087768555
R1-Distill,62,False,27,-14.000142097473145,58.40705871582031
R1-Distill,62,False,28,-3.941131114959717,0.17927759885787964
R1-Distill,63,False,0,-0.9075814485549927,-10.598848342895508
R1-Distill,63,False,1,-1.4015922546386719,-10.655935287475586
R1-Distill,63,False,2,-1.506023645401001,-10.605334281921387
R1-Distill,63,False,3,-1.713239312171936,-10.56185531616211
R1-Distill,63,False,4,-1.872075080871582,-10.350873947143555
R1-Distill,63,False,5,-2.2213456630706787,-9.758096694946289
R1-Distill,63,False,6,-1.9945893287658691,-9.838495254516602
R1-Distill,63,False,7,-2.293389320373535,-9.846906661987305
R1-Distill,63,False,8,-2.2107629776000977,-9.618339538574219
R1-Distill,63,False,9,-2.245786190032959,-9.600075721740723
R1-Distill,63,False,10,-2.3744571208953857,-9.385712623596191
R1-Distill,63,False,11,-2.487691879272461,-8.877511978149414
R1-Distill,63,False,12,-3.0068178176879883,-8.482337951660156
R1-Distill,63,False,13,-3.126030445098877,-7.8273606300354
R1-Distill,63,False,14,-2.943643569946289,-8.069727897644043
R1-Distill,63,False,15,-3.317143440246582,-8.240942001342773
R1-Distill,63,False,16,-3.3835973739624023,-7.690752983093262
R1-Distill,63,False,17,-4.0022125244140625,-6.719023704528809
R1-Distill,63,False,18,-4.670905113220215,-5.392308712005615
R1-Distill,63,False,19,-4.814805030822754,-4.4102396965026855
R1-Distill,63,False,20,-5.158477783203125,-2.5730128288269043
R1-Distill,63,False,21,-6.216922283172607,1.832363486289978
R1-Distill,63,False,22,-7.774562835693359,8.840900421142578
R1-Distill,63,False,23,-7.652461528778076,15.121541976928711
R1-Distill,63,False,24,-7.444660186767578,20.386747360229492
R1-Distill,63,False,25,-9.827964782714844,31.58588409423828
R1-Distill,63,False,26,-11.787382125854492,45.320396423339844
R1-Distill,63,False,27,-12.269641876220703,60.763824462890625
R1-Distill,63,False,28,-2.957035541534424,0.7191693186759949
R1-Distill,64,False,0,-0.8929989337921143,-10.602405548095703
R1-Distill,64,False,1,-1.1518385410308838,-10.521574020385742
R1-Distill,64,False,2,-1.2676578760147095,-10.481277465820312
R1-Distill,64,False,3,-1.2089003324508667,-10.293249130249023
R1-Distill,64,False,4,-0.69062340259552,-10.234296798706055
R1-Distill,64,False,5,-0.7531039714813232,-9.918312072753906
R1-Distill,64,False,6,-0.8306467533111572,-9.924001693725586
R1-Distill,64,False,7,-0.7655041217803955,-9.963184356689453
R1-Distill,64,False,8,-0.651993989944458,-9.555532455444336
R1-Distill,64,False,9,-0.5683342218399048,-9.620763778686523
R1-Distill,64,False,10,-0.5056591033935547,-9.215402603149414
R1-Distill,64,False,11,-0.13259311020374298,-8.709585189819336
R1-Distill,64,False,12,-0.15113961696624756,-8.659891128540039
R1-Distill,64,False,13,-0.1754010021686554,-8.03531265258789
R1-Distill,64,False,14,-0.05217939615249634,-8.08350658416748
R1-Distill,64,False,15,-0.5179338455200195,-7.954374313354492
R1-Distill,64,False,16,-0.12013259530067444,-7.320398330688477
R1-Distill,64,False,17,-0.10113644599914551,-6.769661903381348
R1-Distill,64,False,18,-0.1802310347557068,-5.3583478927612305
R1-Distill,64,False,19,-0.2055334448814392,-4.625438213348389
R1-Distill,64,False,20,0.30231207609176636,-2.475428819656372
R1-Distill,64,False,21,0.41533368825912476,1.0731890201568604
R1-Distill,64,False,22,-0.0924137532711029,7.844124794006348
R1-Distill,64,False,23,0.3358622193336487,13.724313735961914
R1-Distill,64,False,24,1.6937532424926758,19.4172420501709
R1-Distill,64,False,25,0.5701705813407898,30.302858352661133
R1-Distill,64,False,26,-0.4296666979789734,41.301780700683594
R1-Distill,64,False,27,1.1440598964691162,55.29566192626953
R1-Distill,64,False,28,-1.321495532989502,-0.839323103427887
R1-Distill,65,False,0,-0.9053676724433899,-10.596019744873047
R1-Distill,65,False,1,-0.8508821725845337,-10.47454833984375
R1-Distill,65,False,2,-0.8568295836448669,-10.358548164367676
R1-Distill,65,False,3,-0.9879286885261536,-10.441529273986816
R1-Distill,65,False,4,-0.7407835721969604,-10.040218353271484
R1-Distill,65,False,5,-0.6906308531761169,-9.597129821777344
R1-Distill,65,False,6,-0.8006008267402649,-9.484586715698242
R1-Distill,65,False,7,-0.643225908279419,-9.447518348693848
R1-Distill,65,False,8,-0.21644237637519836,-9.463573455810547
R1-Distill,65,False,9,-0.4377596080303192,-9.495864868164062
R1-Distill,65,False,10,-0.45004647970199585,-9.159136772155762
R1-Distill,65,False,11,-0.6101030707359314,-8.512840270996094
R1-Distill,65,False,12,-0.6271868348121643,-8.487174987792969
R1-Distill,65,False,13,-0.7197674512863159,-7.878577709197998
R1-Distill,65,False,14,-0.44852888584136963,-8.095223426818848
R1-Distill,65,False,15,-0.4608968198299408,-7.755928993225098
R1-Distill,65,False,16,-0.21473108232021332,-6.943375110626221
R1-Distill,65,False,17,-0.6006640791893005,-5.781831741333008
R1-Distill,65,False,18,-0.927370548248291,-4.583863258361816
R1-Distill,65,False,19,-0.6744083166122437,-3.3117613792419434
R1-Distill,65,False,20,-0.8087372779846191,-1.3991550207138062
R1-Distill,65,False,21,-0.6642012596130371,3.67401385307312
R1-Distill,65,False,22,-1.6728781461715698,11.334663391113281
R1-Distill,65,False,23,-2.248560905456543,17.587574005126953
R1-Distill,65,False,24,-2.829802989959717,23.495052337646484
R1-Distill,65,False,25,-4.716806888580322,35.383506774902344
R1-Distill,65,False,26,-6.271511077880859,47.2119140625
R1-Distill,65,False,27,-5.406821250915527,63.49833679199219
R1-Distill,65,False,28,-2.1555817127227783,0.5220359563827515
R1-Distill,66,False,0,-0.9091282486915588,-10.601055145263672
R1-Distill,66,False,1,-1.0210603475570679,-10.585411071777344
R1-Distill,66,False,2,-1.0125856399536133,-10.498504638671875
R1-Distill,66,False,3,-1.3097705841064453,-10.32628059387207
R1-Distill,66,False,4,-1.0512999296188354,-9.857463836669922
R1-Distill,66,False,5,-1.1640326976776123,-9.6320219039917
R1-Distill,66,False,6,-1.3910313844680786,-9.660512924194336
R1-Distill,66,False,7,-1.4413095712661743,-9.935654640197754
R1-Distill,66,False,8,-0.8947996497154236,-9.792076110839844
R1-Distill,66,False,9,-0.9931790828704834,-9.686382293701172
R1-Distill,66,False,10,-1.2887738943099976,-9.352745056152344
R1-Distill,66,False,11,-1.2046105861663818,-8.949451446533203
R1-Distill,66,False,12,-1.5879278182983398,-8.688547134399414
R1-Distill,66,False,13,-1.585919976234436,-8.116259574890137
R1-Distill,66,False,14,-1.54292893409729,-8.347575187683105
R1-Distill,66,False,15,-1.1644412279129028,-8.296092987060547
R1-Distill,66,False,16,-1.0869011878967285,-7.221929550170898
R1-Distill,66,False,17,-1.1102216243743896,-6.7557501792907715
R1-Distill,66,False,18,-1.4053082466125488,-5.418800354003906
R1-Distill,66,False,19,-1.0078116655349731,-4.260859489440918
R1-Distill,66,False,20,-1.3768916130065918,-2.4796853065490723
R1-Distill,66,False,21,-1.8491344451904297,1.6268891096115112
R1-Distill,66,False,22,-2.647779703140259,7.790032863616943
R1-Distill,66,False,23,-2.115316152572632,13.433270454406738
R1-Distill,66,False,24,-3.603955030441284,18.178577423095703
R1-Distill,66,False,25,-6.9863386154174805,30.064903259277344
R1-Distill,66,False,26,-9.138439178466797,42.98994445800781
R1-Distill,66,False,27,-9.739622116088867,57.6236572265625
R1-Distill,66,False,28,-2.701138496398926,-0.7557488083839417
R1-Distill,67,False,0,-0.9135856032371521,-10.594740867614746
R1-Distill,67,False,1,-1.1372581720352173,-10.565781593322754
R1-Distill,67,False,2,-1.1495652198791504,-10.523357391357422
R1-Distill,67,False,3,-1.1423790454864502,-10.336553573608398
R1-Distill,67,False,4,-1.0415664911270142,-10.144937515258789
R1-Distill,67,False,5,-1.164366364479065,-9.819690704345703
R1-Distill,67,False,6,-1.094496726989746,-9.81734848022461
R1-Distill,67,False,7,-1.1572630405426025,-9.735048294067383
R1-Distill,67,False,8,-1.0696096420288086,-9.295218467712402
R1-Distill,67,False,9,-0.7767688035964966,-9.68844985961914
R1-Distill,67,False,10,-1.0063519477844238,-9.441450119018555
R1-Distill,67,False,11,-0.8868023753166199,-8.829959869384766
R1-Distill,67,False,12,-1.3979722261428833,-8.504505157470703
R1-Distill,67,False,13,-1.434708595275879,-7.816510200500488
R1-Distill,67,False,14,-1.1499154567718506,-7.8904523849487305
R1-Distill,67,False,15,-1.1646450757980347,-7.9210896492004395
R1-Distill,67,False,16,-0.7646232843399048,-7.055420875549316
R1-Distill,67,False,17,-1.151998519897461,-6.240185737609863
R1-Distill,67,False,18,-1.8866984844207764,-4.723146438598633
R1-Distill,67,False,19,-1.686540961265564,-3.4909753799438477
R1-Distill,67,False,20,-1.0235702991485596,-1.2398916482925415
R1-Distill,67,False,21,0.10519835352897644,3.465841054916382
R1-Distill,67,False,22,-0.599934995174408,11.42386531829834
R1-Distill,67,False,23,1.1992084980010986,18.44464683532715
R1-Distill,67,False,24,1.6016521453857422,24.638811111450195
R1-Distill,67,False,25,0.015111684799194336,34.267250061035156
R1-Distill,67,False,26,-2.075930118560791,48.73995590209961
R1-Distill,67,False,27,-1.870210886001587,65.75279235839844
R1-Distill,67,False,28,-1.0434855222702026,-0.8355047702789307
R1-Distill,68,True,0,-0.8975514769554138,-10.604305267333984
R1-Distill,68,True,1,-0.7469857931137085,-10.71501636505127
R1-Distill,68,True,2,-0.5034731030464172,-10.737203598022461
R1-Distill,68,True,3,-0.5731136798858643,-10.550556182861328
R1-Distill,68,True,4,-0.020126178860664368,-10.188232421875
R1-Distill,68,True,5,0.4417992830276489,-9.716538429260254
R1-Distill,68,True,6,0.41853809356689453,-9.636926651000977
R1-Distill,68,True,7,0.8125303387641907,-9.578400611877441
R1-Distill,68,True,8,1.3098320960998535,-9.368587493896484
R1-Distill,68,True,9,1.5255639553070068,-9.7274169921875
R1-Distill,68,True,10,1.5986073017120361,-9.56098747253418
R1-Distill,68,True,11,2.218679904937744,-9.144298553466797
R1-Distill,68,True,12,2.7661995887756348,-9.009116172790527
R1-Distill,68,True,13,2.839210271835327,-8.506131172180176
R1-Distill,68,True,14,3.6400086879730225,-8.551080703735352
R1-Distill,68,True,15,3.4770348072052,-8.281574249267578
R1-Distill,68,True,16,4.652742862701416,-7.958003997802734
R1-Distill,68,True,17,5.177201271057129,-7.288097858428955
R1-Distill,68,True,18,6.924581527709961,-6.475581645965576
R1-Distill,68,True,19,7.707524299621582,-5.7064714431762695
R1-Distill,68,True,20,9.538675308227539,-3.8194899559020996
R1-Distill,68,True,21,11.257766723632812,-0.08781920373439789
R1-Distill,68,True,22,15.08954906463623,5.01096248626709
R1-Distill,68,True,23,18.17540740966797,10.743255615234375
R1-Distill,68,True,24,20.69628143310547,15.673357963562012
R1-Distill,68,True,25,22.95713996887207,22.737586975097656
R1-Distill,68,True,26,23.598386764526367,32.14466857910156
R1-Distill,68,True,27,24.87557601928711,45.97248077392578
R1-Distill,68,True,28,2.614696502685547,-3.1645700931549072
R1-Distill,69,True,0,-0.9068801999092102,-10.589780807495117
R1-Distill,69,True,1,-0.7810250520706177,-10.535990715026855
R1-Distill,69,True,2,-0.771030604839325,-10.439844131469727
R1-Distill,69,True,3,-0.9263566732406616,-10.37317180633545
R1-Distill,69,True,4,-0.6138817667961121,-10.117610931396484
R1-Distill,69,True,5,-0.7255823016166687,-9.657257080078125
R1-Distill,69,True,6,-0.8775627017021179,-9.6559476852417
R1-Distill,69,True,7,-0.7923458814620972,-9.911117553710938
R1-Distill,69,True,8,-0.3048512041568756,-9.570314407348633
R1-Distill,69,True,9,-0.16042952239513397,-9.618440628051758
R1-Distill,69,True,10,0.05400016903877258,-9.166363716125488
R1-Distill,69,True,11,0.6350197792053223,-8.558480262756348
R1-Distill,69,True,12,0.5490516424179077,-8.312850952148438
R1-Distill,69,True,13,0.6555212736129761,-7.791623115539551
R1-Distill,69,True,14,1.1182996034622192,-7.831626892089844
R1-Distill,69,True,15,1.165827989578247,-7.898831367492676
R1-Distill,69,True,16,2.017784833908081,-7.269798278808594
R1-Distill,69,True,17,2.479332447052002,-6.151309013366699
R1-Distill,69,True,18,2.6030960083007812,-4.6462836265563965
R1-Distill,69,True,19,3.135040760040283,-3.4729576110839844
R1-Distill,69,True,20,3.7446212768554688,-1.1794753074645996
R1-Distill,69,True,21,4.226318836212158,4.605127811431885
R1-Distill,69,True,22,4.503873825073242,13.65043830871582
R1-Distill,69,True,23,5.356142044067383,21.981891632080078
R1-Distill,69,True,24,7.241811275482178,29.98755645751953
R1-Distill,69,True,25,6.516746520996094,43.5587043762207
R1-Distill,69,True,26,4.332109451293945,56.654972076416016
R1-Distill,69,True,27,5.663183212280273,77.0633316040039
R1-Distill,69,True,28,-0.5185060501098633,2.851318597793579
R1-Distill,70,False,0,-0.9137980937957764,-10.594186782836914
R1-Distill,70,False,1,-1.0636985301971436,-10.544921875
R1-Distill,70,False,2,-1.102669358253479,-10.52005672454834
R1-Distill,70,False,3,-1.4124743938446045,-10.379880905151367
R1-Distill,70,False,4,-1.3735703229904175,-9.957233428955078
R1-Distill,70,False,5,-1.4505317211151123,-9.686309814453125
R1-Distill,70,False,6,-1.475430965423584,-9.726765632629395
R1-Distill,70,False,7,-1.3618035316467285,-9.794303894042969
R1-Distill,70,False,8,-1.104646921157837,-9.405195236206055
R1-Distill,70,False,9,-0.9309031963348389,-9.514059066772461
R1-Distill,70,False,10,-0.9217487573623657,-9.155394554138184
R1-Distill,70,False,11,-0.42862266302108765,-8.729558944702148
R1-Distill,70,False,12,-0.480629563331604,-8.282882690429688
R1-Distill,70,False,13,-0.5405012965202332,-7.861577987670898
R1-Distill,70,False,14,-0.14377732574939728,-7.977605819702148
R1-Distill,70,False,15,-0.13955730199813843,-7.73172664642334
R1-Distill,70,False,16,-0.092556893825531,-6.906460762023926
R1-Distill,70,False,17,0.19470296800136566,-6.114025115966797
R1-Distill,70,False,18,-0.02377135306596756,-4.857577323913574
R1-Distill,70,False,19,0.39218613505363464,-3.4296858310699463
R1-Distill,70,False,20,0.35566771030426025,-1.408022165298462
R1-Distill,70,False,21,1.6651477813720703,3.4382681846618652
R1-Distill,70,False,22,1.8836710453033447,10.64030647277832
R1-Distill,70,False,23,3.1940696239471436,17.359981536865234
R1-Distill,70,False,24,3.5039174556732178,22.568470001220703
R1-Distill,70,False,25,1.8238160610198975,33.58033752441406
R1-Distill,70,False,26,0.5225445032119751,47.37078857421875
R1-Distill,70,False,27,0.2605467438697815,65.38224029541016
R1-Distill,70,False,28,-0.8224806189537048,0.4139280319213867
R1-Distill,71,True,0,-0.9017576575279236,-10.59600830078125
R1-Distill,71,True,1,-0.7768657207489014,-10.510284423828125
R1-Distill,71,True,2,-0.6899410486221313,-10.416223526000977
R1-Distill,71,True,3,-0.662722110748291,-10.316137313842773
R1-Distill,71,True,4,-0.36158594489097595,-10.137617111206055
R1-Distill,71,True,5,-0.24116124212741852,-9.637060165405273
R1-Distill,71,True,6,-0.4205796718597412,-9.755729675292969
R1-Distill,71,True,7,-0.4348062574863434,-9.891347885131836
R1-Distill,71,True,8,-0.02159252017736435,-9.603513717651367
R1-Distill,71,True,9,-0.04339217767119408,-9.565410614013672
R1-Distill,71,True,10,-0.07779423892498016,-9.127031326293945
R1-Distill,71,True,11,-0.07586956769227982,-8.824328422546387
R1-Distill,71,True,12,0.1586022675037384,-8.589218139648438
R1-Distill,71,True,13,0.01780000329017639,-7.915566444396973
R1-Distill,71,True,14,0.38279634714126587,-8.053609848022461
R1-Distill,71,True,15,0.6552385091781616,-8.064956665039062
R1-Distill,71,True,16,1.3545811176300049,-7.233726501464844
R1-Distill,71,True,17,1.3857598304748535,-6.242051124572754
R1-Distill,71,True,18,0.9760293960571289,-4.776955604553223
R1-Distill,71,True,19,1.721675157546997,-3.6695878505706787
R1-Distill,71,True,20,2.226701021194458,-1.6194207668304443
R1-Distill,71,True,21,3.9286088943481445,2.6382369995117188
R1-Distill,71,True,22,3.8599185943603516,10.57571029663086
R1-Distill,71,True,23,5.3556437492370605,15.965639114379883
R1-Distill,71,True,24,7.357768535614014,21.398895263671875
R1-Distill,71,True,25,6.087948322296143,32.278526306152344
R1-Distill,71,True,26,5.6571736335754395,45.98359680175781
R1-Distill,71,True,27,9.12583065032959,62.59428024291992
R1-Distill,71,True,28,1.077429175376892,-0.5574507713317871
R1-Distill,72,True,0,-0.8962966799736023,-10.606203079223633
R1-Distill,72,True,1,-0.7766598463058472,-10.628551483154297
R1-Distill,72,True,2,-0.5682274103164673,-10.591243743896484
R1-Distill,72,True,3,-0.5381198525428772,-10.469658851623535
R1-Distill,72,True,4,-0.2435290813446045,-10.338407516479492
R1-Distill,72,True,5,0.02659030258655548,-9.969932556152344
R1-Distill,72,True,6,0.1096617802977562,-10.01137924194336
R1-Distill,72,True,7,0.34563082456588745,-9.97213363647461
R1-Distill,72,True,8,0.857192873954773,-9.754907608032227
R1-Distill,72,True,9,0.9028846025466919,-9.917953491210938
R1-Distill,72,True,10,1.0357065200805664,-9.74372673034668
R1-Distill,72,True,11,1.544297218322754,-9.351627349853516
R1-Distill,72,True,12,2.3164124488830566,-9.251754760742188
R1-Distill,72,True,13,2.6190810203552246,-8.609617233276367
R1-Distill,72,True,14,3.0152716636657715,-8.609979629516602
R1-Distill,72,True,15,2.9451489448547363,-8.6048002243042
R1-Distill,72,True,16,3.5049924850463867,-7.931205749511719
R1-Distill,72,True,17,4.2463483810424805,-7.233275890350342
R1-Distill,72,True,18,4.693096160888672,-6.861572265625
R1-Distill,72,True,19,5.196767807006836,-6.280783176422119
R1-Distill,72,True,20,6.066295623779297,-4.860119342803955
R1-Distill,72,True,21,7.279109001159668,-0.413807213306427
R1-Distill,72,True,22,9.833091735839844,5.346912860870361
R1-Distill,72,True,23,11.640410423278809,11.375329971313477
R1-Distill,72,True,24,13.38856315612793,15.96253776550293
R1-Distill,72,True,25,15.069129943847656,23.673206329345703
R1-Distill,72,True,26,15.796676635742188,32.875
R1-Distill,72,True,27,15.848779678344727,46.76090621948242
R1-Distill,72,True,28,1.599210500717163,-3.0868077278137207
R1-Distill,73,False,0,-0.9027867317199707,-10.593782424926758
R1-Distill,73,False,1,-1.1756538152694702,-10.540141105651855
R1-Distill,73,False,2,-1.240565538406372,-10.518184661865234
R1-Distill,73,False,3,-1.4054028987884521,-10.483942985534668
R1-Distill,73,False,4,-1.5497395992279053,-10.165464401245117
R1-Distill,73,False,5,-1.513427495956421,-9.814029693603516
R1-Distill,73,False,6,-1.4633787870407104,-9.772462844848633
R1-Distill,73,False,7,-1.6671522855758667,-9.849827766418457
R1-Distill,73,False,8,-1.3297854661941528,-9.62701416015625
R1-Distill,73,False,9,-1.5525201559066772,-9.385188102722168
R1-Distill,73,False,10,-1.7463277578353882,-9.152750968933105
R1-Distill,73,False,11,-1.6378040313720703,-8.925941467285156
R1-Distill,73,False,12,-1.8665122985839844,-8.550045013427734
R1-Distill,73,False,13,-1.8029322624206543,-8.184234619140625
R1-Distill,73,False,14,-1.3703501224517822,-8.246047973632812
R1-Distill,73,False,15,-1.4595589637756348,-8.242501258850098
R1-Distill,73,False,16,-1.5408400297164917,-7.603283882141113
R1-Distill,73,False,17,-1.4827921390533447,-6.599332809448242
R1-Distill,73,False,18,-1.6565653085708618,-5.42866325378418
R1-Distill,73,False,19,-1.5711616277694702,-4.581738471984863
R1-Distill,73,False,20,-1.751098871231079,-2.6513686180114746
R1-Distill,73,False,21,-1.5943701267242432,1.866339921951294
R1-Distill,73,False,22,-2.559257984161377,9.251070022583008
R1-Distill,73,False,23,-2.2378978729248047,15.617417335510254
R1-Distill,73,False,24,-1.901859998703003,20.188766479492188
R1-Distill,73,False,25,-3.5449013710021973,30.24526596069336
R1-Distill,73,False,26,-5.1077423095703125,42.49010467529297
R1-Distill,73,False,27,-3.902947187423706,58.52671813964844
R1-Distill,73,False,28,-1.6679863929748535,0.25131410360336304
R1-Distill,74,False,0,-0.8964521884918213,-10.605490684509277
R1-Distill,74,False,1,-0.9930040836334229,-10.745038986206055
R1-Distill,74,False,2,-0.9872685670852661,-10.715778350830078
R1-Distill,74,False,3,-1.1397991180419922,-10.397849082946777
R1-Distill,74,False,4,-0.6967191100120544,-9.89792251586914
R1-Distill,74,False,5,-0.4219616651535034,-9.75653076171875
R1-Distill,74,False,6,-0.21349704265594482,-9.927797317504883
R1-Distill,74,False,7,0.0023106876760721207,-9.748038291931152
R1-Distill,74,False,8,0.3526230454444885,-9.6060791015625
R1-Distill,74,False,9,0.39768439531326294,-9.592977523803711
R1-Distill,74,False,10,0.32960575819015503,-9.290307998657227
R1-Distill,74,False,11,0.7695908546447754,-9.109014511108398
R1-Distill,74,False,12,1.4475516080856323,-8.775453567504883
R1-Distill,74,False,13,1.7416146993637085,-8.246503829956055
R1-Distill,74,False,14,2.046011209487915,-8.029915809631348
R1-Distill,74,False,15,1.8780837059020996,-8.160967826843262
R1-Distill,74,False,16,2.4123003482818604,-7.892317295074463
R1-Distill,74,False,17,2.747955322265625,-7.200240612030029
R1-Distill,74,False,18,4.278965950012207,-6.828098773956299
R1-Distill,74,False,19,4.09091854095459,-6.282550811767578
R1-Distill,74,False,20,5.263357639312744,-4.666781425476074
R1-Distill,74,False,21,6.127486228942871,-1.0838297605514526
R1-Distill,74,False,22,8.571952819824219,3.909731864929199
R1-Distill,74,False,23,9.75518798828125,9.788569450378418
R1-Distill,74,False,24,11.397533416748047,14.18785572052002
R1-Distill,74,False,25,13.961231231689453,20.92219352722168
R1-Distill,74,False,26,14.808348655700684,30.168975830078125
R1-Distill,74,False,27,16.68189239501953,43.96012878417969
R1-Distill,74,False,28,1.5361075401306152,-3.1247522830963135
R1-Distill,75,False,0,-0.9138448238372803,-10.603021621704102
R1-Distill,75,False,1,-1.2546741962432861,-10.609296798706055
R1-Distill,75,False,2,-1.2700932025909424,-10.586692810058594
R1-Distill,75,False,3,-1.413257360458374,-10.5035982131958
R1-Distill,75,False,4,-1.4704114198684692,-10.266181945800781
R1-Distill,75,False,5,-1.611169695854187,-9.9136962890625
R1-Distill,75,False,6,-1.2843554019927979,-9.851457595825195
R1-Distill,75,False,7,-1.4362778663635254,-9.861690521240234
R1-Distill,75,False,8,-1.2475676536560059,-9.619935989379883
R1-Distill,75,False,9,-1.4290863275527954,-9.76297378540039
R1-Distill,75,False,10,-1.4599475860595703,-9.384553909301758
R1-Distill,75,False,11,-1.423246145248413,-8.958741188049316
R1-Distill,75,False,12,-1.647144079208374,-8.753591537475586
R1-Distill,75,False,13,-1.7296143770217896,-8.305658340454102
R1-Distill,75,False,14,-1.4043622016906738,-8.38253116607666
R1-Distill,75,False,15,-1.512066125869751,-8.512340545654297
R1-Distill,75,False,16,-1.4379677772521973,-7.881550312042236
R1-Distill,75,False,17,-1.752747893333435,-7.22343111038208
R1-Distill,75,False,18,-2.3580708503723145,-6.183518886566162
R1-Distill,75,False,19,-2.3169779777526855,-5.503769874572754
R1-Distill,75,False,20,-2.1364450454711914,-3.70888352394104
R1-Distill,75,False,21,-1.3279383182525635,-0.6064608097076416
R1-Distill,75,False,22,-2.195427417755127,5.096039772033691
R1-Distill,75,False,23,-1.2452642917633057,11.088882446289062
R1-Distill,75,False,24,-1.9938677549362183,16.028667449951172
R1-Distill,75,False,25,-2.870932102203369,23.629898071289062
R1-Distill,75,False,26,-4.261059284210205,35.64083480834961
R1-Distill,75,False,27,-4.671651840209961,48.859642028808594
R1-Distill,75,False,28,-2.276069402694702,-2.603745460510254
R1-Distill,76,False,0,-0.9117828607559204,-10.593528747558594
R1-Distill,76,False,1,-1.1401456594467163,-10.597173690795898
R1-Distill,76,False,2,-1.1900861263275146,-10.565670013427734
R1-Distill,76,False,3,-1.3629765510559082,-10.488243103027344
R1-Distill,76,False,4,-1.348829984664917,-10.164529800415039
R1-Distill,76,False,5,-1.4628180265426636,-9.797297477722168
R1-Distill,76,False,6,-1.3521325588226318,-9.695623397827148
R1-Distill,76,False,7,-1.4150052070617676,-9.711570739746094
R1-Distill,76,False,8,-1.1256850957870483,-9.452709197998047
R1-Distill,76,False,9,-1.0007357597351074,-9.504549026489258
R1-Distill,76,False,10,-0.9269758462905884,-9.260340690612793
R1-Distill,76,False,11,-0.7614474296569824,-8.779294967651367
R1-Distill,76,False,12,-0.6853492259979248,-8.648272514343262
R1-Distill,76,False,13,-0.7476628422737122,-8.166051864624023
R1-Distill,76,False,14,-0.12996824085712433,-8.108476638793945
R1-Distill,76,False,15,-0.4288772642612457,-7.85115909576416
R1-Distill,76,False,16,-0.1591053456068039,-7.086387634277344
R1-Distill,76,False,17,0.11359508335590363,-6.492495536804199
R1-Distill,76,False,18,0.303041934967041,-4.925780296325684
R1-Distill,76,False,19,0.7426284551620483,-3.5024168491363525
R1-Distill,76,False,20,1.151050090789795,-1.6995394229888916
R1-Distill,76,False,21,2.073155641555786,2.7443411350250244
R1-Distill,76,False,22,2.3801119327545166,10.456653594970703
R1-Distill,76,False,23,3.391904354095459,17.390769958496094
R1-Distill,76,False,24,4.140435218811035,23.030330657958984
R1-Distill,76,False,25,2.9419045448303223,33.53716278076172
R1-Distill,76,False,26,1.84896981716156,47.759864807128906
R1-Distill,76,False,27,3.2298405170440674,65.14659118652344
R1-Distill,76,False,28,-0.14158415794372559,0.2020619809627533
R1-Distill,77,False,0,-0.911834716796875,-10.6009521484375
R1-Distill,77,False,1,-1.137372612953186,-10.589296340942383
R1-Distill,77,False,2,-1.1975243091583252,-10.466975212097168
R1-Distill,77,False,3,-1.3278954029083252,-10.437456130981445
R1-Distill,77,False,4,-1.308868169784546,-10.252998352050781
R1-Distill,77,False,5,-1.446392297744751,-10.043231964111328
R1-Distill,77,False,6,-1.4171335697174072,-9.821279525756836
R1-Distill,77,False,7,-1.3320727348327637,-9.886368751525879
R1-Distill,77,False,8,-1.1387948989868164,-9.394196510314941
R1-Distill,77,False,9,-1.1257743835449219,-9.701040267944336
R1-Distill,77,False,10,-1.1093679666519165,-9.508535385131836
R1-Distill,77,False,11,-0.9400105476379395,-9.297050476074219
R1-Distill,77,False,12,-1.3529092073440552,-9.23066234588623
R1-Distill,77,False,13,-1.3223187923431396,-8.637070655822754
R1-Distill,77,False,14,-0.8797651529312134,-8.662286758422852
R1-Distill,77,False,15,-1.055108904838562,-8.623313903808594
R1-Distill,77,False,16,-1.081295132637024,-8.026823043823242
R1-Distill,77,False,17,-1.492977261543274,-7.28108549118042
R1-Distill,77,False,18,-2.1390132904052734,-6.097498893737793
R1-Distill,77,False,19,-1.7585108280181885,-5.326597213745117
R1-Distill,77,False,20,-1.3337998390197754,-3.5332415103912354
R1-Distill,77,False,21,-1.552957534790039,0.3623020052909851
R1-Distill,77,False,22,-2.5189690589904785,6.717733383178711
R1-Distill,77,False,23,-1.3135864734649658,12.141435623168945
R1-Distill,77,False,24,-1.1686005592346191,17.969453811645508
R1-Distill,77,False,25,-3.3076488971710205,27.463071823120117
R1-Distill,77,False,26,-4.8244242668151855,39.49833297729492
R1-Distill,77,False,27,-6.127683639526367,55.856170654296875
R1-Distill,77,False,28,-2.0498504638671875,-0.8534062504768372
R1-Distill,78,False,0,-0.9034937620162964,-10.59725570678711
R1-Distill,78,False,1,-0.9757280349731445,-10.647025108337402
R1-Distill,78,False,2,-1.0601367950439453,-10.541074752807617
R1-Distill,78,False,3,-1.1979504823684692,-10.368080139160156
R1-Distill,78,False,4,-1.083827018737793,-10.13056755065918
R1-Distill,78,False,5,-1.1028449535369873,-9.776670455932617
R1-Distill,78,False,6,-1.0306017398834229,-9.799732208251953
R1-Distill,78,False,7,-1.1744240522384644,-9.909980773925781
R1-Distill,78,False,8,-0.8219080567359924,-9.593782424926758
R1-Distill,78,False,9,-0.8135837316513062,-9.58142375946045
R1-Distill,78,False,10,-0.7251415848731995,-9.248823165893555
R1-Distill,78,False,11,-0.7225085496902466,-8.886618614196777
R1-Distill,78,False,12,-0.28828924894332886,-8.62536334991455
R1-Distill,78,False,13,-0.3852810561656952,-8.153346061706543
R1-Distill,78,False,14,-0.11318036913871765,-8.091915130615234
R1-Distill,78,False,15,-0.33099913597106934,-8.058992385864258
R1-Distill,78,False,16,0.0031401365995407104,-7.089852333068848
R1-Distill,78,False,17,-0.1329662799835205,-6.418806076049805
R1-Distill,78,False,18,-0.3033408224582672,-4.9785943031311035
R1-Distill,78,False,19,-0.018825024366378784,-4.152360439300537
R1-Distill,78,False,20,-0.15225374698638916,-2.0937387943267822
R1-Distill,78,False,21,0.5885012745857239,2.1051583290100098
R1-Distill,78,False,22,0.7969076633453369,9.969436645507812
R1-Distill,78,False,23,1.8473422527313232,16.30675506591797
R1-Distill,78,False,24,1.248873233795166,22.05229949951172
R1-Distill,78,False,25,1.2248997688293457,33.678646087646484
R1-Distill,78,False,26,-0.15253816545009613,47.26610565185547
R1-Distill,78,False,27,-0.4174261689186096,63.55876922607422
R1-Distill,78,False,28,-1.2175294160842896,0.6317081451416016
R1-Distill,79,False,0,-0.9054369926452637,-10.59398078918457
R1-Distill,79,False,1,-1.0255706310272217,-10.60837173461914
R1-Distill,79,False,2,-0.9310610890388489,-10.650909423828125
R1-Distill,79,False,3,-0.9395806789398193,-10.518951416015625
R1-Distill,79,False,4,-0.8543977737426758,-10.293415069580078
R1-Distill,79,False,5,-1.1281301975250244,-9.937543869018555
R1-Distill,79,False,6,-1.1558618545532227,-9.958287239074707
R1-Distill,79,False,7,-1.3877235651016235,-10.172452926635742
R1-Distill,79,False,8,-1.083832859992981,-9.894113540649414
R1-Distill,79,False,9,-1.148954153060913,-9.735877990722656
R1-Distill,79,False,10,-1.321120023727417,-9.437387466430664
R1-Distill,79,False,11,-1.2734568119049072,-9.043559074401855
R1-Distill,79,False,12,-1.3283408880233765,-8.673328399658203
R1-Distill,79,False,13,-1.3864046335220337,-8.133257865905762
R1-Distill,79,False,14,-1.3210251331329346,-8.22876262664795
R1-Distill,79,False,15,-1.431897521018982,-8.381491661071777
R1-Distill,79,False,16,-1.100693941116333,-7.9247331619262695
R1-Distill,79,False,17,-1.67457115650177,-6.705278396606445
R1-Distill,79,False,18,-1.7062454223632812,-5.5482707023620605
R1-Distill,79,False,19,-1.8426382541656494,-4.717257976531982
R1-Distill,79,False,20,-1.7870769500732422,-3.096613883972168
R1-Distill,79,False,21,-2.807406425476074,1.183388113975525
R1-Distill,79,False,22,-3.5373878479003906,8.83128833770752
R1-Distill,79,False,23,-4.310474395751953,14.067081451416016
R1-Distill,79,False,24,-5.313061237335205,19.559001922607422
R1-Distill,79,False,25,-7.892500877380371,29.955928802490234
R1-Distill,79,False,26,-10.350010871887207,41.76690673828125
R1-Distill,79,False,27,-11.102867126464844,55.896141052246094
R1-Distill,79,False,28,-3.0831923484802246,0.9207857251167297
R1-Distill,80,False,0,-0.9034844040870667,-10.595376968383789
R1-Distill,80,False,1,-1.050626516342163,-10.48260498046875
R1-Distill,80,False,2,-0.9964098930358887,-10.38065242767334
R1-Distill,80,False,3,-1.1687281131744385,-10.244607925415039
R1-Distill,80,False,4,-0.9776484966278076,-9.953082084655762
R1-Distill,80,False,5,-0.9587678909301758,-9.699207305908203
R1-Distill,80,False,6,-0.9883819818496704,-9.675086975097656
R1-Distill,80,False,7,-1.0147759914398193,-9.7296142578125
R1-Distill,80,False,8,-0.5656572580337524,-9.264688491821289
R1-Distill,80,False,9,-0.6860437393188477,-9.474786758422852
R1-Distill,80,False,10,-0.6629918217658997,-9.143400192260742
R1-Distill,80,False,11,-0.41694414615631104,-8.503759384155273
R1-Distill,80,False,12,-0.40444180369377136,-8.445405960083008
R1-Distill,80,False,13,-0.40993499755859375,-8.033141136169434
R1-Distill,80,False,14,0.06766584515571594,-8.17481803894043
R1-Distill,80,False,15,0.010631054639816284,-8.013642311096191
R1-Distill,80,False,16,0.7337509989738464,-7.165036201477051
R1-Distill,80,False,17,0.473186194896698,-5.992861747741699
R1-Distill,80,False,18,0.6191949844360352,-4.604077339172363
R1-Distill,80,False,19,0.8895090818405151,-3.6681642532348633
R1-Distill,80,False,20,1.0617691278457642,-1.3841376304626465
R1-Distill,80,False,21,0.4800940155982971,3.122299909591675
R1-Distill,80,False,22,0.0004203319549560547,10.87557601928711
R1-Distill,80,False,23,0.5428793430328369,17.856487274169922
R1-Distill,80,False,24,-0.0671813040971756,23.666475296020508
R1-Distill,80,False,25,-1.3535999059677124,35.796180725097656
R1-Distill,80,False,26,-2.9159817695617676,49.521385192871094
R1-Distill,80,False,27,-2.464336395263672,66.68907165527344
R1-Distill,80,False,28,-1.3821828365325928,0.7936726808547974
R1-Distill,81,False,0,-0.9147118926048279,-10.59338092803955
R1-Distill,81,False,1,-1.1468021869659424,-10.599600791931152
R1-Distill,81,False,2,-1.1227872371673584,-10.555831909179688
R1-Distill,81,False,3,-1.2161891460418701,-10.314834594726562
R1-Distill,81,False,4,-0.8779610395431519,-10.139829635620117
R1-Distill,81,False,5,-1.083662748336792,-9.802871704101562
R1-Distill,81,False,6,-1.1093204021453857,-9.859100341796875
R1-Distill,81,False,7,-1.1152137517929077,-9.747884750366211
R1-Distill,81,False,8,-1.0359704494476318,-9.414854049682617
R1-Distill,81,False,9,-0.8780199289321899,-9.656553268432617
R1-Distill,81,False,10,-0.9645096063613892,-9.264066696166992
R1-Distill,81,False,11,-0.8456736207008362,-8.695025444030762
R1-Distill,81,False,12,-1.2765032052993774,-8.082491874694824
R1-Distill,81,False,13,-1.173264503479004,-7.731328010559082
R1-Distill,81,False,14,-0.6908029317855835,-8.031461715698242
R1-Distill,81,False,15,-1.0216399431228638,-7.826601028442383
R1-Distill,81,False,16,-0.6558201313018799,-6.644256591796875
R1-Distill,81,False,17,-0.900485634803772,-5.6747236251831055
R1-Distill,81,False,18,-1.0586025714874268,-4.36735200881958
R1-Distill,81,False,19,-1.0120068788528442,-3.395587921142578
R1-Distill,81,False,20,-0.4125947952270508,-1.0967063903808594
R1-Distill,81,False,21,-0.19542637467384338,3.784733772277832
R1-Distill,81,False,22,-0.3382956385612488,11.463254928588867
R1-Distill,81,False,23,0.9583868384361267,18.393705368041992
R1-Distill,81,False,24,0.8099479675292969,24.742713928222656
R1-Distill,81,False,25,-0.884056568145752,35.617652893066406
R1-Distill,81,False,26,-2.56130313873291,49.597023010253906
R1-Distill,81,False,27,-1.0986393690109253,66.92042541503906
R1-Distill,81,False,28,-1.043365240097046,0.7281231880187988
R1-Distill,82,True,0,-0.9076375365257263,-10.59659194946289
R1-Distill,82,True,1,-0.9700707197189331,-10.487640380859375
R1-Distill,82,True,2,-0.7563393115997314,-10.285961151123047
R1-Distill,82,True,3,-0.7186670899391174,-10.24778938293457
R1-Distill,82,True,4,-0.4749412536621094,-10.138145446777344
R1-Distill,82,True,5,-0.37716352939605713,-9.931163787841797
R1-Distill,82,True,6,-0.27196377515792847,-9.814718246459961
R1-Distill,82,True,7,-0.1597839742898941,-9.925689697265625
R1-Distill,82,True,8,0.16287043690681458,-9.406059265136719
R1-Distill,82,True,9,0.07971681654453278,-9.5895357131958
R1-Distill,82,True,10,-0.028814196586608887,-9.233436584472656
R1-Distill,82,True,11,0.25819164514541626,-8.767768859863281
R1-Distill,82,True,12,0.14429336786270142,-8.424626350402832
R1-Distill,82,True,13,0.2010856717824936,-7.84258508682251
R1-Distill,82,True,14,0.5152053236961365,-7.969169616699219
R1-Distill,82,True,15,0.6723062992095947,-8.047754287719727
R1-Distill,82,True,16,1.2430130243301392,-7.3172454833984375
R1-Distill,82,True,17,1.2886018753051758,-6.510882377624512
R1-Distill,82,True,18,1.2211867570877075,-5.007399082183838
R1-Distill,82,True,19,1.7518432140350342,-4.392435073852539
R1-Distill,82,True,20,2.7443809509277344,-2.4217238426208496
R1-Distill,82,True,21,3.325674295425415,2.135099411010742
R1-Distill,82,True,22,3.70251202583313,9.630634307861328
R1-Distill,82,True,23,6.0598649978637695,16.142131805419922
R1-Distill,82,True,24,6.225177764892578,23.03545379638672
R1-Distill,82,True,25,6.615317344665527,34.2748908996582
R1-Distill,82,True,26,5.7906670570373535,48.443145751953125
R1-Distill,82,True,27,7.360090255737305,64.78752136230469
R1-Distill,82,True,28,-0.20443379878997803,-0.1775621771812439
R1-Distill,83,True,0,-0.8973864316940308,-10.596806526184082
R1-Distill,83,True,1,-0.3883427083492279,-10.447121620178223
R1-Distill,83,True,2,-0.22463202476501465,-10.37513542175293
R1-Distill,83,True,3,-0.30283692479133606,-10.33230972290039
R1-Distill,83,True,4,0.0658617615699768,-10.093770980834961
R1-Distill,83,True,5,0.12644626200199127,-9.813579559326172
R1-Distill,83,True,6,0.14402249455451965,-9.883681297302246
R1-Distill,83,True,7,0.2571309804916382,-9.91148567199707
R1-Distill,83,True,8,0.5871592164039612,-9.563753128051758
R1-Distill,83,True,9,0.8927422761917114,-9.53770637512207
R1-Distill,83,True,10,1.01126229763031,-9.218579292297363
R1-Distill,83,True,11,1.2894468307495117,-8.765897750854492
R1-Distill,83,True,12,1.242951512336731,-8.416984558105469
R1-Distill,83,True,13,1.4200661182403564,-7.9811859130859375
R1-Distill,83,True,14,1.6062331199645996,-7.948966026306152
R1-Distill,83,True,15,1.7153373956680298,-7.9071221351623535
R1-Distill,83,True,16,2.1607000827789307,-7.155045986175537
R1-Distill,83,True,17,2.565481185913086,-6.166764736175537
R1-Distill,83,True,18,2.6400156021118164,-4.831236362457275
R1-Distill,83,True,19,3.315402030944824,-3.527489423751831
R1-Distill,83,True,20,4.688370704650879,-1.4847925901412964
R1-Distill,83,True,21,6.928252220153809,3.0637919902801514
R1-Distill,83,True,22,7.3737874031066895,10.658567428588867
R1-Distill,83,True,23,10.18435001373291,17.059743881225586
R1-Distill,83,True,24,11.548845291137695,22.766597747802734
R1-Distill,83,True,25,11.38931655883789,34.16375732421875
R1-Distill,83,True,26,10.742805480957031,47.28645324707031
R1-Distill,83,True,27,14.433321952819824,63.89051055908203
R1-Distill,83,True,28,1.5448436737060547,-0.10294964909553528
R1-Distill,84,False,0,-0.8989977836608887,-10.602447509765625
R1-Distill,84,False,1,-0.8119369149208069,-10.547536849975586
R1-Distill,84,False,2,-0.6785021424293518,-10.569766998291016
R1-Distill,84,False,3,-0.4540501832962036,-10.43687915802002
R1-Distill,84,False,4,0.12842756509780884,-10.357712745666504
R1-Distill,84,False,5,0.4238765239715576,-10.123950958251953
R1-Distill,84,False,6,0.34884288907051086,-10.158222198486328
R1-Distill,84,False,7,0.4568111300468445,-10.154958724975586
R1-Distill,84,False,8,0.8116914629936218,-9.704954147338867
R1-Distill,84,False,9,1.2253199815750122,-9.740669250488281
R1-Distill,84,False,10,1.790628433227539,-9.627372741699219
R1-Distill,84,False,11,2.281902313232422,-9.050058364868164
R1-Distill,84,False,12,2.8230910301208496,-8.906815528869629
R1-Distill,84,False,13,2.709986925125122,-8.30895709991455
R1-Distill,84,False,14,2.9829049110412598,-8.231660842895508
R1-Distill,84,False,15,2.9051673412323,-8.136274337768555
R1-Distill,84,False,16,3.951023817062378,-7.553013801574707
R1-Distill,84,False,17,4.170370101928711,-6.94224214553833
R1-Distill,84,False,18,4.927021026611328,-5.594463348388672
R1-Distill,84,False,19,5.4704694747924805,-4.755366325378418
R1-Distill,84,False,20,7.468928813934326,-2.332761764526367
R1-Distill,84,False,21,9.168472290039062,1.895275354385376
R1-Distill,84,False,22,11.096830368041992,9.100265502929688
R1-Distill,84,False,23,12.670392990112305,15.385412216186523
R1-Distill,84,False,24,13.227025985717773,21.18098258972168
R1-Distill,84,False,25,14.869027137756348,32.292694091796875
R1-Distill,84,False,26,15.225461959838867,43.073978424072266
R1-Distill,84,False,27,15.551756858825684,57.703697204589844
R1-Distill,84,False,28,0.9978291988372803,-0.6527584791183472
R1-Distill,85,False,0,-0.899744987487793,-10.605398178100586
R1-Distill,85,False,1,-1.2052791118621826,-10.58973503112793
R1-Distill,85,False,2,-1.1639645099639893,-10.549179077148438
R1-Distill,85,False,3,-1.2833763360977173,-10.53626537322998
R1-Distill,85,False,4,-1.17315673828125,-10.186226844787598
R1-Distill,85,False,5,-1.6099884510040283,-10.076888084411621
R1-Distill,85,False,6,-1.6341562271118164,-9.954694747924805
R1-Distill,85,False,7,-1.4660522937774658,-10.186634063720703
R1-Distill,85,False,8,-0.9895181655883789,-10.088314056396484
R1-Distill,85,False,9,-1.2340350151062012,-10.076000213623047
R1-Distill,85,False,10,-1.4223848581314087,-9.96959114074707
R1-Distill,85,False,11,-0.8549524545669556,-9.154298782348633
R1-Distill,85,False,12,-1.1916954517364502,-9.083672523498535
R1-Distill,85,False,13,-1.2295701503753662,-8.515453338623047
R1-Distill,85,False,14,-1.1541153192520142,-8.933058738708496
R1-Distill,85,False,15,-1.1327388286590576,-9.0414400100708
R1-Distill,85,False,16,-0.8853219747543335,-8.793834686279297
R1-Distill,85,False,17,-1.1652424335479736,-8.301036834716797
R1-Distill,85,False,18,-1.9243605136871338,-6.938694000244141
R1-Distill,85,False,19,-1.9367464780807495,-6.081575393676758
R1-Distill,85,False,20,-2.3397104740142822,-4.273519039154053
R1-Distill,85,False,21,-3.2831344604492188,-0.7551547884941101
R1-Distill,85,False,22,-4.81454610824585,5.2664361000061035
R1-Distill,85,False,23,-4.652769088745117,11.463979721069336
R1-Distill,85,False,24,-6.142116546630859,16.260801315307617
R1-Distill,85,False,25,-10.227556228637695,27.507644653320312
R1-Distill,85,False,26,-12.880078315734863,38.86974334716797
R1-Distill,85,False,27,-12.678679466247559,51.622093200683594
R1-Distill,85,False,28,-3.1218340396881104,-0.8679693937301636
R1-Distill,86,True,0,-0.897908091545105,-10.603538513183594
R1-Distill,86,True,1,-0.9608476161956787,-10.487964630126953
R1-Distill,86,True,2,-0.8721565008163452,-10.209864616394043
R1-Distill,86,True,3,-1.0020062923431396,-10.2176513671875
R1-Distill,86,True,4,-0.6926975846290588,-9.960960388183594
R1-Distill,86,True,5,-0.6932201385498047,-9.7254638671875
R1-Distill,86,True,6,-0.484792023897171,-9.732099533081055
R1-Distill,86,True,7,-0.5772014856338501,-9.732336044311523
R1-Distill,86,True,8,-0.1724340319633484,-9.424760818481445
R1-Distill,86,True,9,-0.24794235825538635,-9.200028419494629
R1-Distill,86,True,10,-0.13353759050369263,-9.035964965820312
R1-Distill,86,True,11,-0.13253141939640045,-8.557140350341797
R1-Distill,86,True,12,-0.12110021710395813,-8.226195335388184
R1-Distill,86,True,13,-0.28354793787002563,-7.570402145385742
R1-Distill,86,True,14,-0.2339094579219818,-7.661378860473633
R1-Distill,86,True,15,-0.2522779703140259,-7.783316612243652
R1-Distill,86,True,16,0.2657654881477356,-7.227691650390625
R1-Distill,86,True,17,-0.0594242662191391,-6.13691520690918
R1-Distill,86,True,18,0.07219073176383972,-4.651206970214844
R1-Distill,86,True,19,0.34548553824424744,-3.6322526931762695
R1-Distill,86,True,20,0.7777153253555298,-1.0761282444000244
R1-Distill,86,True,21,2.9074325561523438,2.500303030014038
R1-Distill,86,True,22,3.290302038192749,9.511483192443848
R1-Distill,86,True,23,4.161056995391846,15.561473846435547
R1-Distill,86,True,24,5.053804874420166,19.70403480529785
R1-Distill,86,True,25,5.128958702087402,29.85260772705078
R1-Distill,86,True,26,4.449798107147217,42.30823516845703
R1-Distill,86,True,27,6.739923477172852,57.42383575439453
R1-Distill,86,True,28,0.41889697313308716,-0.8592862486839294
R1-Distill,87,False,0,-0.9081785678863525,-10.602642059326172
R1-Distill,87,False,1,-1.2627043724060059,-10.614450454711914
R1-Distill,87,False,2,-1.308206558227539,-10.579290390014648
R1-Distill,87,False,3,-1.6464570760726929,-10.427093505859375
R1-Distill,87,False,4,-1.667433500289917,-10.074830055236816
R1-Distill,87,False,5,-2.1137287616729736,-9.750450134277344
R1-Distill,87,False,6,-2.0420725345611572,-9.78278923034668
R1-Distill,87,False,7,-2.044306755065918,-9.877677917480469
R1-Distill,87,False,8,-1.9986083507537842,-9.494035720825195
R1-Distill,87,False,9,-2.145338296890259,-9.539775848388672
R1-Distill,87,False,10,-2.2960288524627686,-9.112110137939453
R1-Distill,87,False,11,-2.4331982135772705,-8.682214736938477
R1-Distill,87,False,12,-3.0517144203186035,-8.37093734741211
R1-Distill,87,False,13,-3.0090582370758057,-8.040929794311523
R1-Distill,87,False,14,-2.8450136184692383,-8.162293434143066
R1-Distill,87,False,15,-3.200202465057373,-8.217883110046387
R1-Distill,87,False,16,-3.341304302215576,-7.754741668701172
R1-Distill,87,False,17,-3.7069740295410156,-7.009748458862305
R1-Distill,87,False,18,-4.037021160125732,-6.069875717163086
R1-Distill,87,False,19,-4.374443054199219,-5.276486396789551
R1-Distill,87,False,20,-4.651620864868164,-3.425792694091797
R1-Distill,87,False,21,-5.801791667938232,1.028206706047058
R1-Distill,87,False,22,-7.328866004943848,7.242245674133301
R1-Distill,87,False,23,-7.2420244216918945,13.477054595947266
R1-Distill,87,False,24,-6.640336990356445,18.670557022094727
R1-Distill,87,False,25,-8.952594757080078,28.809223175048828
R1-Distill,87,False,26,-10.234180450439453,40.982730865478516
R1-Distill,87,False,27,-10.199203491210938,56.677330017089844
R1-Distill,87,False,28,-3.1841249465942383,0.056051045656204224
R1-Distill,88,True,0,-0.906721293926239,-10.600820541381836
R1-Distill,88,True,1,-0.7279192209243774,-10.56834602355957
R1-Distill,88,True,2,-0.7480164170265198,-10.441957473754883
R1-Distill,88,True,3,-0.4477953612804413,-10.372236251831055
R1-Distill,88,True,4,0.176507830619812,-10.270143508911133
R1-Distill,88,True,5,0.07002228498458862,-10.010931968688965
R1-Distill,88,True,6,0.2028420865535736,-10.029153823852539
R1-Distill,88,True,7,0.08834726363420486,-10.122628211975098
R1-Distill,88,True,8,0.4952806532382965,-9.621463775634766
R1-Distill,88,True,9,0.7977349758148193,-9.6621732711792
R1-Distill,88,True,10,1.0378893613815308,-9.272502899169922
R1-Distill,88,True,11,1.7314233779907227,-8.744438171386719
R1-Distill,88,True,12,2.238678216934204,-8.563316345214844
R1-Distill,88,True,13,2.0902087688446045,-8.007001876831055
R1-Distill,88,True,14,2.3705358505249023,-7.87899923324585
R1-Distill,88,True,15,2.6587414741516113,-7.805877685546875
R1-Distill,88,True,16,3.6004703044891357,-6.983199119567871
R1-Distill,88,True,17,3.8300745487213135,-5.947511196136475
R1-Distill,88,True,18,4.359509468078613,-4.773656368255615
R1-Distill,88,True,19,5.194766044616699,-3.759030818939209
R1-Distill,88,True,20,6.713068962097168,-1.3636451959609985
R1-Distill,88,True,21,8.713102340698242,2.7361106872558594
R1-Distill,88,True,22,9.805974960327148,10.543319702148438
R1-Distill,88,True,23,11.96390438079834,17.66187858581543
R1-Distill,88,True,24,13.997867584228516,23.722309112548828
R1-Distill,88,True,25,14.294596672058105,35.79114532470703
R1-Distill,88,True,26,14.825852394104004,47.71220779418945
R1-Distill,88,True,27,17.071884155273438,66.04052734375
R1-Distill,88,True,28,1.5521326065063477,-0.10830560326576233
R1-Distill,89,False,0,-0.9055013656616211,-10.592446327209473
R1-Distill,89,False,1,-1.0218054056167603,-10.611654281616211
R1-Distill,89,False,2,-1.0146750211715698,-10.519131660461426
R1-Distill,89,False,3,-1.0740115642547607,-10.467897415161133
R1-Distill,89,False,4,-0.8155088424682617,-10.277027130126953
R1-Distill,89,False,5,-0.9122908115386963,-9.907398223876953
R1-Distill,89,False,6,-0.9660540819168091,-10.097627639770508
R1-Distill,89,False,7,-1.1403945684432983,-10.096948623657227
R1-Distill,89,False,8,-0.6902403235435486,-9.867959976196289
R1-Distill,89,False,9,-0.7615192532539368,-9.80762767791748
R1-Distill,89,False,10,-0.5204151272773743,-9.343894004821777
R1-Distill,89,False,11,-0.29979389905929565,-8.971776962280273
R1-Distill,89,False,12,-0.1544962376356125,-8.895437240600586
R1-Distill,89,False,13,-0.3187842071056366,-8.434680938720703
R1-Distill,89,False,14,-0.03714573010802269,-8.431097030639648
R1-Distill,89,False,15,-0.16324928402900696,-8.30394172668457
R1-Distill,89,False,16,0.3086601495742798,-7.8939056396484375
R1-Distill,89,False,17,0.3549876809120178,-7.254270553588867
R1-Distill,89,False,18,0.43498408794403076,-5.608547687530518
R1-Distill,89,False,19,0.46013471484184265,-4.37933874130249
R1-Distill,89,False,20,0.9626688361167908,-1.9336063861846924
R1-Distill,89,False,21,1.775559425354004,1.9291353225708008
R1-Distill,89,False,22,2.58840274810791,9.844820022583008
R1-Distill,89,False,23,3.617051124572754,17.241430282592773
R1-Distill,89,False,24,4.549516201019287,23.93044662475586
R1-Distill,89,False,25,3.75720477104187,35.906341552734375
R1-Distill,89,False,26,2.101113796234131,48.52479553222656
R1-Distill,89,False,27,3.796494960784912,65.29719543457031
R1-Distill,89,False,28,-0.424594521522522,0.7385632395744324
R1-Distill,90,False,0,-0.912002682685852,-10.595537185668945
R1-Distill,90,False,1,-1.3446375131607056,-10.375442504882812
R1-Distill,90,False,2,-1.3873066902160645,-10.201313018798828
R1-Distill,90,False,3,-1.4336738586425781,-10.10146713256836
R1-Distill,90,False,4,-1.0428740978240967,-9.644417762756348
R1-Distill,90,False,5,-1.2335422039031982,-9.136468887329102
R1-Distill,90,False,6,-1.2411472797393799,-9.2988920211792
R1-Distill,90,False,7,-1.2457010746002197,-9.632345199584961
R1-Distill,90,False,8,-0.8871625661849976,-9.412605285644531
R1-Distill,90,False,9,-0.6179300546646118,-9.364908218383789
R1-Distill,90,False,10,-0.23324379324913025,-8.864748001098633
R1-Distill,90,False,11,0.1611180156469345,-8.25065803527832
R1-Distill,90,False,12,0.029012084007263184,-7.990387439727783
R1-Distill,90,False,13,0.1417941302061081,-7.357715606689453
R1-Distill,90,False,14,0.44731855392456055,-7.384469985961914
R1-Distill,90,False,15,0.7840795516967773,-7.25386905670166
R1-Distill,90,False,16,1.6721875667572021,-6.600717544555664
R1-Distill,90,False,17,1.9330092668533325,-5.4548797607421875
R1-Distill,90,False,18,2.20245361328125,-3.7703521251678467
R1-Distill,90,False,19,3.507471799850464,-2.443807601928711
R1-Distill,90,False,20,4.8136067390441895,0.4050419330596924
R1-Distill,90,False,21,5.435235023498535,5.137027740478516
R1-Distill,90,False,22,6.069258689880371,13.56079387664795
R1-Distill,90,False,23,6.724006652832031,20.94130516052246
R1-Distill,90,False,24,5.581012725830078,27.731534957885742
R1-Distill,90,False,25,4.082948684692383,41.080421447753906
R1-Distill,90,False,26,3.2311296463012695,54.55110168457031
R1-Distill,90,False,27,3.481534004211426,73.71232604980469
R1-Distill,90,False,28,-0.6671274900436401,1.1205402612686157
R1-Distill,91,True,0,-0.9018908143043518,-10.599668502807617
R1-Distill,91,True,1,-1.0938465595245361,-10.501343727111816
R1-Distill,91,True,2,-1.1601121425628662,-10.436525344848633
R1-Distill,91,True,3,-1.2607100009918213,-10.380270004272461
R1-Distill,91,True,4,-0.9449520707130432,-10.282038688659668
R1-Distill,91,True,5,-0.9743467569351196,-9.894807815551758
R1-Distill,91,True,6,-1.0329959392547607,-9.866615295410156
R1-Distill,91,True,7,-0.8298784494400024,-9.79677963256836
R1-Distill,91,True,8,-0.5636273622512817,-9.273650169372559
R1-Distill,91,True,9,-0.4630703628063202,-9.523221969604492
R1-Distill,91,True,10,-0.34575843811035156,-9.21811294555664
R1-Distill,91,True,11,-0.023423008620738983,-8.745756149291992
R1-Distill,91,True,12,0.013103209435939789,-8.493608474731445
R1-Distill,91,True,13,-0.1544904261827469,-7.904355049133301
R1-Distill,91,True,14,0.593044102191925,-8.041372299194336
R1-Distill,91,True,15,0.5069505572319031,-8.04423713684082
R1-Distill,91,True,16,0.7456544637680054,-7.281205654144287
R1-Distill,91,True,17,0.6526236534118652,-6.380825519561768
R1-Distill,91,True,18,0.19542419910430908,-5.166488170623779
R1-Distill,91,True,19,0.7423279285430908,-4.092937469482422
R1-Distill,91,True,20,1.2248928546905518,-2.2865161895751953
R1-Distill,91,True,21,2.5930516719818115,2.362485647201538
R1-Distill,91,True,22,2.724453926086426,9.581489562988281
R1-Distill,91,True,23,4.535080432891846,15.177486419677734
R1-Distill,91,True,24,5.748941421508789,20.37436294555664
R1-Distill,91,True,25,4.467329978942871,29.934484481811523
R1-Distill,91,True,26,3.5195703506469727,42.17887878417969
R1-Distill,91,True,27,6.222323417663574,58.53175735473633
R1-Distill,91,True,28,0.16375863552093506,-0.9912673830986023
R1-Distill,92,False,0,-0.9066392183303833,-10.596399307250977
R1-Distill,92,False,1,-1.192996859550476,-10.602214813232422
R1-Distill,92,False,2,-1.2261812686920166,-10.627456665039062
R1-Distill,92,False,3,-1.3433589935302734,-10.604360580444336
R1-Distill,92,False,4,-1.124959111213684,-10.434335708618164
R1-Distill,92,False,5,-1.444244384765625,-10.172140121459961
R1-Distill,92,False,6,-1.3431780338287354,-10.42135238647461
R1-Distill,92,False,7,-1.1040005683898926,-10.466331481933594
R1-Distill,92,False,8,-1.145730972290039,-9.90537166595459
R1-Distill,92,False,9,-1.4532212018966675,-9.907466888427734
R1-Distill,92,False,10,-1.5752336978912354,-9.519064903259277
R1-Distill,92,False,11,-1.5824027061462402,-9.118931770324707
R1-Distill,92,False,12,-1.8203248977661133,-9.182219505310059
R1-Distill,92,False,13,-1.7933108806610107,-8.6126708984375
R1-Distill,92,False,14,-1.6649692058563232,-8.655078887939453
R1-Distill,92,False,15,-1.8956027030944824,-8.687080383300781
R1-Distill,92,False,16,-2.0269885063171387,-8.068172454833984
R1-Distill,92,False,17,-2.4207515716552734,-7.504196643829346
R1-Distill,92,False,18,-2.685922145843506,-6.135517120361328
R1-Distill,92,False,19,-2.7341833114624023,-5.196529865264893
R1-Distill,92,False,20,-2.3002490997314453,-3.2185943126678467
R1-Distill,92,False,21,-3.279905319213867,0.9868077635765076
R1-Distill,92,False,22,-4.629053115844727,7.658294200897217
R1-Distill,92,False,23,-3.8996713161468506,13.191010475158691
R1-Distill,92,False,24,-4.506716251373291,18.332489013671875
R1-Distill,92,False,25,-7.449450492858887,28.675724029541016
R1-Distill,92,False,26,-8.725664138793945,40.748443603515625
R1-Distill,92,False,27,-8.852617263793945,57.026939392089844
R1-Distill,92,False,28,-2.183830738067627,-0.21525976061820984
R1-Distill,93,False,0,-0.9160010814666748,-10.600732803344727
R1-Distill,93,False,1,-1.2067021131515503,-10.61479377746582
R1-Distill,93,False,2,-1.2496552467346191,-10.560277938842773
R1-Distill,93,False,3,-1.4924180507659912,-10.444143295288086
R1-Distill,93,False,4,-1.5095900297164917,-10.403305053710938
R1-Distill,93,False,5,-1.5154505968093872,-10.073736190795898
R1-Distill,93,False,6,-1.56039297580719,-9.974534034729004
R1-Distill,93,False,7,-1.5508813858032227,-10.137633323669434
R1-Distill,93,False,8,-1.6402186155319214,-9.953746795654297
R1-Distill,93,False,9,-1.9247798919677734,-9.980860710144043
R1-Distill,93,False,10,-2.142652988433838,-9.585060119628906
R1-Distill,93,False,11,-2.081873655319214,-9.482038497924805
R1-Distill,93,False,12,-2.5406293869018555,-9.380995750427246
R1-Distill,93,False,13,-2.5755043029785156,-8.912391662597656
R1-Distill,93,False,14,-2.4669694900512695,-9.007366180419922
R1-Distill,93,False,15,-2.523024559020996,-9.134756088256836
R1-Distill,93,False,16,-2.6254944801330566,-8.745750427246094
R1-Distill,93,False,17,-3.1473212242126465,-8.06805419921875
R1-Distill,93,False,18,-3.881087064743042,-6.929197788238525
R1-Distill,93,False,19,-4.128150939941406,-6.385674476623535
R1-Distill,93,False,20,-4.2669854164123535,-4.6577863693237305
R1-Distill,93,False,21,-5.043153762817383,-1.1284199953079224
R1-Distill,93,False,22,-7.544472694396973,5.482224464416504
R1-Distill,93,False,23,-8.617713928222656,11.339133262634277
R1-Distill,93,False,24,-9.488292694091797,15.389644622802734
R1-Distill,93,False,25,-14.273544311523438,24.472030639648438
R1-Distill,93,False,26,-16.10854148864746,34.93339920043945
R1-Distill,93,False,27,-19.22856903076172,50.38903045654297
R1-Distill,93,False,28,-4.375179767608643,-2.1594319343566895
R1-Distill,94,True,0,-0.8907895088195801,-10.605611801147461
R1-Distill,94,True,1,-0.7685840725898743,-10.673108100891113
R1-Distill,94,True,2,-0.6600553393363953,-10.606657981872559
R1-Distill,94,True,3,-0.6642383337020874,-10.542442321777344
R1-Distill,94,True,4,-0.3213790953159332,-10.316545486450195
R1-Distill,94,True,5,-0.046832479536533356,-10.013904571533203
R1-Distill,94,True,6,-0.3064212203025818,-10.023442268371582
R1-Distill,94,True,7,-0.151408389210701,-9.998530387878418
R1-Distill,94,True,8,0.07248754054307938,-9.528783798217773
R1-Distill,94,True,9,0.18123655021190643,-9.70594596862793
R1-Distill,94,True,10,-0.03216990828514099,-9.49362850189209
R1-Distill,94,True,11,0.3477279543876648,-9.18441104888916
R1-Distill,94,True,12,0.2752283215522766,-8.686193466186523
R1-Distill,94,True,13,0.10649734735488892,-8.302270889282227
R1-Distill,94,True,14,0.16067799925804138,-8.193705558776855
R1-Distill,94,True,15,0.189317986369133,-8.211068153381348
R1-Distill,94,True,16,0.7405805587768555,-7.4607930183410645
R1-Distill,94,True,17,0.5068479180335999,-6.708110809326172
R1-Distill,94,True,18,0.4435873329639435,-5.767989158630371
R1-Distill,94,True,19,1.055295705795288,-5.227823257446289
R1-Distill,94,True,20,1.33726167678833,-3.359156608581543
R1-Distill,94,True,21,2.99444580078125,0.5793147683143616
R1-Distill,94,True,22,2.5607728958129883,6.853729248046875
R1-Distill,94,True,23,4.7505998611450195,12.857681274414062
R1-Distill,94,True,24,6.330723762512207,18.427722930908203
R1-Distill,94,True,25,6.244048595428467,28.035232543945312
R1-Distill,94,True,26,6.414121627807617,40.189788818359375
R1-Distill,94,True,27,8.606273651123047,54.847740173339844
R1-Distill,94,True,28,1.0276281833648682,-0.9723876714706421
R1-Distill,95,False,0,-0.9086886644363403,-10.599966049194336
R1-Distill,95,False,1,-0.9187881946563721,-10.675300598144531
R1-Distill,95,False,2,-0.8061710000038147,-10.59251594543457
R1-Distill,95,False,3,-0.8727594614028931,-10.445793151855469
R1-Distill,95,False,4,-0.614429235458374,-10.230042457580566
R1-Distill,95,False,5,-0.33503109216690063,-9.998529434204102
R1-Distill,95,False,6,-0.544485330581665,-10.023233413696289
R1-Distill,95,False,7,-0.6393841505050659,-10.04867935180664
R1-Distill,95,False,8,-0.3453785181045532,-9.614906311035156
R1-Distill,95,False,9,-0.3153003752231598,-9.74106216430664
R1-Distill,95,False,10,-0.42517757415771484,-9.46139144897461
R1-Distill,95,False,11,-0.16271603107452393,-8.909912109375
R1-Distill,95,False,12,-0.40532514452934265,-8.733891487121582
R1-Distill,95,False,13,-0.4948078691959381,-8.329385757446289
R1-Distill,95,False,14,-0.05352836847305298,-8.43574333190918
R1-Distill,95,False,15,-0.18893608450889587,-8.189802169799805
R1-Distill,95,False,16,0.05765697360038757,-7.530813217163086
R1-Distill,95,False,17,0.21051380038261414,-6.485718727111816
R1-Distill,95,False,18,0.23201823234558105,-5.3453569412231445
R1-Distill,95,False,19,0.5059159398078918,-4.4032087326049805
R1-Distill,95,False,20,1.0563138723373413,-2.2228682041168213
R1-Distill,95,False,21,1.7949438095092773,1.3194774389266968
R1-Distill,95,False,22,2.30039119720459,7.324085235595703
R1-Distill,95,False,23,3.5122647285461426,13.402278900146484
R1-Distill,95,False,24,4.490074157714844,18.953754425048828
R1-Distill,95,False,25,3.8830459117889404,28.25665283203125
R1-Distill,95,False,26,2.934019088745117,39.92747497558594
R1-Distill,95,False,27,3.928380012512207,55.517662048339844
R1-Distill,95,False,28,-0.66690593957901,-1.008003830909729
R1-Distill,96,True,0,-0.8833021521568298,-10.595748901367188
R1-Distill,96,True,1,-0.12135830521583557,-10.4743013381958
R1-Distill,96,True,2,0.20233362913131714,-10.397661209106445
R1-Distill,96,True,3,0.5741419196128845,-10.340895652770996
R1-Distill,96,True,4,1.2056303024291992,-10.294294357299805
R1-Distill,96,True,5,1.5426733493804932,-9.994518280029297
R1-Distill,96,True,6,1.444309949874878,-10.113885879516602
R1-Distill,96,True,7,1.4792063236236572,-9.970621109008789
R1-Distill,96,True,8,2.118764877319336,-9.58100700378418
R1-Distill,96,True,9,2.3160359859466553,-9.425769805908203
R1-Distill,96,True,10,2.815659999847412,-9.243206024169922
R1-Distill,96,True,11,3.145536422729492,-8.617860794067383
R1-Distill,96,True,12,3.994370460510254,-8.78745174407959
R1-Distill,96,True,13,3.9531807899475098,-8.098969459533691
R1-Distill,96,True,14,4.642126560211182,-8.321096420288086
R1-Distill,96,True,15,5.007943630218506,-8.329350471496582
R1-Distill,96,True,16,5.89383602142334,-7.57022762298584
R1-Distill,96,True,17,6.333155155181885,-7.0427021980285645
R1-Distill,96,True,18,7.457400321960449,-5.851321220397949
R1-Distill,96,True,19,8.654470443725586,-4.551393508911133
R1-Distill,96,True,20,11.440984725952148,-2.166639804840088
R1-Distill,96,True,21,13.931339263916016,2.149425983428955
R1-Distill,96,True,22,16.54220962524414,9.669099807739258
R1-Distill,96,True,23,17.963943481445312,15.812116622924805
R1-Distill,96,True,24,19.13908576965332,22.858821868896484
R1-Distill,96,True,25,21.42845916748047,35.280860900878906
R1-Distill,96,True,26,22.40196990966797,46.460235595703125
R1-Distill,96,True,27,24.971149444580078,62.607574462890625
R1-Distill,96,True,28,3.0761075019836426,0.9800494909286499
R1-Distill,97,False,0,-0.90061354637146,-10.600351333618164
R1-Distill,97,False,1,-1.3672523498535156,-10.431331634521484
R1-Distill,97,False,2,-1.4774861335754395,-10.343408584594727
R1-Distill,97,False,3,-1.6919398307800293,-10.338920593261719
R1-Distill,97,False,4,-1.699318766593933,-10.052532196044922
R1-Distill,97,False,5,-1.8925793170928955,-9.821457862854004
R1-Distill,97,False,6,-1.8567521572113037,-9.870994567871094
R1-Distill,97,False,7,-1.9784340858459473,-9.85477066040039
R1-Distill,97,False,8,-1.9591307640075684,-9.426405906677246
R1-Distill,97,False,9,-2.2298808097839355,-9.541105270385742
R1-Distill,97,False,10,-2.5601348876953125,-9.140318870544434
R1-Distill,97,False,11,-2.692477226257324,-8.891554832458496
R1-Distill,97,False,12,-3.1028523445129395,-8.682111740112305
R1-Distill,97,False,13,-3.1771769523620605,-8.149848937988281
R1-Distill,97,False,14,-3.044799327850342,-8.283859252929688
R1-Distill,97,False,15,-3.2793378829956055,-8.311954498291016
R1-Distill,97,False,16,-3.4631192684173584,-7.912783622741699
R1-Distill,97,False,17,-4.174526214599609,-6.9594879150390625
R1-Distill,97,False,18,-4.96178674697876,-5.789073944091797
R1-Distill,97,False,19,-5.3474626541137695,-4.711651802062988
R1-Distill,97,False,20,-6.214454174041748,-3.1758947372436523
R1-Distill,97,False,21,-8.091839790344238,0.49649327993392944
R1-Distill,97,False,22,-9.937501907348633,6.58328914642334
R1-Distill,97,False,23,-10.652473449707031,12.061152458190918
R1-Distill,97,False,24,-10.193933486938477,16.832082748413086
R1-Distill,97,False,25,-15.20270824432373,26.19646453857422
R1-Distill,97,False,26,-18.35614776611328,38.42129135131836
R1-Distill,97,False,27,-19.104305267333984,51.829986572265625
R1-Distill,97,False,28,-3.223320245742798,-1.5733017921447754
R1-Distill,98,False,0,-0.9028152227401733,-10.60236930847168
R1-Distill,98,False,1,-1.2065060138702393,-10.536144256591797
R1-Distill,98,False,2,-1.1573662757873535,-10.432530403137207
R1-Distill,98,False,3,-1.3316080570220947,-10.300393104553223
R1-Distill,98,False,4,-1.1302375793457031,-9.89358901977539
R1-Distill,98,False,5,-1.3103554248809814,-9.625783920288086
R1-Distill,98,False,6,-1.4171887636184692,-9.771007537841797
R1-Distill,98,False,7,-1.564854383468628,-9.750935554504395
R1-Distill,98,False,8,-1.4245895147323608,-9.636863708496094
R1-Distill,98,False,9,-1.2105915546417236,-9.569646835327148
R1-Distill,98,False,10,-1.3433918952941895,-9.33292007446289
R1-Distill,98,False,11,-1.201150894165039,-8.933238983154297
R1-Distill,98,False,12,-1.3271135091781616,-8.90725326538086
R1-Distill,98,False,13,-1.7897882461547852,-8.497576713562012
R1-Distill,98,False,14,-1.475266933441162,-8.370502471923828
R1-Distill,98,False,15,-1.645488977432251,-8.291595458984375
R1-Distill,98,False,16,-1.5320708751678467,-7.8290510177612305
R1-Distill,98,False,17,-1.4769864082336426,-7.1435699462890625
R1-Distill,98,False,18,-1.6182268857955933,-6.021839141845703
R1-Distill,98,False,19,-1.7214393615722656,-5.222226619720459
R1-Distill,98,False,20,-1.6613349914550781,-3.333710193634033
R1-Distill,98,False,21,-1.188791036605835,0.13353589177131653
R1-Distill,98,False,22,-1.8297330141067505,6.998507499694824
R1-Distill,98,False,23,-1.6552495956420898,13.205818176269531
R1-Distill,98,False,24,-1.8198988437652588,17.814346313476562
R1-Distill,98,False,25,-3.935148239135742,27.71701431274414
R1-Distill,98,False,26,-4.515137672424316,39.35963821411133
R1-Distill,98,False,27,-6.092516899108887,52.887550354003906
R1-Distill,98,False,28,-2.879554271697998,-1.928265929222107
R1-Distill,99,True,0,-0.9026866555213928,-10.594194412231445
R1-Distill,99,True,1,-0.6147912740707397,-10.458523750305176
R1-Distill,99,True,2,-0.6206653118133545,-10.437398910522461
R1-Distill,99,True,3,-0.5794543623924255,-10.375432014465332
R1-Distill,99,True,4,-0.2871212959289551,-10.179020881652832
R1-Distill,99,True,5,-0.36204424500465393,-9.858646392822266
R1-Distill,99,True,6,-0.3369101285934448,-9.875478744506836
R1-Distill,99,True,7,-0.33069202303886414,-9.932048797607422
R1-Distill,99,True,8,0.10326872020959854,-9.664819717407227
R1-Distill,99,True,9,0.19404961168766022,-9.790278434753418
R1-Distill,99,True,10,0.4191857576370239,-9.255971908569336
R1-Distill,99,True,11,0.7122402191162109,-8.626485824584961
R1-Distill,99,True,12,0.6063961386680603,-8.709351539611816
R1-Distill,99,True,13,0.4972899556159973,-8.286436080932617
R1-Distill,99,True,14,0.9614429473876953,-8.21161937713623
R1-Distill,99,True,15,0.8895360231399536,-8.041559219360352
R1-Distill,99,True,16,1.468533992767334,-7.2668280601501465
R1-Distill,99,True,17,1.8006503582000732,-6.395140171051025
R1-Distill,99,True,18,2.2160487174987793,-5.056009292602539
R1-Distill,99,True,19,2.5138168334960938,-3.9361159801483154
R1-Distill,99,True,20,3.4925143718719482,-2.2217626571655273
R1-Distill,99,True,21,4.919856071472168,2.007132053375244
R1-Distill,99,True,22,5.81594705581665,10.104951858520508
R1-Distill,99,True,23,8.435261726379395,17.508926391601562
R1-Distill,99,True,24,10.918720245361328,24.343589782714844
R1-Distill,99,True,25,10.563016891479492,34.373905181884766
R1-Distill,99,True,26,9.646509170532227,46.832035064697266
R1-Distill,99,True,27,12.850984573364258,64.4183349609375
R1-Distill,99,True,28,0.986412525177002,-0.2809404730796814
